2026-05-08 22:01:15,806 | ERROR | PIPELINE ERROR | MODULE=ARTICLE_PROCESSOR | ERROR='probability'
2026-05-08 22:01:18,642 | ERROR | PIPELINE ERROR | MODULE=ARTICLE_PROCESSOR | ERROR='probability'
2026-05-08 22:01:21,895 | WARNING | ARTICLE REJECTED | REASON=Validated | TITLE=Rising illegal wildlife trade across Himalayan countries threatens the mountain ecosystem - Mongabay-India
2026-05-08 22:01:24,339 | ERROR | PIPELINE ERROR | MODULE=ARTICLE_PROCESSOR | ERROR='probability'
2026-05-08 22:01:28,315 | ERROR | PIPELINE ERROR | MODULE=ARTICLE_PROCESSOR | ERROR='probability'
2026-05-08 22:01:31,919 | WARNING | ARTICLE REJECTED | REASON=Validation failure | TITLE=Workshop in Bagdogra Targets Wildlife Trafficking - Arunachal24
2026-05-08 22:01:34,761 | ERROR | PIPELINE ERROR | MODULE=ARTICLE_PROCESSOR | ERROR='probability'
2026-05-08 22:01:38,197 | ERROR | PIPELINE ERROR | MODULE=ARTICLE_PROCESSOR | ERROR='probability'
2026-05-08 22:01:41,177 | ERROR | PIPELINE ERROR | MODULE=ARTICLE_PROCESSOR | ERROR='probability'
2026-05-08 22:01:44,603 | WARNING | ARTICLE REJECTED | REASON=Validated | TITLE=Outpacing wildlife traffickers through regional action - International Fund for Animal Welfare | IFAW
2026-05-08 22:06:01,530 | INFO | WILDLIFE AI SYSTEM STARTED
2026-05-08 22:06:08,486 | ERROR | PIPELINE ERROR | MODULE=ARTICLE_PROCESSOR | ERROR='probability'
2026-05-08 22:06:11,777 | ERROR | PIPELINE ERROR | MODULE=ARTICLE_PROCESSOR | ERROR='probability'
2026-05-08 22:06:13,925 | WARNING | ARTICLE REJECTED | REASON=Validated | TITLE=Rising illegal wildlife trade across Himalayan countries threatens the mountain ecosystem - Mongabay-India
2026-05-08 22:10:10,498 | INFO | WILDLIFE AI SYSTEM STARTED
2026-05-08 22:10:17,756 | INFO | ML PREDICTION | PREDICTION=crime | CONFIDENCE=50.46 | TITLE=Why NCRB Data Understates Wildlife Crime in India - Frontline Magazine
2026-05-08 22:10:17,865 | INFO | SEMANTIC SCORE | SCORE=56.1 | TITLE=Why NCRB Data Understates Wildlife Crime in India - Frontline Magazine
2026-05-08 22:10:17,867 | WARNING | ARTICLE REJECTED | REASON=Low confidence | TITLE=Why NCRB Data Understates Wildlife Crime in India - Frontline Magazine
2026-05-08 22:10:19,718 | INFO | ML PREDICTION | PREDICTION=other | CONFIDENCE=58.75 | TITLE=Rajasthan strengthens wildlife law enforcement, organises training for forest officials at Rant - WWF India
2026-05-08 22:10:19,785 | INFO | SEMANTIC SCORE | SCORE=48.37 | TITLE=Rajasthan strengthens wildlife law enforcement, organises training for forest officials at Rant - WWF India
2026-05-08 22:10:19,785 | WARNING | ARTICLE REJECTED | REASON=Low confidence | TITLE=Rajasthan strengthens wildlife law enforcement, organises training for forest officials at Rant - WWF India
2026-05-08 22:10:22,994 | WARNING | ARTICLE REJECTED | REASON=Validated | TITLE=Rising illegal wildlife trade across Himalayan countries threatens the mountain ecosystem - Mongabay-India
2026-05-08 22:10:25,515 | INFO | ML PREDICTION | PREDICTION=crime | CONFIDENCE=62.68 | TITLE=First CBI Prosecuted Wildlife Crime Case in India - usthadian.com
2026-05-08 22:10:25,596 | INFO | SEMANTIC SCORE | SCORE=62.72 | TITLE=First CBI Prosecuted Wildlife Crime Case in India - usthadian.com
2026-05-08 22:10:25,598 | WARNING | ARTICLE REJECTED | REASON=Low confidence | TITLE=First CBI Prosecuted Wildlife Crime Case in India - usthadian.com
2026-05-08 22:10:28,710 | INFO | ML PREDICTION | PREDICTION=crime | CONFIDENCE=65.54 | TITLE=State to set up dedicated wildlife crime cell | Mumbai news - Hindustan Times
2026-05-08 22:10:28,810 | INFO | SEMANTIC SCORE | SCORE=46.33 | TITLE=State to set up dedicated wildlife crime cell | Mumbai news - Hindustan Times
2026-05-08 22:10:28,811 | WARNING | ARTICLE REJECTED | REASON=Low confidence | TITLE=State to set up dedicated wildlife crime cell | Mumbai news - Hindustan Times
2026-05-08 22:10:32,703 | WARNING | ARTICLE REJECTED | REASON=Validation failure | TITLE=Workshop in Bagdogra Targets Wildlife Trafficking - Arunachal24
2026-05-08 22:10:35,539 | INFO | ML PREDICTION | PREDICTION=other | CONFIDENCE=70.92 | TITLE=Operation Thunder, Highlights, Trends, Legal Framework - Vajiram & Ravi
2026-05-08 22:10:35,585 | INFO | SEMANTIC SCORE | SCORE=25.72 | TITLE=Operation Thunder, Highlights, Trends, Legal Framework - Vajiram & Ravi
2026-05-08 22:10:35,586 | WARNING | ARTICLE REJECTED | REASON=Low confidence | TITLE=Operation Thunder, Highlights, Trends, Legal Framework - Vajiram & Ravi
2026-05-08 22:10:37,847 | INFO | ML PREDICTION | PREDICTION=crime | CONFIDENCE=63.3 | TITLE=Elephant tusk buried in wall for 4 years, cracks open Chhattisgarh's Gariyaband wildlife crime - The Times of India
2026-05-08 22:10:37,932 | INFO | SEMANTIC SCORE | SCORE=48.18 | TITLE=Elephant tusk buried in wall for 4 years, cracks open Chhattisgarh's Gariyaband wildlife crime - The Times of India
2026-05-08 22:10:37,933 | WARNING | ARTICLE REJECTED | REASON=Low confidence | TITLE=Elephant tusk buried in wall for 4 years, cracks open Chhattisgarh's Gariyaband wildlife crime - The Times of India
2026-05-08 22:10:40,768 | INFO | ML PREDICTION | PREDICTION=other | CONFIDENCE=58.21 | TITLE=Shift of wildlife trafficking to the North East–Myanmar corridor - INSIGHTS IAS
2026-05-08 22:10:40,818 | INFO | SEMANTIC SCORE | SCORE=74.97 | TITLE=Shift of wildlife trafficking to the North East–Myanmar corridor - INSIGHTS IAS
2026-05-08 22:10:40,818 | WARNING | ARTICLE REJECTED | REASON=Low confidence | TITLE=Shift of wildlife trafficking to the North East–Myanmar corridor - INSIGHTS IAS
2026-05-08 22:10:43,854 | WARNING | ARTICLE REJECTED | REASON=Validated | TITLE=Outpacing wildlife traffickers through regional action - International Fund for Animal Welfare | IFAW
2026-05-08 22:10:47,667 | INFO | ML PREDICTION | PREDICTION=crime | CONFIDENCE=72.15 | TITLE=Shahtoosh Trader Convicted in Landmark Wildlife Crime Case spanning 17 years - orissadiary.com
2026-05-08 22:10:47,719 | INFO | SEMANTIC SCORE | SCORE=45.6 | TITLE=Shahtoosh Trader Convicted in Landmark Wildlife Crime Case spanning 17 years - orissadiary.com
2026-05-08 22:10:47,719 | WARNING | ARTICLE REJECTED | REASON=Low confidence | TITLE=Shahtoosh Trader Convicted in Landmark Wildlife Crime Case spanning 17 years - orissadiary.com
2026-05-08 22:10:50,057 | WARNING | ARTICLE REJECTED | REASON=Validated | TITLE=NE border attracts MP, Maharashtra poachers - The New Indian Express
2026-05-08 22:10:52,958 | INFO | ML PREDICTION | PREDICTION=crime | CONFIDENCE=74.06 | TITLE=61 arrested in tri-state wildlife crime crackdown as forest teams seize pangolin scales, skins - Telegraph India
2026-05-08 22:10:53,029 | INFO | SEMANTIC SCORE | SCORE=71.94 | TITLE=61 arrested in tri-state wildlife crime crackdown as forest teams seize pangolin scales, skins - Telegraph India
2026-05-08 22:10:53,030 | WARNING | ARTICLE REJECTED | REASON=Low confidence | TITLE=61 arrested in tri-state wildlife crime crackdown as forest teams seize pangolin scales, skins - Telegraph India
2026-05-08 22:10:56,252 | INFO | ML PREDICTION | PREDICTION=crime | CONFIDENCE=65.29 | TITLE=Wildlife crime thrives in least forested Punjab - The Hindu
2026-05-08 22:10:56,320 | INFO | SEMANTIC SCORE | SCORE=48.88 | TITLE=Wildlife crime thrives in least forested Punjab - The Hindu
2026-05-08 22:10:56,320 | WARNING | ARTICLE REJECTED | REASON=Low confidence | TITLE=Wildlife crime thrives in least forested Punjab - The Hindu
2026-05-08 22:10:59,380 | INFO | ML PREDICTION | PREDICTION=crime | CONFIDENCE=73.34 | TITLE=Kerala: Forest officials bust wildlife trafficking gang trying to sell tiger skin, claws, teeth; 7 held - The Times of India
2026-05-08 22:10:59,565 | INFO | SEMANTIC SCORE | SCORE=60.94 | TITLE=Kerala: Forest officials bust wildlife trafficking gang trying to sell tiger skin, claws, teeth; 7 held - The Times of India
2026-05-08 22:11:01,953 | INFO | DATABASE SAVE | INCIDENT=CLUSTER-20260508221101
2026-05-08 22:11:01,955 | INFO | ARTICLE ACCEPTED | CONFIDENCE=63.95 | TITLE=Kerala: Forest officials bust wildlife trafficking gang trying to sell tiger skin, claws, teeth; 7 held - The Times of India
2026-05-08 22:11:05,647 | INFO | ML PREDICTION | PREDICTION=crime | CONFIDENCE=52.83 | TITLE=Six wildlife sniffer dogs begin intensive refresher training to combat wildlife crime - WWF India
2026-05-08 22:11:05,698 | INFO | SEMANTIC SCORE | SCORE=45.2 | TITLE=Six wildlife sniffer dogs begin intensive refresher training to combat wildlife crime - WWF India
2026-05-08 22:11:05,698 | WARNING | ARTICLE REJECTED | REASON=Low confidence | TITLE=Six wildlife sniffer dogs begin intensive refresher training to combat wildlife crime - WWF India
2026-05-08 22:11:08,295 | INFO | ML PREDICTION | PREDICTION=crime | CONFIDENCE=66.64 | TITLE=Inquiry flags lack of funds for forensic tests in wildlife crime probes in Karnataka - The Times of India
2026-05-08 22:11:08,369 | INFO | SEMANTIC SCORE | SCORE=47.77 | TITLE=Inquiry flags lack of funds for forensic tests in wildlife crime probes in Karnataka - The Times of India
2026-05-08 22:11:08,369 | WARNING | ARTICLE REJECTED | REASON=Low confidence | TITLE=Inquiry flags lack of funds for forensic tests in wildlife crime probes in Karnataka - The Times of India
2026-05-08 22:11:11,091 | WARNING | ARTICLE REJECTED | REASON=Validated | TITLE=RhODIS India: Forensic science to the rescue of rhinos - WWF India
2026-05-08 22:11:14,126 | INFO | ML PREDICTION | PREDICTION=crime | CONFIDENCE=83.02 | TITLE=Palamu Tiger Reserve Seizes 60kg Pangolin Scales, Busts Wildlife Crime Network Across States - The Times of India
2026-05-08 22:11:14,188 | INFO | SEMANTIC SCORE | SCORE=54.03 | TITLE=Palamu Tiger Reserve Seizes 60kg Pangolin Scales, Busts Wildlife Crime Network Across States - The Times of India
2026-05-08 22:11:14,188 | WARNING | ARTICLE REJECTED | REASON=Low confidence | TITLE=Palamu Tiger Reserve Seizes 60kg Pangolin Scales, Busts Wildlife Crime Network Across States - The Times of India
2026-05-08 22:11:17,279 | INFO | ML PREDICTION | PREDICTION=crime | CONFIDENCE=74.89 | TITLE=Woman wanted by Interpol for trafficking tiger parts arrested in India - BBC
2026-05-08 22:11:17,326 | INFO | SEMANTIC SCORE | SCORE=45.46 | TITLE=Woman wanted by Interpol for trafficking tiger parts arrested in India - BBC
2026-05-08 22:11:17,326 | WARNING | ARTICLE REJECTED | REASON=Low confidence | TITLE=Woman wanted by Interpol for trafficking tiger parts arrested in India - BBC
2026-05-08 22:11:20,405 | WARNING | ARTICLE REJECTED | REASON=Validation failure | TITLE=Conservationists push for dedicated wildlife crime unit in Maharashtra - Mid-day
2026-05-08 22:11:23,032 | INFO | ML PREDICTION | PREDICTION=crime | CONFIDENCE=65.7 | TITLE=9 jailed for 3 yrs in 4 wildlife crime cases in Alipurduar - The Times of India
2026-05-08 22:11:23,090 | INFO | SEMANTIC SCORE | SCORE=61.93 | TITLE=9 jailed for 3 yrs in 4 wildlife crime cases in Alipurduar - The Times of India
2026-05-08 22:11:23,091 | WARNING | ARTICLE REJECTED | REASON=Low confidence | TITLE=9 jailed for 3 yrs in 4 wildlife crime cases in Alipurduar - The Times of India
2026-05-08 22:11:28,642 | WARNING | ARTICLE REJECTED | REASON=Validated | TITLE=India defends animal imports, calls wildlife governance ‘unmatched’ - Mongabay-India
2026-05-08 22:11:31,422 | INFO | ML PREDICTION | PREDICTION=other | CONFIDENCE=70.39 | TITLE=Animal Trafficking Reaches Record High In 2025: Interpol - NDTV
2026-05-08 22:11:31,502 | INFO | SEMANTIC SCORE | SCORE=65.89 | TITLE=Animal Trafficking Reaches Record High In 2025: Interpol - NDTV
2026-05-08 22:11:31,503 | WARNING | ARTICLE REJECTED | REASON=Low confidence | TITLE=Animal Trafficking Reaches Record High In 2025: Interpol - NDTV
2026-05-08 22:11:33,688 | INFO | ML PREDICTION | PREDICTION=other | CONFIDENCE=63.2 | TITLE=Decade-old case gets fresh life as woman at centre of India’s biggest wildlife trafficking operation is arrested - The Indian Express
2026-05-08 22:11:33,743 | INFO | SEMANTIC SCORE | SCORE=44.88 | TITLE=Decade-old case gets fresh life as woman at centre of India’s biggest wildlife trafficking operation is arrested - The Indian Express
2026-05-08 22:11:33,743 | WARNING | ARTICLE REJECTED | REASON=Low confidence | TITLE=Decade-old case gets fresh life as woman at centre of India’s biggest wildlife trafficking operation is arrested - The Indian Express
2026-05-08 22:11:35,834 | WARNING | ARTICLE REJECTED | REASON=Validated | TITLE=India arrests INTERPOL-wanted wildlife trafficker in Sikkim after coordinated chase - Telegraph India
2026-05-08 22:11:38,721 | WARNING | ARTICLE REJECTED | REASON=Validation failure | TITLE=Interpol Notice And Movie-Style Arrest Of Wildlife Trafficker In Sikkim - NDTV
2026-05-08 22:11:41,782 | INFO | ML PREDICTION | PREDICTION=crime | CONFIDENCE=63.59 | TITLE=2-day wildlife crime prevention training held at PTR - The Times of India
2026-05-08 22:11:41,852 | INFO | SEMANTIC SCORE | SCORE=42.57 | TITLE=2-day wildlife crime prevention training held at PTR - The Times of India
2026-05-08 22:11:41,853 | WARNING | ARTICLE REJECTED | REASON=Low confidence | TITLE=2-day wildlife crime prevention training held at PTR - The Times of India
2026-05-08 22:11:45,011 | INFO | ML PREDICTION | PREDICTION=other | CONFIDENCE=50.76 | TITLE=Vanishing Wings: Exposing the organised radical syndicates behind the wildlife trafficking crisis of Bharat - Organiser
2026-05-08 22:11:45,064 | INFO | SEMANTIC SCORE | SCORE=67.98 | TITLE=Vanishing Wings: Exposing the organised radical syndicates behind the wildlife trafficking crisis of Bharat - Organiser
2026-05-08 22:11:45,065 | WARNING | ARTICLE REJECTED | REASON=Low confidence | TITLE=Vanishing Wings: Exposing the organised radical syndicates behind the wildlife trafficking crisis of Bharat - Organiser
2026-05-08 22:11:49,017 | WARNING | ARTICLE REJECTED | REASON=Validated | TITLE=CITES withdraws recommendation to suspend trade of endangered species to India - Mongabay-India
2026-05-08 22:11:51,487 | INFO | ML PREDICTION | PREDICTION=crime | CONFIDENCE=56.94 | TITLE=Major wildlife trafficking haul in Assam–Nagaland border, one arrested - India Today NE
2026-05-08 22:11:51,559 | INFO | SEMANTIC SCORE | SCORE=66.26 | TITLE=Major wildlife trafficking haul in Assam–Nagaland border, one arrested - India Today NE
2026-05-08 22:11:51,560 | WARNING | ARTICLE REJECTED | REASON=Low confidence | TITLE=Major wildlife trafficking haul in Assam–Nagaland border, one arrested - India Today NE
2026-05-08 22:11:54,989 | WARNING | ARTICLE REJECTED | REASON=Validated | TITLE=Wildlife Management in India - ClearIAS
2026-05-08 22:11:57,761 | INFO | ML PREDICTION | PREDICTION=crime | CONFIDENCE=63.27 | TITLE=Inter-state Wildlife Crime Syndicate Dismantled, Female Smuggler Arrested For First Time - ETV Bharat
2026-05-08 22:11:57,879 | INFO | SEMANTIC SCORE | SCORE=59.49 | TITLE=Inter-state Wildlife Crime Syndicate Dismantled, Female Smuggler Arrested For First Time - ETV Bharat
2026-05-08 22:11:57,880 | WARNING | ARTICLE REJECTED | REASON=Low confidence | TITLE=Inter-state Wildlife Crime Syndicate Dismantled, Female Smuggler Arrested For First Time - ETV Bharat
2026-05-08 22:12:02,136 | INFO | ML PREDICTION | PREDICTION=crime | CONFIDENCE=68.6 | TITLE=WCCB & MP Tiger Strike Force Joint Operation Arrested International Wildlife Trafficker in India After INTERPOL Red Notice Alert - Indianmasterminds
2026-05-08 22:12:02,320 | INFO | SEMANTIC SCORE | SCORE=60.09 | TITLE=WCCB & MP Tiger Strike Force Joint Operation Arrested International Wildlife Trafficker in India After INTERPOL Red Notice Alert - Indianmasterminds
2026-05-08 22:12:04,351 | INFO | DATABASE SAVE | INCIDENT=CLUSTER-20260508221204
2026-05-08 22:12:04,352 | INFO | ARTICLE ACCEPTED | CONFIDENCE=62.04 | TITLE=WCCB & MP Tiger Strike Force Joint Operation Arrested International Wildlife Trafficker in India After INTERPOL Red Notice Alert - Indianmasterminds
2026-05-08 22:12:08,491 | INFO | ML PREDICTION | PREDICTION=other | CONFIDENCE=51.92 | TITLE=Banned wildlife trade busted: Three arrested for wildlife trophy possession; Investigation hints at a wid - The Times of India
2026-05-08 22:12:08,602 | INFO | SEMANTIC SCORE | SCORE=68.93 | TITLE=Banned wildlife trade busted: Three arrested for wildlife trophy possession; Investigation hints at a wid - The Times of India
2026-05-08 22:12:08,603 | WARNING | ARTICLE REJECTED | REASON=Low confidence | TITLE=Banned wildlife trade busted: Three arrested for wildlife trophy possession; Investigation hints at a wid - The Times of India
2026-05-08 22:12:11,804 | INFO | ML PREDICTION | PREDICTION=crime | CONFIDENCE=72.44 | TITLE=Global tiger trafficking crisis worsens with nine big cats seized monthly - AP News
2026-05-08 22:12:11,896 | INFO | SEMANTIC SCORE | SCORE=48.19 | TITLE=Global tiger trafficking crisis worsens with nine big cats seized monthly - AP News
2026-05-08 22:12:11,897 | WARNING | ARTICLE REJECTED | REASON=Low confidence | TITLE=Global tiger trafficking crisis worsens with nine big cats seized monthly - AP News
2026-05-08 22:12:14,305 | INFO | ML PREDICTION | PREDICTION=other | CONFIDENCE=79.99 | TITLE=Gujarat: Wildlife trade racket busted, Indian star tortoises and rose-ringed parakeets rescued - The Hans India
2026-05-08 22:12:14,387 | INFO | SEMANTIC SCORE | SCORE=54.52 | TITLE=Gujarat: Wildlife trade racket busted, Indian star tortoises and rose-ringed parakeets rescued - The Hans India
2026-05-08 22:12:14,388 | WARNING | ARTICLE REJECTED | REASON=Low confidence | TITLE=Gujarat: Wildlife trade racket busted, Indian star tortoises and rose-ringed parakeets rescued - The Hans India
2026-05-08 22:12:18,592 | WARNING | ARTICLE REJECTED | REASON=Validated | TITLE=A Wake-Up Call for India’s Wildlife Governance - Drishti IAS
2026-05-08 22:12:21,165 | INFO | ML PREDICTION | PREDICTION=other | CONFIDENCE=50.33 | TITLE=Strengthening law enforcement capacity to curb wildlife crime in Madhya Pradesh - WWF India
2026-05-08 22:12:21,215 | INFO | SEMANTIC SCORE | SCORE=59.41 | TITLE=Strengthening law enforcement capacity to curb wildlife crime in Madhya Pradesh - WWF India
2026-05-08 22:12:21,215 | WARNING | ARTICLE REJECTED | REASON=Low confidence | TITLE=Strengthening law enforcement capacity to curb wildlife crime in Madhya Pradesh - WWF India
2026-05-08 22:12:25,668 | WARNING | ARTICLE REJECTED | REASON=Validation failure | TITLE=Wildlife Conservation in India: Constitutional & Institutional Framework, Challenges, Schemes, and Initiatives - Sanskriti IAS
2026-05-08 22:12:30,051 | INFO | ML PREDICTION | PREDICTION=crime | CONFIDENCE=54.31 | TITLE=From blackbuck seizure to syndicate bust: MP wildlife crime probe uncovers cross-border hunts - The Economic Times
2026-05-08 22:12:30,132 | INFO | SEMANTIC SCORE | SCORE=55.52 | TITLE=From blackbuck seizure to syndicate bust: MP wildlife crime probe uncovers cross-border hunts - The Economic Times
2026-05-08 22:12:30,133 | WARNING | ARTICLE REJECTED | REASON=Low confidence | TITLE=From blackbuck seizure to syndicate bust: MP wildlife crime probe uncovers cross-border hunts - The Economic Times
2026-05-08 22:12:33,478 | INFO | ML PREDICTION | PREDICTION=other | CONFIDENCE=66.95 | TITLE=[Explainer] Why is India a major hub for wildlife trafficking? - Mongabay-India
2026-05-08 22:12:33,540 | INFO | SEMANTIC SCORE | SCORE=55.34 | TITLE=[Explainer] Why is India a major hub for wildlife trafficking? - Mongabay-India
2026-05-08 22:12:33,540 | WARNING | ARTICLE REJECTED | REASON=Low confidence | TITLE=[Explainer] Why is India a major hub for wildlife trafficking? - Mongabay-India
2026-05-08 22:12:36,585 | INFO | ML PREDICTION | PREDICTION=other | CONFIDENCE=57.04 | TITLE=WILDLIFE CRIME CONTROL BUREAU FROM INDIA AND NEPAL MEET TO STRENGTHEN COLLABORATION FOR CURBING - WWF India
2026-05-08 22:12:36,642 | INFO | SEMANTIC SCORE | SCORE=50.3 | TITLE=WILDLIFE CRIME CONTROL BUREAU FROM INDIA AND NEPAL MEET TO STRENGTHEN COLLABORATION FOR CURBING - WWF India
2026-05-08 22:12:36,642 | WARNING | ARTICLE REJECTED | REASON=Low confidence | TITLE=WILDLIFE CRIME CONTROL BUREAU FROM INDIA AND NEPAL MEET TO STRENGTHEN COLLABORATION FOR CURBING - WWF India
2026-05-08 22:12:39,815 | WARNING | ARTICLE REJECTED | REASON=Validated | TITLE=Wildlife-Related Crime Numbers Witness a Significant Decline - FACTLY
2026-05-08 22:12:43,139 | INFO | ML PREDICTION | PREDICTION=other | CONFIDENCE=77.53 | TITLE=BHUTAN, INDIA, AND NEPAL COLLABORATE TO COUNTER WILDLIFE TRAFFICKING IN SOUTH ASIA - WWF India
2026-05-08 22:12:43,188 | INFO | SEMANTIC SCORE | SCORE=57.18 | TITLE=BHUTAN, INDIA, AND NEPAL COLLABORATE TO COUNTER WILDLIFE TRAFFICKING IN SOUTH ASIA - WWF India
2026-05-08 22:12:43,189 | WARNING | ARTICLE REJECTED | REASON=Low confidence | TITLE=BHUTAN, INDIA, AND NEPAL COLLABORATE TO COUNTER WILDLIFE TRAFFICKING IN SOUTH ASIA - WWF India
2026-05-08 22:12:46,636 | INFO | ML PREDICTION | PREDICTION=crime | CONFIDENCE=51.01 | TITLE=Wildlife crime cases in India decline significantly: Govt - Deccan Herald
2026-05-08 22:12:46,683 | INFO | SEMANTIC SCORE | SCORE=58.47 | TITLE=Wildlife crime cases in India decline significantly: Govt - Deccan Herald
2026-05-08 22:12:46,684 | WARNING | ARTICLE REJECTED | REASON=Low confidence | TITLE=Wildlife crime cases in India decline significantly: Govt - Deccan Herald
2026-05-08 22:12:49,899 | WARNING | ARTICLE REJECTED | REASON=Validated | TITLE=Global biodiversity assessment counters Supreme Court’s clean chit to Vantara - Mongabay-India
2026-05-08 22:12:53,327 | WARNING | ARTICLE REJECTED | REASON=Validated | TITLE=India: Our endangered wildlife - a cause for concern - United Nations Office on Drugs and Crime
2026-05-08 22:12:56,772 | WARNING | ARTICLE REJECTED | REASON=Validation failure | TITLE=Increase in gibbon trafficking into India has conservationists worried - news - Mongabay
2026-05-08 22:13:02,153 | INFO | ML PREDICTION | PREDICTION=crime | CONFIDENCE=63.08 | TITLE=Decoding solutions: curbing online wildlife crime in India - Traffic.org
2026-05-08 22:13:02,277 | INFO | SEMANTIC SCORE | SCORE=60.7 | TITLE=Decoding solutions: curbing online wildlife crime in India - Traffic.org
2026-05-08 22:13:02,278 | WARNING | ARTICLE REJECTED | REASON=Low confidence | TITLE=Decoding solutions: curbing online wildlife crime in India - Traffic.org
2026-05-08 22:13:06,702 | WARNING | ARTICLE REJECTED | REASON=Validated | TITLE=INDIA AND NEPAL MEET TO ADDRESS CHALLENGES TO CURBING ILLEGAL WILDLIFE TRADE - WWF India
2026-05-08 22:13:10,065 | INFO | ML PREDICTION | PREDICTION=other | CONFIDENCE=50.77 | TITLE=Odisha introduces HAWK to strengthen wildlife crime intel - The New Indian Express
2026-05-08 22:13:10,156 | INFO | SEMANTIC SCORE | SCORE=46.85 | TITLE=Odisha introduces HAWK to strengthen wildlife crime intel - The New Indian Express
2026-05-08 22:13:10,158 | WARNING | ARTICLE REJECTED | REASON=Low confidence | TITLE=Odisha introduces HAWK to strengthen wildlife crime intel - The New Indian Express
2026-05-08 22:13:14,800 | INFO | ML PREDICTION | PREDICTION=crime | CONFIDENCE=63.08 | TITLE=How DNA detectives are unmasking wildlife crime in India - Nature
2026-05-08 22:13:14,877 | INFO | SEMANTIC SCORE | SCORE=55.67 | TITLE=How DNA detectives are unmasking wildlife crime in India - Nature
2026-05-08 22:13:14,878 | WARNING | ARTICLE REJECTED | REASON=Low confidence | TITLE=How DNA detectives are unmasking wildlife crime in India - Nature
2026-05-08 22:13:19,623 | INFO | ML PREDICTION | PREDICTION=crime | CONFIDENCE=74.64 | TITLE=Wildlife Crime - ClearIAS
2026-05-08 22:13:19,689 | INFO | SEMANTIC SCORE | SCORE=69.26 | TITLE=Wildlife Crime - ClearIAS
2026-05-08 22:13:19,690 | WARNING | ARTICLE REJECTED | REASON=Low confidence | TITLE=Wildlife Crime - ClearIAS
2026-05-08 22:13:22,478 | INFO | ML PREDICTION | PREDICTION=other | CONFIDENCE=51.01 | TITLE=How India Is Using AI to Stop Poaching: 5 Tech Initiatives Protecting Wildlife - The Better India
2026-05-08 22:13:22,571 | INFO | SEMANTIC SCORE | SCORE=44.32 | TITLE=How India Is Using AI to Stop Poaching: 5 Tech Initiatives Protecting Wildlife - The Better India
2026-05-08 22:13:22,573 | WARNING | ARTICLE REJECTED | REASON=Low confidence | TITLE=How India Is Using AI to Stop Poaching: 5 Tech Initiatives Protecting Wildlife - The Better India
2026-05-08 22:13:26,872 | INFO | ML PREDICTION | PREDICTION=other | CONFIDENCE=63.59 | TITLE=SOUTH ASIAN COUNTRIES MEET AGAIN TO STRENGTHEN EFFORTS TO CURB WILDLIFE TRAFFICKING - WWF India
2026-05-08 22:13:27,027 | INFO | SEMANTIC SCORE | SCORE=43.61 | TITLE=SOUTH ASIAN COUNTRIES MEET AGAIN TO STRENGTHEN EFFORTS TO CURB WILDLIFE TRAFFICKING - WWF India
2026-05-08 22:13:27,028 | WARNING | ARTICLE REJECTED | REASON=Low confidence | TITLE=SOUTH ASIAN COUNTRIES MEET AGAIN TO STRENGTHEN EFFORTS TO CURB WILDLIFE TRAFFICKING - WWF India
2026-05-08 22:13:30,834 | INFO | ML PREDICTION | PREDICTION=other | CONFIDENCE=50.92 | TITLE=How a 24x7 Forest Station in Andaman Is Fighting Wildlife Crime & Saving Animals - The Better India
2026-05-08 22:13:30,983 | INFO | SEMANTIC SCORE | SCORE=44.39 | TITLE=How a 24x7 Forest Station in Andaman Is Fighting Wildlife Crime & Saving Animals - The Better India
2026-05-08 22:13:30,984 | WARNING | ARTICLE REJECTED | REASON=Low confidence | TITLE=How a 24x7 Forest Station in Andaman Is Fighting Wildlife Crime & Saving Animals - The Better India
2026-05-08 22:13:35,094 | INFO | ML PREDICTION | PREDICTION=crime | CONFIDENCE=60.44 | TITLE=Nepal collaborates with neighbors to gain wildlife crime intel but struggles with enforcement - news - Mongabay
2026-05-08 22:13:35,165 | INFO | SEMANTIC SCORE | SCORE=54.57 | TITLE=Nepal collaborates with neighbors to gain wildlife crime intel but struggles with enforcement - news - Mongabay
2026-05-08 22:13:35,166 | WARNING | ARTICLE REJECTED | REASON=Low confidence | TITLE=Nepal collaborates with neighbors to gain wildlife crime intel but struggles with enforcement - news - Mongabay
2026-05-08 22:13:39,151 | INFO | ML PREDICTION | PREDICTION=other | CONFIDENCE=51.48 | TITLE=How India is curbing wildlife trafficking - DD News
2026-05-08 22:13:39,211 | INFO | SEMANTIC SCORE | SCORE=62.23 | TITLE=How India is curbing wildlife trafficking - DD News
2026-05-08 22:13:39,213 | WARNING | ARTICLE REJECTED | REASON=Low confidence | TITLE=How India is curbing wildlife trafficking - DD News
2026-05-08 22:13:43,224 | WARNING | ARTICLE REJECTED | REASON=Validation failure | TITLE=World Environment Day 2021-India’s Commitment Towards Stopping Illegal Wildlife Trafficking - Welcome to the United Nations
2026-05-08 22:13:47,847 | INFO | ML PREDICTION | PREDICTION=crime | CONFIDENCE=69.92 | TITLE=Tantric rituals lead to wildlife crime arrest, 1 held - The Times of India
2026-05-08 22:13:47,939 | INFO | SEMANTIC SCORE | SCORE=41.22 | TITLE=Tantric rituals lead to wildlife crime arrest, 1 held - The Times of India
2026-05-08 22:13:47,940 | WARNING | ARTICLE REJECTED | REASON=Low confidence | TITLE=Tantric rituals lead to wildlife crime arrest, 1 held - The Times of India
2026-05-08 22:13:52,602 | INFO | ML PREDICTION | PREDICTION=other | CONFIDENCE=70.66 | TITLE=ENFORCEMENT AGENCIES TRAIN TOGETHER TO STOP WILDLIFE TRAFFICKING ACROSS INDIA’S HIMALAYAS - WWF India
2026-05-08 22:13:52,694 | INFO | SEMANTIC SCORE | SCORE=61.13 | TITLE=ENFORCEMENT AGENCIES TRAIN TOGETHER TO STOP WILDLIFE TRAFFICKING ACROSS INDIA’S HIMALAYAS - WWF India
2026-05-08 22:13:52,695 | WARNING | ARTICLE REJECTED | REASON=Low confidence | TITLE=ENFORCEMENT AGENCIES TRAIN TOGETHER TO STOP WILDLIFE TRAFFICKING ACROSS INDIA’S HIMALAYAS - WWF India
2026-05-08 22:13:56,948 | INFO | ML PREDICTION | PREDICTION=crime | CONFIDENCE=51.01 | TITLE=Wildlife crime cases in India decline significantly from 2020 to 2024: Govt - ThePrint
2026-05-08 22:13:57,009 | INFO | SEMANTIC SCORE | SCORE=57.44 | TITLE=Wildlife crime cases in India decline significantly from 2020 to 2024: Govt - ThePrint
2026-05-08 22:13:57,010 | WARNING | ARTICLE REJECTED | REASON=Low confidence | TITLE=Wildlife crime cases in India decline significantly from 2020 to 2024: Govt - ThePrint
2026-05-08 22:14:02,177 | WARNING | ARTICLE REJECTED | REASON=Validated | TITLE=NCRB report shows Ludhiana to be wildest city: India’s animal crime capital. - The Times of India
2026-05-08 22:14:07,129 | WARNING | ARTICLE REJECTED | REASON=Validation failure | TITLE=‘Not all animals migrate by choice’ campaign launched to raise awareness on illegal wildlife trade - PIB
2026-05-08 22:14:09,337 | INFO | ML PREDICTION | PREDICTION=other | CONFIDENCE=71.38 | TITLE=FIRST OF ITS KIND PROJECT LAUNCHES NEW TOOLS TO COMBAT WILDLIFE TRAFFICKING IN INDIA’S AIRPORT - WWF India
2026-05-08 22:14:09,414 | INFO | SEMANTIC SCORE | SCORE=60.22 | TITLE=FIRST OF ITS KIND PROJECT LAUNCHES NEW TOOLS TO COMBAT WILDLIFE TRAFFICKING IN INDIA’S AIRPORT - WWF India
2026-05-08 22:14:09,415 | WARNING | ARTICLE REJECTED | REASON=Low confidence | TITLE=FIRST OF ITS KIND PROJECT LAUNCHES NEW TOOLS TO COMBAT WILDLIFE TRAFFICKING IN INDIA’S AIRPORT - WWF India
2026-05-08 22:19:14,740 | INFO | WILDLIFE AI SYSTEM STARTED
2026-05-08 22:19:22,957 | INFO | ML PREDICTION | PREDICTION=crime | CONFIDENCE=50.46 | TITLE=Why NCRB Data Understates Wildlife Crime in India - Frontline Magazine
2026-05-08 22:19:23,206 | INFO | SEMANTIC SCORE | SCORE=56.1 | TITLE=Why NCRB Data Understates Wildlife Crime in India - Frontline Magazine
2026-05-08 22:19:23,208 | WARNING | ARTICLE REJECTED | REASON=Low confidence | TITLE=Why NCRB Data Understates Wildlife Crime in India - Frontline Magazine
2026-05-08 22:19:26,899 | INFO | ML PREDICTION | PREDICTION=other | CONFIDENCE=58.75 | TITLE=Rajasthan strengthens wildlife law enforcement, organises training for forest officials at Rant - WWF India
2026-05-08 22:19:27,031 | INFO | SEMANTIC SCORE | SCORE=48.37 | TITLE=Rajasthan strengthens wildlife law enforcement, organises training for forest officials at Rant - WWF India
2026-05-08 22:19:27,032 | WARNING | ARTICLE REJECTED | REASON=Low confidence | TITLE=Rajasthan strengthens wildlife law enforcement, organises training for forest officials at Rant - WWF India
2026-05-08 22:19:29,925 | WARNING | ARTICLE REJECTED | REASON=Validated | TITLE=Rising illegal wildlife trade across Himalayan countries threatens the mountain ecosystem - Mongabay-India
2026-05-08 22:19:33,657 | INFO | ML PREDICTION | PREDICTION=crime | CONFIDENCE=62.68 | TITLE=First CBI Prosecuted Wildlife Crime Case in India - usthadian.com
2026-05-08 22:19:33,755 | INFO | SEMANTIC SCORE | SCORE=62.72 | TITLE=First CBI Prosecuted Wildlife Crime Case in India - usthadian.com
2026-05-08 22:19:33,757 | WARNING | ARTICLE REJECTED | REASON=Low confidence | TITLE=First CBI Prosecuted Wildlife Crime Case in India - usthadian.com
2026-05-08 22:19:37,111 | INFO | ML PREDICTION | PREDICTION=crime | CONFIDENCE=65.54 | TITLE=State to set up dedicated wildlife crime cell | Mumbai news - Hindustan Times
2026-05-08 22:19:37,186 | INFO | SEMANTIC SCORE | SCORE=46.33 | TITLE=State to set up dedicated wildlife crime cell | Mumbai news - Hindustan Times
2026-05-08 22:19:37,187 | WARNING | ARTICLE REJECTED | REASON=Low confidence | TITLE=State to set up dedicated wildlife crime cell | Mumbai news - Hindustan Times
2026-05-08 22:19:41,632 | WARNING | ARTICLE REJECTED | REASON=Validation failure | TITLE=Workshop in Bagdogra Targets Wildlife Trafficking - Arunachal24
2026-05-08 22:19:44,677 | INFO | ML PREDICTION | PREDICTION=other | CONFIDENCE=70.92 | TITLE=Operation Thunder, Highlights, Trends, Legal Framework - Vajiram & Ravi
2026-05-08 22:19:44,748 | INFO | SEMANTIC SCORE | SCORE=25.72 | TITLE=Operation Thunder, Highlights, Trends, Legal Framework - Vajiram & Ravi
2026-05-08 22:19:44,750 | WARNING | ARTICLE REJECTED | REASON=Low confidence | TITLE=Operation Thunder, Highlights, Trends, Legal Framework - Vajiram & Ravi
2026-05-08 22:19:46,804 | INFO | ML PREDICTION | PREDICTION=crime | CONFIDENCE=63.3 | TITLE=Elephant tusk buried in wall for 4 years, cracks open Chhattisgarh's Gariyaband wildlife crime - The Times of India
2026-05-08 22:19:46,913 | INFO | SEMANTIC SCORE | SCORE=48.18 | TITLE=Elephant tusk buried in wall for 4 years, cracks open Chhattisgarh's Gariyaband wildlife crime - The Times of India
2026-05-08 22:19:46,914 | WARNING | ARTICLE REJECTED | REASON=Low confidence | TITLE=Elephant tusk buried in wall for 4 years, cracks open Chhattisgarh's Gariyaband wildlife crime - The Times of India
2026-05-08 22:19:50,946 | INFO | ML PREDICTION | PREDICTION=other | CONFIDENCE=58.21 | TITLE=Shift of wildlife trafficking to the North East–Myanmar corridor - INSIGHTS IAS
2026-05-08 22:19:50,993 | INFO | SEMANTIC SCORE | SCORE=74.97 | TITLE=Shift of wildlife trafficking to the North East–Myanmar corridor - INSIGHTS IAS
2026-05-08 22:19:50,994 | WARNING | ARTICLE REJECTED | REASON=Low confidence | TITLE=Shift of wildlife trafficking to the North East–Myanmar corridor - INSIGHTS IAS
2026-05-08 22:19:54,099 | WARNING | ARTICLE REJECTED | REASON=Validated | TITLE=Outpacing wildlife traffickers through regional action - International Fund for Animal Welfare | IFAW
2026-05-08 22:19:56,441 | INFO | ML PREDICTION | PREDICTION=crime | CONFIDENCE=72.15 | TITLE=Shahtoosh Trader Convicted in Landmark Wildlife Crime Case spanning 17 years - orissadiary.com
2026-05-08 22:19:56,530 | INFO | SEMANTIC SCORE | SCORE=45.6 | TITLE=Shahtoosh Trader Convicted in Landmark Wildlife Crime Case spanning 17 years - orissadiary.com
2026-05-08 22:19:56,530 | WARNING | ARTICLE REJECTED | REASON=Low confidence | TITLE=Shahtoosh Trader Convicted in Landmark Wildlife Crime Case spanning 17 years - orissadiary.com
2026-05-08 22:20:00,028 | WARNING | ARTICLE REJECTED | REASON=Validated | TITLE=NE border attracts MP, Maharashtra poachers - The New Indian Express
2026-05-08 22:20:02,566 | INFO | ML PREDICTION | PREDICTION=crime | CONFIDENCE=74.06 | TITLE=61 arrested in tri-state wildlife crime crackdown as forest teams seize pangolin scales, skins - Telegraph India
2026-05-08 22:20:02,803 | INFO | SEMANTIC SCORE | SCORE=71.94 | TITLE=61 arrested in tri-state wildlife crime crackdown as forest teams seize pangolin scales, skins - Telegraph India
2026-05-08 22:20:02,804 | WARNING | ARTICLE REJECTED | REASON=Low confidence | TITLE=61 arrested in tri-state wildlife crime crackdown as forest teams seize pangolin scales, skins - Telegraph India
2026-05-08 22:20:05,954 | INFO | ML PREDICTION | PREDICTION=crime | CONFIDENCE=65.29 | TITLE=Wildlife crime thrives in least forested Punjab - The Hindu
2026-05-08 22:20:06,072 | INFO | SEMANTIC SCORE | SCORE=48.88 | TITLE=Wildlife crime thrives in least forested Punjab - The Hindu
2026-05-08 22:20:06,074 | WARNING | ARTICLE REJECTED | REASON=Low confidence | TITLE=Wildlife crime thrives in least forested Punjab - The Hindu
2026-05-08 22:20:10,862 | INFO | ML PREDICTION | PREDICTION=crime | CONFIDENCE=73.34 | TITLE=Kerala: Forest officials bust wildlife trafficking gang trying to sell tiger skin, claws, teeth; 7 held - The Times of India
2026-05-08 22:20:11,025 | INFO | SEMANTIC SCORE | SCORE=60.94 | TITLE=Kerala: Forest officials bust wildlife trafficking gang trying to sell tiger skin, claws, teeth; 7 held - The Times of India
2026-05-08 22:20:12,329 | INFO | DATABASE SAVE | INCIDENT=CLUSTER-20260508222012
2026-05-08 22:20:12,330 | INFO | ARTICLE ACCEPTED | CONFIDENCE=63.95 | TITLE=Kerala: Forest officials bust wildlife trafficking gang trying to sell tiger skin, claws, teeth; 7 held - The Times of India
2026-05-08 22:20:18,779 | INFO | ML PREDICTION | PREDICTION=crime | CONFIDENCE=52.83 | TITLE=Six wildlife sniffer dogs begin intensive refresher training to combat wildlife crime - WWF India
2026-05-08 22:20:18,919 | INFO | SEMANTIC SCORE | SCORE=45.2 | TITLE=Six wildlife sniffer dogs begin intensive refresher training to combat wildlife crime - WWF India
2026-05-08 22:20:18,921 | WARNING | ARTICLE REJECTED | REASON=Low confidence | TITLE=Six wildlife sniffer dogs begin intensive refresher training to combat wildlife crime - WWF India
2026-05-08 22:20:23,780 | INFO | ML PREDICTION | PREDICTION=crime | CONFIDENCE=66.64 | TITLE=Inquiry flags lack of funds for forensic tests in wildlife crime probes in Karnataka - The Times of India
2026-05-08 22:20:23,935 | INFO | SEMANTIC SCORE | SCORE=47.77 | TITLE=Inquiry flags lack of funds for forensic tests in wildlife crime probes in Karnataka - The Times of India
2026-05-08 22:20:23,937 | WARNING | ARTICLE REJECTED | REASON=Low confidence | TITLE=Inquiry flags lack of funds for forensic tests in wildlife crime probes in Karnataka - The Times of India
2026-05-08 22:20:29,739 | WARNING | ARTICLE REJECTED | REASON=Validated | TITLE=RhODIS India: Forensic science to the rescue of rhinos - WWF India
2026-05-08 22:20:34,378 | INFO | ML PREDICTION | PREDICTION=crime | CONFIDENCE=83.02 | TITLE=Palamu Tiger Reserve Seizes 60kg Pangolin Scales, Busts Wildlife Crime Network Across States - The Times of India
2026-05-08 22:20:34,516 | INFO | SEMANTIC SCORE | SCORE=54.03 | TITLE=Palamu Tiger Reserve Seizes 60kg Pangolin Scales, Busts Wildlife Crime Network Across States - The Times of India
2026-05-08 22:20:34,517 | WARNING | ARTICLE REJECTED | REASON=Low confidence | TITLE=Palamu Tiger Reserve Seizes 60kg Pangolin Scales, Busts Wildlife Crime Network Across States - The Times of India
2026-05-08 22:20:38,281 | INFO | ML PREDICTION | PREDICTION=crime | CONFIDENCE=74.89 | TITLE=Woman wanted by Interpol for trafficking tiger parts arrested in India - BBC
2026-05-08 22:20:38,447 | INFO | SEMANTIC SCORE | SCORE=45.46 | TITLE=Woman wanted by Interpol for trafficking tiger parts arrested in India - BBC
2026-05-08 22:20:38,450 | WARNING | ARTICLE REJECTED | REASON=Low confidence | TITLE=Woman wanted by Interpol for trafficking tiger parts arrested in India - BBC
2026-05-08 22:20:40,922 | WARNING | ARTICLE REJECTED | REASON=Validation failure | TITLE=Conservationists push for dedicated wildlife crime unit in Maharashtra - Mid-day
2026-05-08 22:20:43,909 | INFO | ML PREDICTION | PREDICTION=crime | CONFIDENCE=65.7 | TITLE=9 jailed for 3 yrs in 4 wildlife crime cases in Alipurduar - The Times of India
2026-05-08 22:20:44,014 | INFO | SEMANTIC SCORE | SCORE=61.93 | TITLE=9 jailed for 3 yrs in 4 wildlife crime cases in Alipurduar - The Times of India
2026-05-08 22:20:44,016 | WARNING | ARTICLE REJECTED | REASON=Low confidence | TITLE=9 jailed for 3 yrs in 4 wildlife crime cases in Alipurduar - The Times of India
2026-05-08 22:20:46,505 | WARNING | ARTICLE REJECTED | REASON=Validated | TITLE=India defends animal imports, calls wildlife governance ‘unmatched’ - Mongabay-India
2026-05-08 22:20:49,736 | INFO | ML PREDICTION | PREDICTION=other | CONFIDENCE=70.39 | TITLE=Animal Trafficking Reaches Record High In 2025: Interpol - NDTV
2026-05-08 22:20:49,780 | INFO | SEMANTIC SCORE | SCORE=65.89 | TITLE=Animal Trafficking Reaches Record High In 2025: Interpol - NDTV
2026-05-08 22:20:49,780 | WARNING | ARTICLE REJECTED | REASON=Low confidence | TITLE=Animal Trafficking Reaches Record High In 2025: Interpol - NDTV
2026-05-08 22:20:54,194 | INFO | ML PREDICTION | PREDICTION=other | CONFIDENCE=63.2 | TITLE=Decade-old case gets fresh life as woman at centre of India’s biggest wildlife trafficking operation is arrested - The Indian Express
2026-05-08 22:20:54,251 | INFO | SEMANTIC SCORE | SCORE=44.88 | TITLE=Decade-old case gets fresh life as woman at centre of India’s biggest wildlife trafficking operation is arrested - The Indian Express
2026-05-08 22:20:54,251 | WARNING | ARTICLE REJECTED | REASON=Low confidence | TITLE=Decade-old case gets fresh life as woman at centre of India’s biggest wildlife trafficking operation is arrested - The Indian Express
2026-05-08 22:20:57,337 | WARNING | ARTICLE REJECTED | REASON=Validated | TITLE=India arrests INTERPOL-wanted wildlife trafficker in Sikkim after coordinated chase - Telegraph India
2026-05-08 22:21:01,111 | WARNING | ARTICLE REJECTED | REASON=Validation failure | TITLE=Interpol Notice And Movie-Style Arrest Of Wildlife Trafficker In Sikkim - NDTV
2026-05-08 22:21:05,528 | INFO | ML PREDICTION | PREDICTION=crime | CONFIDENCE=63.59 | TITLE=2-day wildlife crime prevention training held at PTR - The Times of India
2026-05-08 22:21:05,576 | INFO | SEMANTIC SCORE | SCORE=42.57 | TITLE=2-day wildlife crime prevention training held at PTR - The Times of India
2026-05-08 22:21:05,577 | WARNING | ARTICLE REJECTED | REASON=Low confidence | TITLE=2-day wildlife crime prevention training held at PTR - The Times of India
2026-05-08 22:21:08,873 | INFO | ML PREDICTION | PREDICTION=other | CONFIDENCE=50.76 | TITLE=Vanishing Wings: Exposing the organised radical syndicates behind the wildlife trafficking crisis of Bharat - Organiser
2026-05-08 22:21:08,937 | INFO | SEMANTIC SCORE | SCORE=67.98 | TITLE=Vanishing Wings: Exposing the organised radical syndicates behind the wildlife trafficking crisis of Bharat - Organiser
2026-05-08 22:21:08,937 | WARNING | ARTICLE REJECTED | REASON=Low confidence | TITLE=Vanishing Wings: Exposing the organised radical syndicates behind the wildlife trafficking crisis of Bharat - Organiser
2026-05-08 22:21:11,272 | WARNING | ARTICLE REJECTED | REASON=Validated | TITLE=CITES withdraws recommendation to suspend trade of endangered species to India - Mongabay-India
2026-05-08 22:21:13,813 | INFO | ML PREDICTION | PREDICTION=crime | CONFIDENCE=56.94 | TITLE=Major wildlife trafficking haul in Assam–Nagaland border, one arrested - India Today NE
2026-05-08 22:21:13,871 | INFO | SEMANTIC SCORE | SCORE=66.26 | TITLE=Major wildlife trafficking haul in Assam–Nagaland border, one arrested - India Today NE
2026-05-08 22:21:13,871 | WARNING | ARTICLE REJECTED | REASON=Low confidence | TITLE=Major wildlife trafficking haul in Assam–Nagaland border, one arrested - India Today NE
2026-05-08 22:21:16,687 | WARNING | ARTICLE REJECTED | REASON=Validated | TITLE=Wildlife Management in India - ClearIAS
2026-05-08 22:21:19,999 | INFO | ML PREDICTION | PREDICTION=crime | CONFIDENCE=63.27 | TITLE=Inter-state Wildlife Crime Syndicate Dismantled, Female Smuggler Arrested For First Time - ETV Bharat
2026-05-08 22:21:20,052 | INFO | SEMANTIC SCORE | SCORE=59.49 | TITLE=Inter-state Wildlife Crime Syndicate Dismantled, Female Smuggler Arrested For First Time - ETV Bharat
2026-05-08 22:21:20,052 | WARNING | ARTICLE REJECTED | REASON=Low confidence | TITLE=Inter-state Wildlife Crime Syndicate Dismantled, Female Smuggler Arrested For First Time - ETV Bharat
2026-05-08 22:21:22,908 | INFO | ML PREDICTION | PREDICTION=crime | CONFIDENCE=68.6 | TITLE=WCCB & MP Tiger Strike Force Joint Operation Arrested International Wildlife Trafficker in India After INTERPOL Red Notice Alert - Indianmasterminds
2026-05-08 22:21:22,966 | INFO | SEMANTIC SCORE | SCORE=60.09 | TITLE=WCCB & MP Tiger Strike Force Joint Operation Arrested International Wildlife Trafficker in India After INTERPOL Red Notice Alert - Indianmasterminds
2026-05-08 22:21:24,029 | INFO | DATABASE SAVE | INCIDENT=CLUSTER-20260508222124
2026-05-08 22:21:24,029 | INFO | ARTICLE ACCEPTED | CONFIDENCE=62.04 | TITLE=WCCB & MP Tiger Strike Force Joint Operation Arrested International Wildlife Trafficker in India After INTERPOL Red Notice Alert - Indianmasterminds
2026-05-08 22:21:28,143 | INFO | ML PREDICTION | PREDICTION=other | CONFIDENCE=51.92 | TITLE=Banned wildlife trade busted: Three arrested for wildlife trophy possession; Investigation hints at a wid - The Times of India
2026-05-08 22:21:28,225 | INFO | SEMANTIC SCORE | SCORE=68.93 | TITLE=Banned wildlife trade busted: Three arrested for wildlife trophy possession; Investigation hints at a wid - The Times of India
2026-05-08 22:21:28,226 | WARNING | ARTICLE REJECTED | REASON=Low confidence | TITLE=Banned wildlife trade busted: Three arrested for wildlife trophy possession; Investigation hints at a wid - The Times of India
2026-05-08 22:21:31,495 | INFO | ML PREDICTION | PREDICTION=crime | CONFIDENCE=72.44 | TITLE=Global tiger trafficking crisis worsens with nine big cats seized monthly - AP News
2026-05-08 22:21:31,588 | INFO | SEMANTIC SCORE | SCORE=48.19 | TITLE=Global tiger trafficking crisis worsens with nine big cats seized monthly - AP News
2026-05-08 22:21:31,589 | WARNING | ARTICLE REJECTED | REASON=Low confidence | TITLE=Global tiger trafficking crisis worsens with nine big cats seized monthly - AP News
2026-05-08 22:21:34,045 | INFO | ML PREDICTION | PREDICTION=other | CONFIDENCE=79.99 | TITLE=Gujarat: Wildlife trade racket busted, Indian star tortoises and rose-ringed parakeets rescued - The Hans India
2026-05-08 22:21:34,099 | INFO | SEMANTIC SCORE | SCORE=54.52 | TITLE=Gujarat: Wildlife trade racket busted, Indian star tortoises and rose-ringed parakeets rescued - The Hans India
2026-05-08 22:21:34,100 | WARNING | ARTICLE REJECTED | REASON=Low confidence | TITLE=Gujarat: Wildlife trade racket busted, Indian star tortoises and rose-ringed parakeets rescued - The Hans India
2026-05-08 22:21:38,128 | WARNING | ARTICLE REJECTED | REASON=Validated | TITLE=A Wake-Up Call for India’s Wildlife Governance - Drishti IAS
2026-05-08 22:21:42,186 | INFO | ML PREDICTION | PREDICTION=other | CONFIDENCE=50.33 | TITLE=Strengthening law enforcement capacity to curb wildlife crime in Madhya Pradesh - WWF India
2026-05-08 22:21:42,336 | INFO | SEMANTIC SCORE | SCORE=59.41 | TITLE=Strengthening law enforcement capacity to curb wildlife crime in Madhya Pradesh - WWF India
2026-05-08 22:21:42,337 | WARNING | ARTICLE REJECTED | REASON=Low confidence | TITLE=Strengthening law enforcement capacity to curb wildlife crime in Madhya Pradesh - WWF India
2026-05-08 22:21:46,983 | WARNING | ARTICLE REJECTED | REASON=Validation failure | TITLE=Wildlife Conservation in India: Constitutional & Institutional Framework, Challenges, Schemes, and Initiatives - Sanskriti IAS
2026-05-08 22:21:51,693 | INFO | ML PREDICTION | PREDICTION=crime | CONFIDENCE=54.31 | TITLE=From blackbuck seizure to syndicate bust: MP wildlife crime probe uncovers cross-border hunts - The Economic Times
2026-05-08 22:21:51,875 | INFO | SEMANTIC SCORE | SCORE=55.52 | TITLE=From blackbuck seizure to syndicate bust: MP wildlife crime probe uncovers cross-border hunts - The Economic Times
2026-05-08 22:21:51,877 | WARNING | ARTICLE REJECTED | REASON=Low confidence | TITLE=From blackbuck seizure to syndicate bust: MP wildlife crime probe uncovers cross-border hunts - The Economic Times
2026-05-08 22:21:55,650 | INFO | ML PREDICTION | PREDICTION=other | CONFIDENCE=66.95 | TITLE=[Explainer] Why is India a major hub for wildlife trafficking? - Mongabay-India
2026-05-08 22:21:55,778 | INFO | SEMANTIC SCORE | SCORE=55.34 | TITLE=[Explainer] Why is India a major hub for wildlife trafficking? - Mongabay-India
2026-05-08 22:21:55,779 | WARNING | ARTICLE REJECTED | REASON=Low confidence | TITLE=[Explainer] Why is India a major hub for wildlife trafficking? - Mongabay-India
2026-05-08 22:21:59,435 | INFO | ML PREDICTION | PREDICTION=other | CONFIDENCE=57.04 | TITLE=WILDLIFE CRIME CONTROL BUREAU FROM INDIA AND NEPAL MEET TO STRENGTHEN COLLABORATION FOR CURBING - WWF India
2026-05-08 22:21:59,564 | INFO | SEMANTIC SCORE | SCORE=50.3 | TITLE=WILDLIFE CRIME CONTROL BUREAU FROM INDIA AND NEPAL MEET TO STRENGTHEN COLLABORATION FOR CURBING - WWF India
2026-05-08 22:21:59,564 | WARNING | ARTICLE REJECTED | REASON=Low confidence | TITLE=WILDLIFE CRIME CONTROL BUREAU FROM INDIA AND NEPAL MEET TO STRENGTHEN COLLABORATION FOR CURBING - WWF India
2026-05-08 22:22:02,512 | WARNING | ARTICLE REJECTED | REASON=Validated | TITLE=Wildlife-Related Crime Numbers Witness a Significant Decline - FACTLY
2026-05-08 22:22:04,908 | INFO | ML PREDICTION | PREDICTION=other | CONFIDENCE=77.53 | TITLE=BHUTAN, INDIA, AND NEPAL COLLABORATE TO COUNTER WILDLIFE TRAFFICKING IN SOUTH ASIA - WWF India
2026-05-08 22:22:05,025 | INFO | SEMANTIC SCORE | SCORE=57.18 | TITLE=BHUTAN, INDIA, AND NEPAL COLLABORATE TO COUNTER WILDLIFE TRAFFICKING IN SOUTH ASIA - WWF India
2026-05-08 22:22:05,026 | WARNING | ARTICLE REJECTED | REASON=Low confidence | TITLE=BHUTAN, INDIA, AND NEPAL COLLABORATE TO COUNTER WILDLIFE TRAFFICKING IN SOUTH ASIA - WWF India
2026-05-08 22:22:07,715 | INFO | ML PREDICTION | PREDICTION=crime | CONFIDENCE=51.01 | TITLE=Wildlife crime cases in India decline significantly: Govt - Deccan Herald
2026-05-08 22:22:07,778 | INFO | SEMANTIC SCORE | SCORE=58.47 | TITLE=Wildlife crime cases in India decline significantly: Govt - Deccan Herald
2026-05-08 22:22:07,779 | WARNING | ARTICLE REJECTED | REASON=Low confidence | TITLE=Wildlife crime cases in India decline significantly: Govt - Deccan Herald
2026-05-08 22:22:10,981 | WARNING | ARTICLE REJECTED | REASON=Validated | TITLE=Global biodiversity assessment counters Supreme Court’s clean chit to Vantara - Mongabay-India
2026-05-08 22:22:14,081 | WARNING | ARTICLE REJECTED | REASON=Validated | TITLE=India: Our endangered wildlife - a cause for concern - United Nations Office on Drugs and Crime
2026-05-08 22:22:16,808 | WARNING | ARTICLE REJECTED | REASON=Validation failure | TITLE=Increase in gibbon trafficking into India has conservationists worried - news - Mongabay
2026-05-08 22:22:19,756 | INFO | ML PREDICTION | PREDICTION=crime | CONFIDENCE=63.08 | TITLE=Decoding solutions: curbing online wildlife crime in India - Traffic.org
2026-05-08 22:22:19,796 | INFO | SEMANTIC SCORE | SCORE=60.7 | TITLE=Decoding solutions: curbing online wildlife crime in India - Traffic.org
2026-05-08 22:22:19,796 | WARNING | ARTICLE REJECTED | REASON=Low confidence | TITLE=Decoding solutions: curbing online wildlife crime in India - Traffic.org
2026-05-08 22:22:22,952 | WARNING | ARTICLE REJECTED | REASON=Validated | TITLE=INDIA AND NEPAL MEET TO ADDRESS CHALLENGES TO CURBING ILLEGAL WILDLIFE TRADE - WWF India
2026-05-08 22:22:26,071 | INFO | ML PREDICTION | PREDICTION=other | CONFIDENCE=50.77 | TITLE=Odisha introduces HAWK to strengthen wildlife crime intel - The New Indian Express
2026-05-08 22:22:26,178 | INFO | SEMANTIC SCORE | SCORE=46.85 | TITLE=Odisha introduces HAWK to strengthen wildlife crime intel - The New Indian Express
2026-05-08 22:22:26,179 | WARNING | ARTICLE REJECTED | REASON=Low confidence | TITLE=Odisha introduces HAWK to strengthen wildlife crime intel - The New Indian Express
2026-05-08 22:22:31,605 | INFO | ML PREDICTION | PREDICTION=crime | CONFIDENCE=63.08 | TITLE=How DNA detectives are unmasking wildlife crime in India - Nature
2026-05-08 22:22:31,739 | INFO | SEMANTIC SCORE | SCORE=55.67 | TITLE=How DNA detectives are unmasking wildlife crime in India - Nature
2026-05-08 22:22:31,740 | WARNING | ARTICLE REJECTED | REASON=Low confidence | TITLE=How DNA detectives are unmasking wildlife crime in India - Nature
2026-05-08 22:22:36,032 | INFO | ML PREDICTION | PREDICTION=crime | CONFIDENCE=74.64 | TITLE=Wildlife Crime - ClearIAS
2026-05-08 22:22:36,166 | INFO | SEMANTIC SCORE | SCORE=69.26 | TITLE=Wildlife Crime - ClearIAS
2026-05-08 22:22:36,168 | WARNING | ARTICLE REJECTED | REASON=Low confidence | TITLE=Wildlife Crime - ClearIAS
2026-05-08 22:22:41,096 | INFO | ML PREDICTION | PREDICTION=other | CONFIDENCE=51.01 | TITLE=How India Is Using AI to Stop Poaching: 5 Tech Initiatives Protecting Wildlife - The Better India
2026-05-08 22:22:41,231 | INFO | SEMANTIC SCORE | SCORE=44.32 | TITLE=How India Is Using AI to Stop Poaching: 5 Tech Initiatives Protecting Wildlife - The Better India
2026-05-08 22:22:41,233 | WARNING | ARTICLE REJECTED | REASON=Low confidence | TITLE=How India Is Using AI to Stop Poaching: 5 Tech Initiatives Protecting Wildlife - The Better India
2026-05-08 22:22:46,234 | INFO | ML PREDICTION | PREDICTION=other | CONFIDENCE=63.59 | TITLE=SOUTH ASIAN COUNTRIES MEET AGAIN TO STRENGTHEN EFFORTS TO CURB WILDLIFE TRAFFICKING - WWF India
2026-05-08 22:22:49,503 | INFO | SEMANTIC SCORE | SCORE=43.61 | TITLE=SOUTH ASIAN COUNTRIES MEET AGAIN TO STRENGTHEN EFFORTS TO CURB WILDLIFE TRAFFICKING - WWF India
2026-05-08 22:22:49,505 | WARNING | ARTICLE REJECTED | REASON=Low confidence | TITLE=SOUTH ASIAN COUNTRIES MEET AGAIN TO STRENGTHEN EFFORTS TO CURB WILDLIFE TRAFFICKING - WWF India
2026-05-08 22:22:53,719 | INFO | ML PREDICTION | PREDICTION=other | CONFIDENCE=50.92 | TITLE=How a 24x7 Forest Station in Andaman Is Fighting Wildlife Crime & Saving Animals - The Better India
2026-05-08 22:22:54,092 | INFO | SEMANTIC SCORE | SCORE=44.39 | TITLE=How a 24x7 Forest Station in Andaman Is Fighting Wildlife Crime & Saving Animals - The Better India
2026-05-08 22:22:54,094 | WARNING | ARTICLE REJECTED | REASON=Low confidence | TITLE=How a 24x7 Forest Station in Andaman Is Fighting Wildlife Crime & Saving Animals - The Better India
2026-05-08 22:22:59,017 | INFO | ML PREDICTION | PREDICTION=crime | CONFIDENCE=60.44 | TITLE=Nepal collaborates with neighbors to gain wildlife crime intel but struggles with enforcement - news - Mongabay
2026-05-08 22:22:59,140 | INFO | SEMANTIC SCORE | SCORE=54.57 | TITLE=Nepal collaborates with neighbors to gain wildlife crime intel but struggles with enforcement - news - Mongabay
2026-05-08 22:22:59,141 | WARNING | ARTICLE REJECTED | REASON=Low confidence | TITLE=Nepal collaborates with neighbors to gain wildlife crime intel but struggles with enforcement - news - Mongabay
2026-05-08 22:23:03,044 | INFO | ML PREDICTION | PREDICTION=other | CONFIDENCE=51.48 | TITLE=How India is curbing wildlife trafficking - DD News
2026-05-08 22:23:03,172 | INFO | SEMANTIC SCORE | SCORE=62.23 | TITLE=How India is curbing wildlife trafficking - DD News
2026-05-08 22:23:03,174 | WARNING | ARTICLE REJECTED | REASON=Low confidence | TITLE=How India is curbing wildlife trafficking - DD News
2026-05-08 22:23:07,355 | WARNING | ARTICLE REJECTED | REASON=Validation failure | TITLE=World Environment Day 2021-India’s Commitment Towards Stopping Illegal Wildlife Trafficking - Welcome to the United Nations
2026-05-08 22:23:10,640 | INFO | ML PREDICTION | PREDICTION=crime | CONFIDENCE=69.92 | TITLE=Tantric rituals lead to wildlife crime arrest, 1 held - The Times of India
2026-05-08 22:23:10,758 | INFO | SEMANTIC SCORE | SCORE=41.22 | TITLE=Tantric rituals lead to wildlife crime arrest, 1 held - The Times of India
2026-05-08 22:23:10,758 | WARNING | ARTICLE REJECTED | REASON=Low confidence | TITLE=Tantric rituals lead to wildlife crime arrest, 1 held - The Times of India
2026-05-08 22:23:14,415 | INFO | ML PREDICTION | PREDICTION=other | CONFIDENCE=70.66 | TITLE=ENFORCEMENT AGENCIES TRAIN TOGETHER TO STOP WILDLIFE TRAFFICKING ACROSS INDIA’S HIMALAYAS - WWF India
2026-05-08 22:23:14,519 | INFO | SEMANTIC SCORE | SCORE=61.13 | TITLE=ENFORCEMENT AGENCIES TRAIN TOGETHER TO STOP WILDLIFE TRAFFICKING ACROSS INDIA’S HIMALAYAS - WWF India
2026-05-08 22:23:14,520 | WARNING | ARTICLE REJECTED | REASON=Low confidence | TITLE=ENFORCEMENT AGENCIES TRAIN TOGETHER TO STOP WILDLIFE TRAFFICKING ACROSS INDIA’S HIMALAYAS - WWF India
2026-05-08 22:23:18,956 | INFO | ML PREDICTION | PREDICTION=crime | CONFIDENCE=51.01 | TITLE=Wildlife crime cases in India decline significantly from 2020 to 2024: Govt - ThePrint
2026-05-08 22:23:19,089 | INFO | SEMANTIC SCORE | SCORE=57.44 | TITLE=Wildlife crime cases in India decline significantly from 2020 to 2024: Govt - ThePrint
2026-05-08 22:23:19,090 | WARNING | ARTICLE REJECTED | REASON=Low confidence | TITLE=Wildlife crime cases in India decline significantly from 2020 to 2024: Govt - ThePrint
2026-05-08 22:23:22,131 | WARNING | ARTICLE REJECTED | REASON=Validated | TITLE=NCRB report shows Ludhiana to be wildest city: India’s animal crime capital. - The Times of India
2026-05-08 22:23:25,690 | WARNING | ARTICLE REJECTED | REASON=Validation failure | TITLE=‘Not all animals migrate by choice’ campaign launched to raise awareness on illegal wildlife trade - PIB
2026-05-08 22:23:28,179 | INFO | ML PREDICTION | PREDICTION=other | CONFIDENCE=71.38 | TITLE=FIRST OF ITS KIND PROJECT LAUNCHES NEW TOOLS TO COMBAT WILDLIFE TRAFFICKING IN INDIA’S AIRPORT - WWF India
2026-05-08 22:23:28,270 | INFO | SEMANTIC SCORE | SCORE=60.22 | TITLE=FIRST OF ITS KIND PROJECT LAUNCHES NEW TOOLS TO COMBAT WILDLIFE TRAFFICKING IN INDIA’S AIRPORT - WWF India
2026-05-08 22:23:28,270 | WARNING | ARTICLE REJECTED | REASON=Low confidence | TITLE=FIRST OF ITS KIND PROJECT LAUNCHES NEW TOOLS TO COMBAT WILDLIFE TRAFFICKING IN INDIA’S AIRPORT - WWF India
2026-05-08 22:23:31,973 | INFO | ML PREDICTION | PREDICTION=crime | CONFIDENCE=55.37 | TITLE=[Video] Combatting wildlife crime with technology - Mongabay-India
2026-05-08 22:23:32,059 | INFO | SEMANTIC SCORE | SCORE=50.7 | TITLE=[Video] Combatting wildlife crime with technology - Mongabay-India
2026-05-08 22:23:32,060 | WARNING | ARTICLE REJECTED | REASON=Low confidence | TITLE=[Video] Combatting wildlife crime with technology - Mongabay-India
2026-05-08 22:23:34,955 | WARNING | ARTICLE REJECTED | REASON=Validated | TITLE=This invention is bad news for illegal hunters and poachers - FairPlanet
2026-05-08 22:23:37,517 | INFO | ML PREDICTION | PREDICTION=other | CONFIDENCE=65.76 | TITLE=Unique species in air passenger baggage exposes global reach of Thailand-India wild life smuggling - Traffic.org
2026-05-08 22:23:37,655 | INFO | SEMANTIC SCORE | SCORE=50.3 | TITLE=Unique species in air passenger baggage exposes global reach of Thailand-India wild life smuggling - Traffic.org
2026-05-08 22:23:37,656 | WARNING | ARTICLE REJECTED | REASON=Low confidence | TITLE=Unique species in air passenger baggage exposes global reach of Thailand-India wild life smuggling - Traffic.org
2026-05-08 22:23:40,695 | WARNING | ARTICLE REJECTED | REASON=Validation failure | TITLE=WORLD ENVIRONMENT DAY 2021-INDIA’S COMMITMENT TOWARDS STOPPING ILLEGAL WILDLIFE TRAFFICKING - WWF India
2026-05-08 22:23:42,642 | WARNING | ARTICLE REJECTED | REASON=Validation failure | TITLE=India’s Wildlife Conservation Milestones - PIB
2026-05-08 22:23:45,797 | INFO | ML PREDICTION | PREDICTION=other | CONFIDENCE=73.07 | TITLE=How Two Techies Are Helping Foresters Combat Wildlife Crimes With Technology - The Better India
2026-05-08 22:23:45,919 | INFO | SEMANTIC SCORE | SCORE=47.44 | TITLE=How Two Techies Are Helping Foresters Combat Wildlife Crimes With Technology - The Better India
2026-05-08 22:23:45,920 | WARNING | ARTICLE REJECTED | REASON=Low confidence | TITLE=How Two Techies Are Helping Foresters Combat Wildlife Crimes With Technology - The Better India
2026-05-08 22:23:49,110 | INFO | ML PREDICTION | PREDICTION=other | CONFIDENCE=56.92 | TITLE=Wildlife crime goes digital, WCCB increases vigilance - The New Indian Express
2026-05-08 22:23:49,182 | INFO | SEMANTIC SCORE | SCORE=56.28 | TITLE=Wildlife crime goes digital, WCCB increases vigilance - The New Indian Express
2026-05-08 22:23:49,183 | WARNING | ARTICLE REJECTED | REASON=Low confidence | TITLE=Wildlife crime goes digital, WCCB increases vigilance - The New Indian Express
2026-05-08 22:23:52,442 | INFO | ML PREDICTION | PREDICTION=other | CONFIDENCE=72.54 | TITLE=First of its kind project launches new tools to combat Wildlife Trafficking In India’s Airports - Traffic.org
2026-05-08 22:23:52,549 | INFO | SEMANTIC SCORE | SCORE=65.95 | TITLE=First of its kind project launches new tools to combat Wildlife Trafficking In India’s Airports - Traffic.org
2026-05-08 22:23:52,550 | WARNING | ARTICLE REJECTED | REASON=Low confidence | TITLE=First of its kind project launches new tools to combat Wildlife Trafficking In India’s Airports - Traffic.org
2026-05-08 22:23:54,654 | INFO | ML PREDICTION | PREDICTION=crime | CONFIDENCE=58.39 | TITLE=JUDICIARY TO HELP CURB WILDLIFE CRIME IN MEGHALAYA - WWF India
2026-05-08 22:23:54,739 | INFO | SEMANTIC SCORE | SCORE=50.16 | TITLE=JUDICIARY TO HELP CURB WILDLIFE CRIME IN MEGHALAYA - WWF India
2026-05-08 22:23:54,740 | WARNING | ARTICLE REJECTED | REASON=Low confidence | TITLE=JUDICIARY TO HELP CURB WILDLIFE CRIME IN MEGHALAYA - WWF India
2026-05-08 22:23:57,685 | INFO | ML PREDICTION | PREDICTION=other | CONFIDENCE=56.85 | TITLE=Caging Birds? You Could End Up Behind Bars, Warn Wildlife Crime Control Bureau and PETA India - PETA India
2026-05-08 22:23:57,816 | INFO | SEMANTIC SCORE | SCORE=45.03 | TITLE=Caging Birds? You Could End Up Behind Bars, Warn Wildlife Crime Control Bureau and PETA India - PETA India
2026-05-08 22:23:57,818 | WARNING | ARTICLE REJECTED | REASON=Low confidence | TITLE=Caging Birds? You Could End Up Behind Bars, Warn Wildlife Crime Control Bureau and PETA India - PETA India
2026-05-08 22:24:02,029 | INFO | ML PREDICTION | PREDICTION=crime | CONFIDENCE=87.33 | TITLE=GEARING UP TO FIGHT WILDLIFE CRIME AT MELGHAT TIGER RESERVE: FOREST OFFICIALS HONE THEIR SKILLS - WWF India
2026-05-08 22:24:02,160 | INFO | SEMANTIC SCORE | SCORE=52.72 | TITLE=GEARING UP TO FIGHT WILDLIFE CRIME AT MELGHAT TIGER RESERVE: FOREST OFFICIALS HONE THEIR SKILLS - WWF India
2026-05-08 22:24:02,161 | WARNING | ARTICLE REJECTED | REASON=Low confidence | TITLE=GEARING UP TO FIGHT WILDLIFE CRIME AT MELGHAT TIGER RESERVE: FOREST OFFICIALS HONE THEIR SKILLS - WWF India
2026-05-08 22:24:05,708 | INFO | ML PREDICTION | PREDICTION=other | CONFIDENCE=66.31 | TITLE=Bhutan, India, Nepal to counter wildlife trafficking - The Times of India
2026-05-08 22:24:05,767 | INFO | SEMANTIC SCORE | SCORE=54.07 | TITLE=Bhutan, India, Nepal to counter wildlife trafficking - The Times of India
2026-05-08 22:24:05,768 | WARNING | ARTICLE REJECTED | REASON=Low confidence | TITLE=Bhutan, India, Nepal to counter wildlife trafficking - The Times of India
2026-05-08 22:24:09,225 | WARNING | ARTICLE REJECTED | REASON=Validated | TITLE=The Media’s Disservice to India’s Wildlife That Only It Can Fix - The Wire Science
2026-05-08 22:24:12,044 | WARNING | ARTICLE REJECTED | REASON=Validated | TITLE=TRAFFIC initiative in India warns against buying illegal wildlife products - Traffic.org
2026-05-08 22:24:15,384 | INFO | ML PREDICTION | PREDICTION=crime | CONFIDENCE=52.73 | TITLE=Mizoram hosts two-day training to bolster wildlife crime investigation skills - India Today NE
2026-05-08 22:24:15,467 | INFO | SEMANTIC SCORE | SCORE=27.79 | TITLE=Mizoram hosts two-day training to bolster wildlife crime investigation skills - India Today NE
2026-05-08 22:24:15,468 | WARNING | ARTICLE REJECTED | REASON=Low confidence | TITLE=Mizoram hosts two-day training to bolster wildlife crime investigation skills - India Today NE
2026-05-08 22:24:18,434 | INFO | ML PREDICTION | PREDICTION=other | CONFIDENCE=73.33 | TITLE=Assam Forest Department learn new skills to crack wildlife cybercrime - Traffic.org
2026-05-08 22:24:18,501 | INFO | SEMANTIC SCORE | SCORE=56.15 | TITLE=Assam Forest Department learn new skills to crack wildlife cybercrime - Traffic.org
2026-05-08 22:24:18,502 | WARNING | ARTICLE REJECTED | REASON=Low confidence | TITLE=Assam Forest Department learn new skills to crack wildlife cybercrime - Traffic.org
2026-05-08 22:24:21,980 | WARNING | ARTICLE REJECTED | REASON=Validated | TITLE=EIGHT WILDLIFE SNIFFER DOGS SHARPEN THEIR 'PAWSOME' SKILLS TO HELP CURB ILLEGAL WILDLIFE TRADE - WWF India
2026-05-08 22:24:24,575 | INFO | ML PREDICTION | PREDICTION=other | CONFIDENCE=64.79 | TITLE=India’s Wildlife Trafficking Epidemic - The Diplomat – Asia-Pacific
2026-05-08 22:24:24,621 | INFO | SEMANTIC SCORE | SCORE=70.59 | TITLE=India’s Wildlife Trafficking Epidemic - The Diplomat – Asia-Pacific
2026-05-08 22:24:24,622 | WARNING | ARTICLE REJECTED | REASON=Low confidence | TITLE=India’s Wildlife Trafficking Epidemic - The Diplomat – Asia-Pacific
2026-05-08 22:24:27,412 | INFO | ML PREDICTION | PREDICTION=other | CONFIDENCE=60.8 | TITLE=‘Wildlife terrorism’ major emerging global problem: WCCB officer - The Hindu
2026-05-08 22:24:27,530 | INFO | SEMANTIC SCORE | SCORE=55.2 | TITLE=‘Wildlife terrorism’ major emerging global problem: WCCB officer - The Hindu
2026-05-08 22:24:27,531 | WARNING | ARTICLE REJECTED | REASON=Low confidence | TITLE=‘Wildlife terrorism’ major emerging global problem: WCCB officer - The Hindu
2026-05-08 22:24:30,657 | WARNING | ARTICLE REJECTED | REASON=Validated | TITLE=Excess Baggage: How wildlife is trafficked by air in and out of India - Mongabay-India
2026-05-08 22:24:33,475 | INFO | ML PREDICTION | PREDICTION=crime | CONFIDENCE=60.22 | TITLE=Jaldapara leads India’s fight against wildlife crime - Tehelka
2026-05-08 22:24:33,542 | INFO | SEMANTIC SCORE | SCORE=46.93 | TITLE=Jaldapara leads India’s fight against wildlife crime - Tehelka
2026-05-08 22:24:33,544 | WARNING | ARTICLE REJECTED | REASON=Low confidence | TITLE=Jaldapara leads India’s fight against wildlife crime - Tehelka
2026-05-08 22:24:36,356 | WARNING | ARTICLE REJECTED | REASON=Validated | TITLE=‘Easy to blame China; but India’s wildlife trade is thriving too’ - The Hindu
2026-05-08 22:24:39,743 | WARNING | ARTICLE REJECTED | REASON=Validated | TITLE=Can Tech Stop Animal Poachers in Their Tracks? - Mother Jones
2026-05-08 22:24:43,272 | INFO | ML PREDICTION | PREDICTION=other | CONFIDENCE=56.59 | TITLE=Yami Gautam joins the fight against wildlife crime in India - WWF India
2026-05-08 22:24:43,324 | INFO | SEMANTIC SCORE | SCORE=48.45 | TITLE=Yami Gautam joins the fight against wildlife crime in India - WWF India
2026-05-08 22:24:43,325 | WARNING | ARTICLE REJECTED | REASON=Low confidence | TITLE=Yami Gautam joins the fight against wildlife crime in India - WWF India
2026-05-08 22:24:46,947 | WARNING | ARTICLE REJECTED | REASON=Validated | TITLE=NGO Flags Rise in Illegal Wildlife Trade Guised as ‘Zoo Transfers’, Including to India - TheWire.in
2026-05-08 22:24:49,624 | INFO | ML PREDICTION | PREDICTION=other | CONFIDENCE=70.35 | TITLE=US and India Co-operate to Combat Illegal Trade in Wildlife - Traffic.org
2026-05-08 22:24:49,701 | INFO | SEMANTIC SCORE | SCORE=66.85 | TITLE=US and India Co-operate to Combat Illegal Trade in Wildlife - Traffic.org
2026-05-08 22:24:49,702 | WARNING | ARTICLE REJECTED | REASON=Low confidence | TITLE=US and India Co-operate to Combat Illegal Trade in Wildlife - Traffic.org
2026-05-08 22:24:52,871 | INFO | ML PREDICTION | PREDICTION=other | CONFIDENCE=63.96 | TITLE=2054 cases registered for killing, trafficking of wild animals - The Hindu
2026-05-08 22:24:52,946 | INFO | SEMANTIC SCORE | SCORE=58.05 | TITLE=2054 cases registered for killing, trafficking of wild animals - The Hindu
2026-05-08 22:24:52,947 | WARNING | ARTICLE REJECTED | REASON=Low confidence | TITLE=2054 cases registered for killing, trafficking of wild animals - The Hindu
2026-05-08 22:24:55,666 | INFO | ML PREDICTION | PREDICTION=crime | CONFIDENCE=58.11 | TITLE=Can AI help India fight against wildlife trafficking and animal poaching? - IndiaAI
2026-05-08 22:24:55,719 | INFO | SEMANTIC SCORE | SCORE=52.5 | TITLE=Can AI help India fight against wildlife trafficking and animal poaching? - IndiaAI
2026-05-08 22:24:55,720 | WARNING | ARTICLE REJECTED | REASON=Low confidence | TITLE=Can AI help India fight against wildlife trafficking and animal poaching? - IndiaAI
2026-05-08 22:24:58,830 | INFO | ML PREDICTION | PREDICTION=crime | CONFIDENCE=56.99 | TITLE=Illegal wildlife trade busted from Crawford Market, man arrested - The Times of India
2026-05-08 22:24:58,949 | INFO | SEMANTIC SCORE | SCORE=71.81 | TITLE=Illegal wildlife trade busted from Crawford Market, man arrested - The Times of India
2026-05-08 22:24:58,951 | WARNING | ARTICLE REJECTED | REASON=Low confidence | TITLE=Illegal wildlife trade busted from Crawford Market, man arrested - The Times of India
2026-05-08 22:25:02,007 | INFO | ML PREDICTION | PREDICTION=other | CONFIDENCE=67.6 | TITLE=ITBP, Uttarakhand Forest Department and WCCB to coordinate efforts to curb trans-boundary illeg - WWF India
2026-05-08 22:25:02,209 | INFO | SEMANTIC SCORE | SCORE=35.47 | TITLE=ITBP, Uttarakhand Forest Department and WCCB to coordinate efforts to curb trans-boundary illeg - WWF India
2026-05-08 22:25:02,210 | WARNING | ARTICLE REJECTED | REASON=Low confidence | TITLE=ITBP, Uttarakhand Forest Department and WCCB to coordinate efforts to curb trans-boundary illeg - WWF India
2026-05-08 22:25:06,793 | INFO | ML PREDICTION | PREDICTION=crime | CONFIDENCE=56.4 | TITLE=Alarm bell on wildlife crime in the Northeast - The Sentinel - of this Land, for its People
2026-05-08 22:25:06,930 | INFO | SEMANTIC SCORE | SCORE=40.54 | TITLE=Alarm bell on wildlife crime in the Northeast - The Sentinel - of this Land, for its People
2026-05-08 22:25:06,931 | WARNING | ARTICLE REJECTED | REASON=Low confidence | TITLE=Alarm bell on wildlife crime in the Northeast - The Sentinel - of this Land, for its People
2026-05-08 22:25:09,996 | INFO | ML PREDICTION | PREDICTION=other | CONFIDENCE=53.14 | TITLE=Joint operation cracks down on illegal wildlife trade in Gujarat's Valsad; three held - ANI News
2026-05-08 22:25:10,201 | INFO | SEMANTIC SCORE | SCORE=54.27 | TITLE=Joint operation cracks down on illegal wildlife trade in Gujarat's Valsad; three held - ANI News
2026-05-08 22:25:10,202 | WARNING | ARTICLE REJECTED | REASON=Low confidence | TITLE=Joint operation cracks down on illegal wildlife trade in Gujarat's Valsad; three held - ANI News
2026-05-08 22:25:14,580 | WARNING | ARTICLE REJECTED | REASON=Validated | TITLE=India steps up efforts to combat wildlife trade - news - Mongabay
2026-05-08 22:25:17,878 | WARNING | ARTICLE REJECTED | REASON=Validation failure | TITLE=Who’s Hoo? How to identify owls in illegal wildlife trade this International Owl Awareness Day - WWF India
2026-05-08 22:25:25,800 | INFO | ML PREDICTION | PREDICTION=other | CONFIDENCE=63.71 | TITLE=A community leads protection of the pangolin in a critical illegal trade corridor - Mongabay-India
2026-05-08 22:25:25,936 | INFO | SEMANTIC SCORE | SCORE=64.77 | TITLE=A community leads protection of the pangolin in a critical illegal trade corridor - Mongabay-India
2026-05-08 22:25:25,937 | WARNING | ARTICLE REJECTED | REASON=Low confidence | TITLE=A community leads protection of the pangolin in a critical illegal trade corridor - Mongabay-India
2026-05-08 22:25:29,597 | INFO | ML PREDICTION | PREDICTION=crime | CONFIDENCE=50.46 | TITLE=Why NCRB Data Understates Wildlife Crime in India - Frontline Magazine
2026-05-08 22:25:29,735 | INFO | SEMANTIC SCORE | SCORE=56.1 | TITLE=Why NCRB Data Understates Wildlife Crime in India - Frontline Magazine
2026-05-08 22:25:29,736 | WARNING | ARTICLE REJECTED | REASON=Low confidence | TITLE=Why NCRB Data Understates Wildlife Crime in India - Frontline Magazine
2026-05-08 22:25:34,147 | INFO | ML PREDICTION | PREDICTION=other | CONFIDENCE=62.81 | TITLE=Tougher action to curb Southeast Asia-India wildlife smuggling by air - Traffic.org
2026-05-08 22:25:34,237 | INFO | SEMANTIC SCORE | SCORE=56.64 | TITLE=Tougher action to curb Southeast Asia-India wildlife smuggling by air - Traffic.org
2026-05-08 22:25:34,238 | WARNING | ARTICLE REJECTED | REASON=Low confidence | TITLE=Tougher action to curb Southeast Asia-India wildlife smuggling by air - Traffic.org
2026-05-08 22:25:37,868 | WARNING | ARTICLE REJECTED | REASON=Validated | TITLE=Rising illegal wildlife trade across Himalayan countries threatens the mountain ecosystem - Mongabay-India
2026-05-08 22:25:40,728 | WARNING | ARTICLE REJECTED | REASON=Validation failure | TITLE=Workshop in Bagdogra Targets Wildlife Trafficking - Arunachal24
2026-05-08 22:25:45,214 | INFO | ML PREDICTION | PREDICTION=other | CONFIDENCE=60.21 | TITLE=In unfamiliar lands: Trafficking of exotic wildlife species in India - WWF India
2026-05-08 22:25:45,342 | INFO | SEMANTIC SCORE | SCORE=71.19 | TITLE=In unfamiliar lands: Trafficking of exotic wildlife species in India - WWF India
2026-05-08 22:25:45,343 | WARNING | ARTICLE REJECTED | REASON=Low confidence | TITLE=In unfamiliar lands: Trafficking of exotic wildlife species in India - WWF India
2026-05-08 22:25:49,320 | WARNING | ARTICLE REJECTED | REASON=Validated | TITLE=Global rules, local gaps: Why CITES can’t help curb India’s domestic wildlife trade - Down To Earth
2026-05-08 22:25:53,168 | WARNING | ARTICLE REJECTED | REASON=Validated | TITLE=The anatomy of illicit wildlife trade In India - Dailyhunt
2026-05-08 22:25:57,069 | INFO | ML PREDICTION | PREDICTION=other | CONFIDENCE=58.21 | TITLE=Shift of wildlife trafficking to the North East–Myanmar corridor - INSIGHTS IAS
2026-05-08 22:25:57,208 | INFO | SEMANTIC SCORE | SCORE=74.97 | TITLE=Shift of wildlife trafficking to the North East–Myanmar corridor - INSIGHTS IAS
2026-05-08 22:25:57,210 | WARNING | ARTICLE REJECTED | REASON=Low confidence | TITLE=Shift of wildlife trafficking to the North East–Myanmar corridor - INSIGHTS IAS
2026-05-08 22:26:01,420 | INFO | ML PREDICTION | PREDICTION=crime | CONFIDENCE=74.89 | TITLE=Woman wanted by Interpol for trafficking tiger parts arrested in India - BBC
2026-05-08 22:26:01,556 | INFO | SEMANTIC SCORE | SCORE=45.46 | TITLE=Woman wanted by Interpol for trafficking tiger parts arrested in India - BBC
2026-05-08 22:26:01,557 | WARNING | ARTICLE REJECTED | REASON=Low confidence | TITLE=Woman wanted by Interpol for trafficking tiger parts arrested in India - BBC
2026-05-08 22:26:05,992 | INFO | ML PREDICTION | PREDICTION=crime | CONFIDENCE=67.45 | TITLE=The cost of cute: how ‘petfluencers’ are driving Asia’s wildlife crime - South China Morning Post
2026-05-08 22:26:06,146 | INFO | SEMANTIC SCORE | SCORE=42.53 | TITLE=The cost of cute: how ‘petfluencers’ are driving Asia’s wildlife crime - South China Morning Post
2026-05-08 22:26:06,147 | WARNING | ARTICLE REJECTED | REASON=Low confidence | TITLE=The cost of cute: how ‘petfluencers’ are driving Asia’s wildlife crime - South China Morning Post
2026-05-08 22:26:09,996 | WARNING | ARTICLE REJECTED | REASON=Validated | TITLE=NE border attracts MP, Maharashtra poachers - The New Indian Express
2026-05-08 22:26:14,333 | INFO | ML PREDICTION | PREDICTION=crime | CONFIDENCE=73.34 | TITLE=Kerala: Forest officials bust wildlife trafficking gang trying to sell tiger skin, claws, teeth; 7 held - The Times of India
2026-05-08 22:26:14,489 | INFO | SEMANTIC SCORE | SCORE=60.94 | TITLE=Kerala: Forest officials bust wildlife trafficking gang trying to sell tiger skin, claws, teeth; 7 held - The Times of India
2026-05-08 22:26:14,563 | INFO | DATABASE SAVE | INCIDENT=CLUSTER-20260508222614
2026-05-08 22:26:14,564 | INFO | ARTICLE ACCEPTED | CONFIDENCE=63.95 | TITLE=Kerala: Forest officials bust wildlife trafficking gang trying to sell tiger skin, claws, teeth; 7 held - The Times of India
2026-05-08 22:26:19,753 | INFO | ML PREDICTION | PREDICTION=other | CONFIDENCE=63.2 | TITLE=Decade-old case gets fresh life as woman at centre of India’s biggest wildlife trafficking operation is arrested - The Indian Express
2026-05-08 22:26:19,884 | INFO | SEMANTIC SCORE | SCORE=44.88 | TITLE=Decade-old case gets fresh life as woman at centre of India’s biggest wildlife trafficking operation is arrested - The Indian Express
2026-05-08 22:26:19,886 | WARNING | ARTICLE REJECTED | REASON=Low confidence | TITLE=Decade-old case gets fresh life as woman at centre of India’s biggest wildlife trafficking operation is arrested - The Indian Express
2026-05-08 22:26:24,697 | WARNING | ARTICLE REJECTED | REASON=Validated | TITLE=Outpacing wildlife traffickers through regional action - International Fund for Animal Welfare | IFAW
2026-05-08 22:26:29,802 | WARNING | ARTICLE REJECTED | REASON=Validated | TITLE=Exotic reptiles in illegal wildlife trade in India - WWF India
2026-05-08 22:26:34,799 | INFO | ML PREDICTION | PREDICTION=other | CONFIDENCE=53.1 | TITLE=Brazil police seize devices from bird expert in trafficking probe linked to Vantara zoo - news - Mongabay
2026-05-08 22:26:34,916 | INFO | SEMANTIC SCORE | SCORE=48.29 | TITLE=Brazil police seize devices from bird expert in trafficking probe linked to Vantara zoo - news - Mongabay
2026-05-08 22:26:34,919 | WARNING | ARTICLE REJECTED | REASON=Low confidence | TITLE=Brazil police seize devices from bird expert in trafficking probe linked to Vantara zoo - news - Mongabay
2026-05-08 22:26:38,934 | WARNING | ARTICLE REJECTED | REASON=Validated | TITLE=India defends animal imports, calls wildlife governance ‘unmatched’ - Mongabay-India
2026-05-08 22:26:41,994 | WARNING | ARTICLE REJECTED | REASON=Validated | TITLE=Global biodiversity assessment counters Supreme Court’s clean chit to Vantara - Mongabay-India
2026-05-08 22:26:45,572 | WARNING | ARTICLE REJECTED | REASON=Validated | TITLE=CITES withdraws recommendation to suspend trade of endangered species to India - Mongabay-India
2026-05-08 22:26:48,735 | INFO | ML PREDICTION | PREDICTION=other | CONFIDENCE=70.92 | TITLE=Operation Thunder, Highlights, Trends, Legal Framework - Vajiram & Ravi
2026-05-08 22:26:48,783 | INFO | SEMANTIC SCORE | SCORE=25.72 | TITLE=Operation Thunder, Highlights, Trends, Legal Framework - Vajiram & Ravi
2026-05-08 22:26:48,784 | WARNING | ARTICLE REJECTED | REASON=Low confidence | TITLE=Operation Thunder, Highlights, Trends, Legal Framework - Vajiram & Ravi
2026-05-08 22:26:51,685 | INFO | ML PREDICTION | PREDICTION=crime | CONFIDENCE=62.68 | TITLE=First CBI Prosecuted Wildlife Crime Case in India - usthadian.com
2026-05-08 22:26:51,723 | INFO | SEMANTIC SCORE | SCORE=62.72 | TITLE=First CBI Prosecuted Wildlife Crime Case in India - usthadian.com
2026-05-08 22:26:51,724 | WARNING | ARTICLE REJECTED | REASON=Low confidence | TITLE=First CBI Prosecuted Wildlife Crime Case in India - usthadian.com
2026-05-08 22:26:56,093 | INFO | ML PREDICTION | PREDICTION=other | CONFIDENCE=50.33 | TITLE=Strengthening law enforcement capacity to curb wildlife crime in Madhya Pradesh - WWF India
2026-05-08 22:26:56,217 | INFO | SEMANTIC SCORE | SCORE=59.41 | TITLE=Strengthening law enforcement capacity to curb wildlife crime in Madhya Pradesh - WWF India
2026-05-08 22:26:56,219 | WARNING | ARTICLE REJECTED | REASON=Low confidence | TITLE=Strengthening law enforcement capacity to curb wildlife crime in Madhya Pradesh - WWF India
2026-05-08 22:27:01,030 | INFO | ML PREDICTION | PREDICTION=other | CONFIDENCE=70.39 | TITLE=Animal Trafficking Reaches Record High In 2025: Interpol - NDTV
2026-05-08 22:27:01,181 | INFO | SEMANTIC SCORE | SCORE=65.89 | TITLE=Animal Trafficking Reaches Record High In 2025: Interpol - NDTV
2026-05-08 22:27:01,182 | WARNING | ARTICLE REJECTED | REASON=Low confidence | TITLE=Animal Trafficking Reaches Record High In 2025: Interpol - NDTV
2026-05-08 22:27:06,050 | INFO | ML PREDICTION | PREDICTION=other | CONFIDENCE=65.76 | TITLE=Unique species in air passenger baggage exposes global reach of Thailand-India wild life smuggling - Traffic.org
2026-05-08 22:27:06,209 | INFO | SEMANTIC SCORE | SCORE=50.3 | TITLE=Unique species in air passenger baggage exposes global reach of Thailand-India wild life smuggling - Traffic.org
2026-05-08 22:27:06,210 | WARNING | ARTICLE REJECTED | REASON=Low confidence | TITLE=Unique species in air passenger baggage exposes global reach of Thailand-India wild life smuggling - Traffic.org
2026-05-08 22:27:10,192 | INFO | ML PREDICTION | PREDICTION=crime | CONFIDENCE=63.3 | TITLE=India: Exotic apes seized at Mumbai airport - DW.com
2026-05-08 22:27:10,317 | INFO | SEMANTIC SCORE | SCORE=50.04 | TITLE=India: Exotic apes seized at Mumbai airport - DW.com
2026-05-08 22:27:10,318 | WARNING | ARTICLE REJECTED | REASON=Low confidence | TITLE=India: Exotic apes seized at Mumbai airport - DW.com
2026-05-08 22:27:13,705 | INFO | ML PREDICTION | PREDICTION=other | CONFIDENCE=72.32 | TITLE=Supreme Court orders investigation into Vantara - Mongabay-India
2026-05-08 22:27:13,828 | INFO | SEMANTIC SCORE | SCORE=22.01 | TITLE=Supreme Court orders investigation into Vantara - Mongabay-India
2026-05-08 22:27:13,830 | WARNING | ARTICLE REJECTED | REASON=Low confidence | TITLE=Supreme Court orders investigation into Vantara - Mongabay-India
2026-05-08 22:27:18,546 | INFO | ML PREDICTION | PREDICTION=crime | CONFIDENCE=69.93 | TITLE=Darke Lama: Kingpin of South Asia's wildlife trafficking network, now wanted by Interpol in 2015 MP tiger - The Times of India
2026-05-08 22:27:18,690 | INFO | SEMANTIC SCORE | SCORE=73.15 | TITLE=Darke Lama: Kingpin of South Asia's wildlife trafficking network, now wanted by Interpol in 2015 MP tiger - The Times of India
2026-05-08 22:27:18,692 | WARNING | ARTICLE REJECTED | REASON=Low confidence | TITLE=Darke Lama: Kingpin of South Asia's wildlife trafficking network, now wanted by Interpol in 2015 MP tiger - The Times of India
2026-05-08 22:27:23,273 | WARNING | ARTICLE REJECTED | REASON=Validated | TITLE=ADDING TEETH TO WILDLIFE LAW ENFORCEMENT - WWF India
2026-05-08 22:27:27,568 | INFO | ML PREDICTION | PREDICTION=crime | CONFIDENCE=50.68 | TITLE=World Pangolin Day 2026: 500,000+ pangolins seized globally between 2016 and 2024 - Down To Earth
2026-05-08 22:27:27,701 | INFO | SEMANTIC SCORE | SCORE=68.27 | TITLE=World Pangolin Day 2026: 500,000+ pangolins seized globally between 2016 and 2024 - Down To Earth
2026-05-08 22:27:27,703 | WARNING | ARTICLE REJECTED | REASON=Low confidence | TITLE=World Pangolin Day 2026: 500,000+ pangolins seized globally between 2016 and 2024 - Down To Earth
2026-05-08 22:27:31,668 | WARNING | ARTICLE REJECTED | REASON=Validated | TITLE=Tame the trade - Down To Earth
2026-05-08 22:27:35,047 | INFO | ML PREDICTION | PREDICTION=crime | CONFIDENCE=65.7 | TITLE=9 jailed for 3 yrs in 4 wildlife crime cases in Alipurduar - The Times of India
2026-05-08 22:27:35,122 | INFO | SEMANTIC SCORE | SCORE=61.93 | TITLE=9 jailed for 3 yrs in 4 wildlife crime cases in Alipurduar - The Times of India
2026-05-08 22:27:35,123 | WARNING | ARTICLE REJECTED | REASON=Low confidence | TITLE=9 jailed for 3 yrs in 4 wildlife crime cases in Alipurduar - The Times of India
2026-05-08 22:27:38,347 | INFO | ML PREDICTION | PREDICTION=crime | CONFIDENCE=51.01 | TITLE=Wildlife crime cases in India decline significantly: Govt - Deccan Herald
2026-05-08 22:27:38,415 | INFO | SEMANTIC SCORE | SCORE=58.47 | TITLE=Wildlife crime cases in India decline significantly: Govt - Deccan Herald
2026-05-08 22:27:38,416 | WARNING | ARTICLE REJECTED | REASON=Low confidence | TITLE=Wildlife crime cases in India decline significantly: Govt - Deccan Herald
2026-05-08 22:27:41,612 | INFO | ML PREDICTION | PREDICTION=other | CONFIDENCE=66.95 | TITLE=[Explainer] Why is India a major hub for wildlife trafficking? - Mongabay-India
2026-05-08 22:27:41,734 | INFO | SEMANTIC SCORE | SCORE=55.34 | TITLE=[Explainer] Why is India a major hub for wildlife trafficking? - Mongabay-India
2026-05-08 22:27:41,736 | WARNING | ARTICLE REJECTED | REASON=Low confidence | TITLE=[Explainer] Why is India a major hub for wildlife trafficking? - Mongabay-India
2026-05-08 22:27:44,999 | WARNING | ARTICLE REJECTED | REASON=Validated | TITLE=Wildlife-Related Crime Numbers Witness a Significant Decline - FACTLY
2026-05-08 22:27:47,242 | INFO | ML PREDICTION | PREDICTION=crime | CONFIDENCE=66.69 | TITLE=Jamshedpur Forest Officials Eye Kolkata Kingpin in Wildlife Smuggling Bust - The Times of India
2026-05-08 22:27:47,326 | INFO | SEMANTIC SCORE | SCORE=54.46 | TITLE=Jamshedpur Forest Officials Eye Kolkata Kingpin in Wildlife Smuggling Bust - The Times of India
2026-05-08 22:27:47,327 | WARNING | ARTICLE REJECTED | REASON=Low confidence | TITLE=Jamshedpur Forest Officials Eye Kolkata Kingpin in Wildlife Smuggling Bust - The Times of India
2026-05-08 22:27:50,277 | INFO | ML PREDICTION | PREDICTION=crime | CONFIDENCE=72.44 | TITLE=Global tiger trafficking crisis worsens with nine big cats seized monthly - AP News
2026-05-08 22:27:50,332 | INFO | SEMANTIC SCORE | SCORE=48.19 | TITLE=Global tiger trafficking crisis worsens with nine big cats seized monthly - AP News
2026-05-08 22:27:50,333 | WARNING | ARTICLE REJECTED | REASON=Low confidence | TITLE=Global tiger trafficking crisis worsens with nine big cats seized monthly - AP News
2026-05-08 22:27:53,237 | WARNING | ARTICLE REJECTED | REASON=Validated | TITLE=After Ambani zoo probe, wildlife body reverses call to curb animal imports to India - Reuters
2026-05-08 22:27:55,826 | WARNING | ARTICLE REJECTED | REASON=Validated | TITLE=CITES Report Urges India to Halt Wildlife Imports Pending Stronger Checks - Vajiram & Ravi
2026-05-08 22:27:59,736 | WARNING | ARTICLE REJECTED | REASON=Validated | TITLE=Woman held with 2 kg pangolin scales in Jharkhand, exposing India’s link to a global wildlife trade - Telegraph India
2026-05-08 22:28:03,713 | INFO | ML PREDICTION | PREDICTION=other | CONFIDENCE=61.61 | TITLE=Rock eagle owls rescued from wildlife trafficking racket - Humane World for Animals
2026-05-08 22:28:03,866 | INFO | SEMANTIC SCORE | SCORE=65.25 | TITLE=Rock eagle owls rescued from wildlife trafficking racket - Humane World for Animals
2026-05-08 22:28:03,868 | WARNING | ARTICLE REJECTED | REASON=Low confidence | TITLE=Rock eagle owls rescued from wildlife trafficking racket - Humane World for Animals
2026-05-08 22:28:07,332 | WARNING | ARTICLE REJECTED | REASON=Validated | TITLE=Indian Softshell Turtle Rescue Highlights Illegal Wildlife Trade - GK Today
2026-05-08 22:28:12,248 | INFO | ML PREDICTION | PREDICTION=other | CONFIDENCE=51.01 | TITLE=How India Is Using AI to Stop Poaching: 5 Tech Initiatives Protecting Wildlife - The Better India
2026-05-08 22:28:12,377 | INFO | SEMANTIC SCORE | SCORE=44.32 | TITLE=How India Is Using AI to Stop Poaching: 5 Tech Initiatives Protecting Wildlife - The Better India
2026-05-08 22:28:12,378 | WARNING | ARTICLE REJECTED | REASON=Low confidence | TITLE=How India Is Using AI to Stop Poaching: 5 Tech Initiatives Protecting Wildlife - The Better India
2026-05-08 22:28:16,264 | WARNING | ARTICLE REJECTED | REASON=Validated | TITLE=Ahmedabad: Illegal wildlife trade thrives despite crackdown, exotic pet trail leads cops to farmhouses - The Times of India
2026-05-08 22:28:19,711 | INFO | ML PREDICTION | PREDICTION=other | CONFIDENCE=51.92 | TITLE=Banned wildlife trade busted: Three arrested for wildlife trophy possession; Investigation hints at a wid - The Times of India
2026-05-08 22:28:19,858 | INFO | SEMANTIC SCORE | SCORE=68.93 | TITLE=Banned wildlife trade busted: Three arrested for wildlife trophy possession; Investigation hints at a wid - The Times of India
2026-05-08 22:28:19,860 | WARNING | ARTICLE REJECTED | REASON=Low confidence | TITLE=Banned wildlife trade busted: Three arrested for wildlife trophy possession; Investigation hints at a wid - The Times of India
2026-05-08 22:28:24,257 | INFO | ML PREDICTION | PREDICTION=other | CONFIDENCE=56.27 | TITLE=Malaysia steps up action against smuggling of wildlife in passenger luggage between Southeast Asia, India - Asia News Network
2026-05-08 22:28:24,403 | INFO | SEMANTIC SCORE | SCORE=41.9 | TITLE=Malaysia steps up action against smuggling of wildlife in passenger luggage between Southeast Asia, India - Asia News Network
2026-05-08 22:28:24,404 | WARNING | ARTICLE REJECTED | REASON=Low confidence | TITLE=Malaysia steps up action against smuggling of wildlife in passenger luggage between Southeast Asia, India - Asia News Network
2026-05-08 22:28:29,403 | INFO | ML PREDICTION | PREDICTION=other | CONFIDENCE=79.99 | TITLE=Gujarat: Wildlife trade racket busted, Indian star tortoises and rose-ringed parakeets rescued - The Hans India
2026-05-08 22:28:29,555 | INFO | SEMANTIC SCORE | SCORE=54.52 | TITLE=Gujarat: Wildlife trade racket busted, Indian star tortoises and rose-ringed parakeets rescued - The Hans India
2026-05-08 22:28:29,556 | WARNING | ARTICLE REJECTED | REASON=Low confidence | TITLE=Gujarat: Wildlife trade racket busted, Indian star tortoises and rose-ringed parakeets rescued - The Hans India
2026-05-08 22:28:33,736 | WARNING | ARTICLE REJECTED | REASON=Validated | TITLE=Vantara Row: CITES Reverses Earlier Recommendation to India About Banning Imports of Endangered Wildlife - TheWire.in
2026-05-08 22:28:38,798 | INFO | ML PREDICTION | PREDICTION=crime | CONFIDENCE=56.94 | TITLE=Major wildlife trafficking haul in Assam–Nagaland border, one arrested - India Today NE
2026-05-08 22:28:38,937 | INFO | SEMANTIC SCORE | SCORE=66.26 | TITLE=Major wildlife trafficking haul in Assam–Nagaland border, one arrested - India Today NE
2026-05-08 22:28:38,938 | WARNING | ARTICLE REJECTED | REASON=Low confidence | TITLE=Major wildlife trafficking haul in Assam–Nagaland border, one arrested - India Today NE
2026-05-08 22:28:43,779 | WARNING | ARTICLE REJECTED | REASON=Validated | TITLE=CITES CoP20: Global South drives critical changes and shapes global wildlife trade policies - Down To Earth
2026-05-08 22:28:47,556 | WARNING | ARTICLE REJECTED | REASON=Validated | TITLE=After Vantara Visit, CITES Raps India, Says No More Imports of Endangered Wildlife Until Compliance - TheWire.in
2026-05-08 22:28:51,237 | WARNING | ARTICLE REJECTED | REASON=Validation failure | TITLE=Increase in gibbon trafficking into India has conservationists worried - news - Mongabay
2026-05-08 22:28:54,190 | INFO | ML PREDICTION | PREDICTION=other | CONFIDENCE=57.26 | TITLE=Unique species in air passenger baggage exposes global reach of Thailand India wildlife smuggling - Traffic.org
2026-05-08 22:28:54,263 | INFO | SEMANTIC SCORE | SCORE=57.48 | TITLE=Unique species in air passenger baggage exposes global reach of Thailand India wildlife smuggling - Traffic.org
2026-05-08 22:28:54,264 | WARNING | ARTICLE REJECTED | REASON=Low confidence | TITLE=Unique species in air passenger baggage exposes global reach of Thailand India wildlife smuggling - Traffic.org
2026-05-08 22:28:56,512 | INFO | ML PREDICTION | PREDICTION=other | CONFIDENCE=63.92 | TITLE=High Flying: Insight Into Wildlife Trafficking Through India's Airports - Wildlife Trade Report from TRAFFIC - Traffic.org
2026-05-08 22:28:56,587 | INFO | SEMANTIC SCORE | SCORE=67.33 | TITLE=High Flying: Insight Into Wildlife Trafficking Through India's Airports - Wildlife Trade Report from TRAFFIC - Traffic.org
2026-05-08 22:28:56,589 | WARNING | ARTICLE REJECTED | REASON=Low confidence | TITLE=High Flying: Insight Into Wildlife Trafficking Through India's Airports - Wildlife Trade Report from TRAFFIC - Traffic.org
2026-05-08 22:29:00,477 | INFO | ML PREDICTION | PREDICTION=crime | CONFIDENCE=56.99 | TITLE=Illegal wildlife trade busted from Crawford Market, man arrested - The Times of India
2026-05-08 22:29:00,576 | INFO | SEMANTIC SCORE | SCORE=71.81 | TITLE=Illegal wildlife trade busted from Crawford Market, man arrested - The Times of India
2026-05-08 22:29:00,577 | WARNING | ARTICLE REJECTED | REASON=Low confidence | TITLE=Illegal wildlife trade busted from Crawford Market, man arrested - The Times of India
2026-05-08 23:11:53,860 | INFO | WILDLIFE AI SYSTEM STARTED
2026-05-08 23:11:59,961 | INFO | ML PREDICTION | PREDICTION=crime | CONFIDENCE=50.46 | TITLE=Why NCRB Data Understates Wildlife Crime in India - Frontline Magazine
2026-05-08 23:12:00,052 | INFO | SEMANTIC SCORE | SCORE=56.1 | TITLE=Why NCRB Data Understates Wildlife Crime in India - Frontline Magazine
2026-05-08 23:12:00,054 | WARNING | ARTICLE REJECTED | REASON=Low confidence | TITLE=Why NCRB Data Understates Wildlife Crime in India - Frontline Magazine
2026-05-08 23:12:03,927 | INFO | ML PREDICTION | PREDICTION=other | CONFIDENCE=58.75 | TITLE=Rajasthan strengthens wildlife law enforcement, organises training for forest officials at Rant - WWF India
2026-05-08 23:12:04,017 | INFO | SEMANTIC SCORE | SCORE=48.37 | TITLE=Rajasthan strengthens wildlife law enforcement, organises training for forest officials at Rant - WWF India
2026-05-08 23:12:04,018 | WARNING | ARTICLE REJECTED | REASON=Low confidence | TITLE=Rajasthan strengthens wildlife law enforcement, organises training for forest officials at Rant - WWF India
2026-05-08 23:12:06,818 | WARNING | ARTICLE REJECTED | REASON=Validated | TITLE=Rising illegal wildlife trade across Himalayan countries threatens the mountain ecosystem - Mongabay-India
2026-05-08 23:12:09,395 | INFO | ML PREDICTION | PREDICTION=crime | CONFIDENCE=62.68 | TITLE=First CBI Prosecuted Wildlife Crime Case in India - usthadian.com
2026-05-08 23:12:09,433 | INFO | SEMANTIC SCORE | SCORE=62.72 | TITLE=First CBI Prosecuted Wildlife Crime Case in India - usthadian.com
2026-05-08 23:12:09,433 | WARNING | ARTICLE REJECTED | REASON=Low confidence | TITLE=First CBI Prosecuted Wildlife Crime Case in India - usthadian.com
2026-05-08 23:12:12,390 | INFO | ML PREDICTION | PREDICTION=crime | CONFIDENCE=65.54 | TITLE=State to set up dedicated wildlife crime cell | Mumbai news - Hindustan Times
2026-05-08 23:12:12,430 | INFO | SEMANTIC SCORE | SCORE=46.33 | TITLE=State to set up dedicated wildlife crime cell | Mumbai news - Hindustan Times
2026-05-08 23:12:12,431 | WARNING | ARTICLE REJECTED | REASON=Low confidence | TITLE=State to set up dedicated wildlife crime cell | Mumbai news - Hindustan Times
2026-05-08 23:12:15,030 | WARNING | ARTICLE REJECTED | REASON=Validation failure | TITLE=Workshop in Bagdogra Targets Wildlife Trafficking - Arunachal24
2026-05-08 23:12:18,144 | INFO | ML PREDICTION | PREDICTION=other | CONFIDENCE=70.92 | TITLE=Operation Thunder, Highlights, Trends, Legal Framework - Vajiram & Ravi
2026-05-08 23:12:18,186 | INFO | SEMANTIC SCORE | SCORE=25.72 | TITLE=Operation Thunder, Highlights, Trends, Legal Framework - Vajiram & Ravi
2026-05-08 23:12:18,187 | WARNING | ARTICLE REJECTED | REASON=Low confidence | TITLE=Operation Thunder, Highlights, Trends, Legal Framework - Vajiram & Ravi
2026-05-08 23:12:20,399 | INFO | ML PREDICTION | PREDICTION=crime | CONFIDENCE=63.3 | TITLE=Elephant tusk buried in wall for 4 years, cracks open Chhattisgarh's Gariyaband wildlife crime - The Times of India
2026-05-08 23:12:20,450 | INFO | SEMANTIC SCORE | SCORE=48.18 | TITLE=Elephant tusk buried in wall for 4 years, cracks open Chhattisgarh's Gariyaband wildlife crime - The Times of India
2026-05-08 23:12:20,450 | WARNING | ARTICLE REJECTED | REASON=Low confidence | TITLE=Elephant tusk buried in wall for 4 years, cracks open Chhattisgarh's Gariyaband wildlife crime - The Times of India
2026-05-08 23:12:23,524 | INFO | ML PREDICTION | PREDICTION=other | CONFIDENCE=58.21 | TITLE=Shift of wildlife trafficking to the North East–Myanmar corridor - INSIGHTS IAS
2026-05-08 23:12:23,562 | INFO | SEMANTIC SCORE | SCORE=74.97 | TITLE=Shift of wildlife trafficking to the North East–Myanmar corridor - INSIGHTS IAS
2026-05-08 23:12:23,562 | WARNING | ARTICLE REJECTED | REASON=Low confidence | TITLE=Shift of wildlife trafficking to the North East–Myanmar corridor - INSIGHTS IAS
2026-05-08 23:12:27,153 | WARNING | ARTICLE REJECTED | REASON=Validated | TITLE=Outpacing wildlife traffickers through regional action - International Fund for Animal Welfare | IFAW
2026-05-08 23:12:30,230 | INFO | ML PREDICTION | PREDICTION=crime | CONFIDENCE=72.15 | TITLE=Shahtoosh Trader Convicted in Landmark Wildlife Crime Case spanning 17 years - orissadiary.com
2026-05-08 23:12:30,333 | INFO | SEMANTIC SCORE | SCORE=45.6 | TITLE=Shahtoosh Trader Convicted in Landmark Wildlife Crime Case spanning 17 years - orissadiary.com
2026-05-08 23:12:30,334 | WARNING | ARTICLE REJECTED | REASON=Low confidence | TITLE=Shahtoosh Trader Convicted in Landmark Wildlife Crime Case spanning 17 years - orissadiary.com
2026-05-08 23:12:33,088 | WARNING | ARTICLE REJECTED | REASON=Validated | TITLE=NE border attracts MP, Maharashtra poachers - The New Indian Express
2026-05-08 23:12:35,189 | INFO | ML PREDICTION | PREDICTION=crime | CONFIDENCE=74.06 | TITLE=61 arrested in tri-state wildlife crime crackdown as forest teams seize pangolin scales, skins - Telegraph India
2026-05-08 23:12:35,311 | INFO | SEMANTIC SCORE | SCORE=71.94 | TITLE=61 arrested in tri-state wildlife crime crackdown as forest teams seize pangolin scales, skins - Telegraph India
2026-05-08 23:12:35,311 | WARNING | ARTICLE REJECTED | REASON=Low confidence | TITLE=61 arrested in tri-state wildlife crime crackdown as forest teams seize pangolin scales, skins - Telegraph India
2026-05-08 23:12:38,415 | INFO | ML PREDICTION | PREDICTION=crime | CONFIDENCE=65.29 | TITLE=Wildlife crime thrives in least forested Punjab - The Hindu
2026-05-08 23:12:38,536 | INFO | SEMANTIC SCORE | SCORE=48.88 | TITLE=Wildlife crime thrives in least forested Punjab - The Hindu
2026-05-08 23:12:38,537 | WARNING | ARTICLE REJECTED | REASON=Low confidence | TITLE=Wildlife crime thrives in least forested Punjab - The Hindu
2026-05-08 23:12:42,056 | INFO | ML PREDICTION | PREDICTION=crime | CONFIDENCE=73.34 | TITLE=Kerala: Forest officials bust wildlife trafficking gang trying to sell tiger skin, claws, teeth; 7 held - The Times of India
2026-05-08 23:12:42,132 | INFO | SEMANTIC SCORE | SCORE=60.94 | TITLE=Kerala: Forest officials bust wildlife trafficking gang trying to sell tiger skin, claws, teeth; 7 held - The Times of India
2026-05-08 23:12:43,908 | INFO | DATABASE SAVE | INCIDENT=CLUSTER-20260508231243
2026-05-08 23:12:43,909 | INFO | ARTICLE ACCEPTED | CONFIDENCE=63.95 | TITLE=Kerala: Forest officials bust wildlife trafficking gang trying to sell tiger skin, claws, teeth; 7 held - The Times of India
2026-05-08 23:12:48,657 | INFO | ML PREDICTION | PREDICTION=crime | CONFIDENCE=52.83 | TITLE=Six wildlife sniffer dogs begin intensive refresher training to combat wildlife crime - WWF India
2026-05-08 23:12:48,705 | INFO | SEMANTIC SCORE | SCORE=45.2 | TITLE=Six wildlife sniffer dogs begin intensive refresher training to combat wildlife crime - WWF India
2026-05-08 23:12:48,706 | WARNING | ARTICLE REJECTED | REASON=Low confidence | TITLE=Six wildlife sniffer dogs begin intensive refresher training to combat wildlife crime - WWF India
2026-05-08 23:12:51,396 | INFO | ML PREDICTION | PREDICTION=crime | CONFIDENCE=66.64 | TITLE=Inquiry flags lack of funds for forensic tests in wildlife crime probes in Karnataka - The Times of India
2026-05-08 23:12:51,506 | INFO | SEMANTIC SCORE | SCORE=47.77 | TITLE=Inquiry flags lack of funds for forensic tests in wildlife crime probes in Karnataka - The Times of India
2026-05-08 23:12:51,506 | WARNING | ARTICLE REJECTED | REASON=Low confidence | TITLE=Inquiry flags lack of funds for forensic tests in wildlife crime probes in Karnataka - The Times of India
2026-05-08 23:12:54,631 | WARNING | ARTICLE REJECTED | REASON=Validated | TITLE=RhODIS India: Forensic science to the rescue of rhinos - WWF India
2026-05-08 23:12:57,352 | INFO | ML PREDICTION | PREDICTION=crime | CONFIDENCE=83.02 | TITLE=Palamu Tiger Reserve Seizes 60kg Pangolin Scales, Busts Wildlife Crime Network Across States - The Times of India
2026-05-08 23:12:57,516 | INFO | SEMANTIC SCORE | SCORE=54.03 | TITLE=Palamu Tiger Reserve Seizes 60kg Pangolin Scales, Busts Wildlife Crime Network Across States - The Times of India
2026-05-08 23:12:57,517 | WARNING | ARTICLE REJECTED | REASON=Low confidence | TITLE=Palamu Tiger Reserve Seizes 60kg Pangolin Scales, Busts Wildlife Crime Network Across States - The Times of India
2026-05-08 23:13:01,078 | INFO | ML PREDICTION | PREDICTION=crime | CONFIDENCE=74.89 | TITLE=Woman wanted by Interpol for trafficking tiger parts arrested in India - BBC
2026-05-08 23:13:01,136 | INFO | SEMANTIC SCORE | SCORE=45.46 | TITLE=Woman wanted by Interpol for trafficking tiger parts arrested in India - BBC
2026-05-08 23:13:01,137 | WARNING | ARTICLE REJECTED | REASON=Low confidence | TITLE=Woman wanted by Interpol for trafficking tiger parts arrested in India - BBC
2026-05-08 23:13:04,340 | WARNING | ARTICLE REJECTED | REASON=Validation failure | TITLE=Conservationists push for dedicated wildlife crime unit in Maharashtra - Mid-day
2026-05-08 23:13:09,202 | INFO | ML PREDICTION | PREDICTION=crime | CONFIDENCE=65.7 | TITLE=9 jailed for 3 yrs in 4 wildlife crime cases in Alipurduar - The Times of India
2026-05-08 23:13:09,233 | INFO | SEMANTIC SCORE | SCORE=61.93 | TITLE=9 jailed for 3 yrs in 4 wildlife crime cases in Alipurduar - The Times of India
2026-05-08 23:13:09,233 | WARNING | ARTICLE REJECTED | REASON=Low confidence | TITLE=9 jailed for 3 yrs in 4 wildlife crime cases in Alipurduar - The Times of India
2026-05-08 23:13:11,892 | WARNING | ARTICLE REJECTED | REASON=Validated | TITLE=India defends animal imports, calls wildlife governance ‘unmatched’ - Mongabay-India
2026-05-08 23:13:15,559 | INFO | ML PREDICTION | PREDICTION=other | CONFIDENCE=70.39 | TITLE=Animal Trafficking Reaches Record High In 2025: Interpol - NDTV
2026-05-08 23:13:15,597 | INFO | SEMANTIC SCORE | SCORE=65.89 | TITLE=Animal Trafficking Reaches Record High In 2025: Interpol - NDTV
2026-05-08 23:13:15,597 | WARNING | ARTICLE REJECTED | REASON=Low confidence | TITLE=Animal Trafficking Reaches Record High In 2025: Interpol - NDTV
2026-05-08 23:13:19,187 | INFO | ML PREDICTION | PREDICTION=other | CONFIDENCE=63.2 | TITLE=Decade-old case gets fresh life as woman at centre of India’s biggest wildlife trafficking operation is arrested - The Indian Express
2026-05-08 23:13:19,249 | INFO | SEMANTIC SCORE | SCORE=44.88 | TITLE=Decade-old case gets fresh life as woman at centre of India’s biggest wildlife trafficking operation is arrested - The Indian Express
2026-05-08 23:13:19,250 | WARNING | ARTICLE REJECTED | REASON=Low confidence | TITLE=Decade-old case gets fresh life as woman at centre of India’s biggest wildlife trafficking operation is arrested - The Indian Express
2026-05-08 23:13:22,455 | WARNING | ARTICLE REJECTED | REASON=Validated | TITLE=India arrests INTERPOL-wanted wildlife trafficker in Sikkim after coordinated chase - Telegraph India
2026-05-08 23:13:25,886 | WARNING | ARTICLE REJECTED | REASON=Validation failure | TITLE=Interpol Notice And Movie-Style Arrest Of Wildlife Trafficker In Sikkim - NDTV
2026-05-08 23:13:28,036 | INFO | ML PREDICTION | PREDICTION=crime | CONFIDENCE=63.59 | TITLE=2-day wildlife crime prevention training held at PTR - The Times of India
2026-05-08 23:13:28,076 | INFO | SEMANTIC SCORE | SCORE=42.57 | TITLE=2-day wildlife crime prevention training held at PTR - The Times of India
2026-05-08 23:13:28,076 | WARNING | ARTICLE REJECTED | REASON=Low confidence | TITLE=2-day wildlife crime prevention training held at PTR - The Times of India
2026-05-08 23:13:31,021 | INFO | ML PREDICTION | PREDICTION=other | CONFIDENCE=50.76 | TITLE=Vanishing Wings: Exposing the organised radical syndicates behind the wildlife trafficking crisis of Bharat - Organiser
2026-05-08 23:13:31,074 | INFO | SEMANTIC SCORE | SCORE=67.98 | TITLE=Vanishing Wings: Exposing the organised radical syndicates behind the wildlife trafficking crisis of Bharat - Organiser
2026-05-08 23:13:31,074 | WARNING | ARTICLE REJECTED | REASON=Low confidence | TITLE=Vanishing Wings: Exposing the organised radical syndicates behind the wildlife trafficking crisis of Bharat - Organiser
2026-05-08 23:13:34,857 | WARNING | ARTICLE REJECTED | REASON=Validated | TITLE=CITES withdraws recommendation to suspend trade of endangered species to India - Mongabay-India
2026-05-08 23:13:38,379 | INFO | ML PREDICTION | PREDICTION=crime | CONFIDENCE=56.94 | TITLE=Major wildlife trafficking haul in Assam–Nagaland border, one arrested - India Today NE
2026-05-08 23:13:38,426 | INFO | SEMANTIC SCORE | SCORE=66.26 | TITLE=Major wildlife trafficking haul in Assam–Nagaland border, one arrested - India Today NE
2026-05-08 23:13:38,427 | WARNING | ARTICLE REJECTED | REASON=Low confidence | TITLE=Major wildlife trafficking haul in Assam–Nagaland border, one arrested - India Today NE
2026-05-08 23:13:41,908 | WARNING | ARTICLE REJECTED | REASON=Validated | TITLE=Wildlife Management in India - ClearIAS
2026-05-08 23:13:45,876 | INFO | ML PREDICTION | PREDICTION=crime | CONFIDENCE=63.27 | TITLE=Inter-state Wildlife Crime Syndicate Dismantled, Female Smuggler Arrested For First Time - ETV Bharat
2026-05-08 23:13:45,926 | INFO | SEMANTIC SCORE | SCORE=59.49 | TITLE=Inter-state Wildlife Crime Syndicate Dismantled, Female Smuggler Arrested For First Time - ETV Bharat
2026-05-08 23:13:45,927 | WARNING | ARTICLE REJECTED | REASON=Low confidence | TITLE=Inter-state Wildlife Crime Syndicate Dismantled, Female Smuggler Arrested For First Time - ETV Bharat
2026-05-08 23:13:50,571 | INFO | ML PREDICTION | PREDICTION=crime | CONFIDENCE=68.6 | TITLE=WCCB & MP Tiger Strike Force Joint Operation Arrested International Wildlife Trafficker in India After INTERPOL Red Notice Alert - Indianmasterminds
2026-05-08 23:13:50,636 | INFO | SEMANTIC SCORE | SCORE=60.09 | TITLE=WCCB & MP Tiger Strike Force Joint Operation Arrested International Wildlife Trafficker in India After INTERPOL Red Notice Alert - Indianmasterminds
2026-05-08 23:13:53,287 | INFO | DATABASE SAVE | INCIDENT=CLUSTER-20260508231353
2026-05-08 23:13:53,288 | INFO | ARTICLE ACCEPTED | CONFIDENCE=62.04 | TITLE=WCCB & MP Tiger Strike Force Joint Operation Arrested International Wildlife Trafficker in India After INTERPOL Red Notice Alert - Indianmasterminds
2026-05-08 23:13:56,318 | INFO | ML PREDICTION | PREDICTION=other | CONFIDENCE=51.92 | TITLE=Banned wildlife trade busted: Three arrested for wildlife trophy possession; Investigation hints at a wid - The Times of India
2026-05-08 23:13:56,371 | INFO | SEMANTIC SCORE | SCORE=68.93 | TITLE=Banned wildlife trade busted: Three arrested for wildlife trophy possession; Investigation hints at a wid - The Times of India
2026-05-08 23:13:56,372 | WARNING | ARTICLE REJECTED | REASON=Low confidence | TITLE=Banned wildlife trade busted: Three arrested for wildlife trophy possession; Investigation hints at a wid - The Times of India
2026-05-08 23:13:59,479 | INFO | ML PREDICTION | PREDICTION=crime | CONFIDENCE=72.44 | TITLE=Global tiger trafficking crisis worsens with nine big cats seized monthly - AP News
2026-05-08 23:13:59,530 | INFO | SEMANTIC SCORE | SCORE=48.19 | TITLE=Global tiger trafficking crisis worsens with nine big cats seized monthly - AP News
2026-05-08 23:13:59,531 | WARNING | ARTICLE REJECTED | REASON=Low confidence | TITLE=Global tiger trafficking crisis worsens with nine big cats seized monthly - AP News
2026-05-08 23:14:04,310 | INFO | ML PREDICTION | PREDICTION=other | CONFIDENCE=79.99 | TITLE=Gujarat: Wildlife trade racket busted, Indian star tortoises and rose-ringed parakeets rescued - The Hans India
2026-05-08 23:14:04,399 | INFO | SEMANTIC SCORE | SCORE=54.52 | TITLE=Gujarat: Wildlife trade racket busted, Indian star tortoises and rose-ringed parakeets rescued - The Hans India
2026-05-08 23:14:04,400 | WARNING | ARTICLE REJECTED | REASON=Low confidence | TITLE=Gujarat: Wildlife trade racket busted, Indian star tortoises and rose-ringed parakeets rescued - The Hans India
2026-05-08 23:14:06,745 | WARNING | ARTICLE REJECTED | REASON=Validated | TITLE=A Wake-Up Call for India’s Wildlife Governance - Drishti IAS
2026-05-08 23:14:10,452 | INFO | ML PREDICTION | PREDICTION=other | CONFIDENCE=50.33 | TITLE=Strengthening law enforcement capacity to curb wildlife crime in Madhya Pradesh - WWF India
2026-05-08 23:14:10,504 | INFO | SEMANTIC SCORE | SCORE=59.41 | TITLE=Strengthening law enforcement capacity to curb wildlife crime in Madhya Pradesh - WWF India
2026-05-08 23:14:10,505 | WARNING | ARTICLE REJECTED | REASON=Low confidence | TITLE=Strengthening law enforcement capacity to curb wildlife crime in Madhya Pradesh - WWF India
2026-05-08 23:14:13,205 | WARNING | ARTICLE REJECTED | REASON=Validation failure | TITLE=Wildlife Conservation in India: Constitutional & Institutional Framework, Challenges, Schemes, and Initiatives - Sanskriti IAS
2026-05-08 23:14:16,386 | INFO | ML PREDICTION | PREDICTION=crime | CONFIDENCE=54.31 | TITLE=From blackbuck seizure to syndicate bust: MP wildlife crime probe uncovers cross-border hunts - The Economic Times
2026-05-08 23:14:16,433 | INFO | SEMANTIC SCORE | SCORE=55.52 | TITLE=From blackbuck seizure to syndicate bust: MP wildlife crime probe uncovers cross-border hunts - The Economic Times
2026-05-08 23:14:16,433 | WARNING | ARTICLE REJECTED | REASON=Low confidence | TITLE=From blackbuck seizure to syndicate bust: MP wildlife crime probe uncovers cross-border hunts - The Economic Times
2026-05-08 23:14:19,253 | INFO | ML PREDICTION | PREDICTION=other | CONFIDENCE=66.95 | TITLE=[Explainer] Why is India a major hub for wildlife trafficking? - Mongabay-India
2026-05-08 23:14:19,292 | INFO | SEMANTIC SCORE | SCORE=55.34 | TITLE=[Explainer] Why is India a major hub for wildlife trafficking? - Mongabay-India
2026-05-08 23:14:19,293 | WARNING | ARTICLE REJECTED | REASON=Low confidence | TITLE=[Explainer] Why is India a major hub for wildlife trafficking? - Mongabay-India
2026-05-08 23:14:22,329 | INFO | ML PREDICTION | PREDICTION=other | CONFIDENCE=57.04 | TITLE=WILDLIFE CRIME CONTROL BUREAU FROM INDIA AND NEPAL MEET TO STRENGTHEN COLLABORATION FOR CURBING - WWF India
2026-05-08 23:14:22,373 | INFO | SEMANTIC SCORE | SCORE=50.3 | TITLE=WILDLIFE CRIME CONTROL BUREAU FROM INDIA AND NEPAL MEET TO STRENGTHEN COLLABORATION FOR CURBING - WWF India
2026-05-08 23:14:22,373 | WARNING | ARTICLE REJECTED | REASON=Low confidence | TITLE=WILDLIFE CRIME CONTROL BUREAU FROM INDIA AND NEPAL MEET TO STRENGTHEN COLLABORATION FOR CURBING - WWF India
2026-05-08 23:14:26,024 | WARNING | ARTICLE REJECTED | REASON=Validated | TITLE=Wildlife-Related Crime Numbers Witness a Significant Decline - FACTLY
2026-05-08 23:14:29,148 | INFO | ML PREDICTION | PREDICTION=other | CONFIDENCE=77.53 | TITLE=BHUTAN, INDIA, AND NEPAL COLLABORATE TO COUNTER WILDLIFE TRAFFICKING IN SOUTH ASIA - WWF India
2026-05-08 23:14:29,258 | INFO | SEMANTIC SCORE | SCORE=57.18 | TITLE=BHUTAN, INDIA, AND NEPAL COLLABORATE TO COUNTER WILDLIFE TRAFFICKING IN SOUTH ASIA - WWF India
2026-05-08 23:14:29,260 | WARNING | ARTICLE REJECTED | REASON=Low confidence | TITLE=BHUTAN, INDIA, AND NEPAL COLLABORATE TO COUNTER WILDLIFE TRAFFICKING IN SOUTH ASIA - WWF India
2026-05-08 23:14:32,421 | INFO | ML PREDICTION | PREDICTION=crime | CONFIDENCE=51.01 | TITLE=Wildlife crime cases in India decline significantly: Govt - Deccan Herald
2026-05-08 23:14:32,462 | INFO | SEMANTIC SCORE | SCORE=58.47 | TITLE=Wildlife crime cases in India decline significantly: Govt - Deccan Herald
2026-05-08 23:14:32,463 | WARNING | ARTICLE REJECTED | REASON=Low confidence | TITLE=Wildlife crime cases in India decline significantly: Govt - Deccan Herald
2026-05-08 23:14:35,829 | WARNING | ARTICLE REJECTED | REASON=Validated | TITLE=Global biodiversity assessment counters Supreme Court’s clean chit to Vantara - Mongabay-India
2026-05-08 23:14:38,192 | WARNING | ARTICLE REJECTED | REASON=Validated | TITLE=India: Our endangered wildlife - a cause for concern - United Nations Office on Drugs and Crime
2026-05-08 23:14:41,329 | WARNING | ARTICLE REJECTED | REASON=Validation failure | TITLE=Increase in gibbon trafficking into India has conservationists worried - news - Mongabay
2026-05-08 23:14:46,080 | INFO | ML PREDICTION | PREDICTION=crime | CONFIDENCE=63.08 | TITLE=Decoding solutions: curbing online wildlife crime in India - Traffic.org
2026-05-08 23:14:46,153 | INFO | SEMANTIC SCORE | SCORE=60.7 | TITLE=Decoding solutions: curbing online wildlife crime in India - Traffic.org
2026-05-08 23:14:46,154 | WARNING | ARTICLE REJECTED | REASON=Low confidence | TITLE=Decoding solutions: curbing online wildlife crime in India - Traffic.org
2026-05-08 23:14:49,931 | WARNING | ARTICLE REJECTED | REASON=Validated | TITLE=INDIA AND NEPAL MEET TO ADDRESS CHALLENGES TO CURBING ILLEGAL WILDLIFE TRADE - WWF India
2026-05-08 23:14:53,314 | INFO | ML PREDICTION | PREDICTION=other | CONFIDENCE=50.77 | TITLE=Odisha introduces HAWK to strengthen wildlife crime intel - The New Indian Express
2026-05-08 23:14:53,350 | INFO | SEMANTIC SCORE | SCORE=46.85 | TITLE=Odisha introduces HAWK to strengthen wildlife crime intel - The New Indian Express
2026-05-08 23:14:53,350 | WARNING | ARTICLE REJECTED | REASON=Low confidence | TITLE=Odisha introduces HAWK to strengthen wildlife crime intel - The New Indian Express
2026-05-08 23:14:57,228 | INFO | ML PREDICTION | PREDICTION=crime | CONFIDENCE=63.08 | TITLE=How DNA detectives are unmasking wildlife crime in India - Nature
2026-05-08 23:14:57,269 | INFO | SEMANTIC SCORE | SCORE=55.67 | TITLE=How DNA detectives are unmasking wildlife crime in India - Nature
2026-05-08 23:14:57,272 | WARNING | ARTICLE REJECTED | REASON=Low confidence | TITLE=How DNA detectives are unmasking wildlife crime in India - Nature
2026-05-08 23:15:00,353 | INFO | ML PREDICTION | PREDICTION=crime | CONFIDENCE=74.64 | TITLE=Wildlife Crime - ClearIAS
2026-05-08 23:15:00,465 | INFO | SEMANTIC SCORE | SCORE=69.26 | TITLE=Wildlife Crime - ClearIAS
2026-05-08 23:15:00,466 | WARNING | ARTICLE REJECTED | REASON=Low confidence | TITLE=Wildlife Crime - ClearIAS
2026-05-08 23:15:03,777 | INFO | ML PREDICTION | PREDICTION=other | CONFIDENCE=51.01 | TITLE=How India Is Using AI to Stop Poaching: 5 Tech Initiatives Protecting Wildlife - The Better India
2026-05-08 23:15:03,885 | INFO | SEMANTIC SCORE | SCORE=44.32 | TITLE=How India Is Using AI to Stop Poaching: 5 Tech Initiatives Protecting Wildlife - The Better India
2026-05-08 23:15:03,887 | WARNING | ARTICLE REJECTED | REASON=Low confidence | TITLE=How India Is Using AI to Stop Poaching: 5 Tech Initiatives Protecting Wildlife - The Better India
2026-05-08 23:15:07,953 | INFO | ML PREDICTION | PREDICTION=other | CONFIDENCE=63.59 | TITLE=SOUTH ASIAN COUNTRIES MEET AGAIN TO STRENGTHEN EFFORTS TO CURB WILDLIFE TRAFFICKING - WWF India
2026-05-08 23:15:08,006 | INFO | SEMANTIC SCORE | SCORE=43.61 | TITLE=SOUTH ASIAN COUNTRIES MEET AGAIN TO STRENGTHEN EFFORTS TO CURB WILDLIFE TRAFFICKING - WWF India
2026-05-08 23:15:08,006 | WARNING | ARTICLE REJECTED | REASON=Low confidence | TITLE=SOUTH ASIAN COUNTRIES MEET AGAIN TO STRENGTHEN EFFORTS TO CURB WILDLIFE TRAFFICKING - WWF India
2026-05-08 23:15:11,336 | INFO | ML PREDICTION | PREDICTION=other | CONFIDENCE=50.92 | TITLE=How a 24x7 Forest Station in Andaman Is Fighting Wildlife Crime & Saving Animals - The Better India
2026-05-08 23:15:11,451 | INFO | SEMANTIC SCORE | SCORE=44.39 | TITLE=How a 24x7 Forest Station in Andaman Is Fighting Wildlife Crime & Saving Animals - The Better India
2026-05-08 23:15:11,451 | WARNING | ARTICLE REJECTED | REASON=Low confidence | TITLE=How a 24x7 Forest Station in Andaman Is Fighting Wildlife Crime & Saving Animals - The Better India
2026-05-08 23:15:13,689 | INFO | ML PREDICTION | PREDICTION=crime | CONFIDENCE=60.44 | TITLE=Nepal collaborates with neighbors to gain wildlife crime intel but struggles with enforcement - news - Mongabay
2026-05-08 23:15:13,739 | INFO | SEMANTIC SCORE | SCORE=54.57 | TITLE=Nepal collaborates with neighbors to gain wildlife crime intel but struggles with enforcement - news - Mongabay
2026-05-08 23:15:13,740 | WARNING | ARTICLE REJECTED | REASON=Low confidence | TITLE=Nepal collaborates with neighbors to gain wildlife crime intel but struggles with enforcement - news - Mongabay
2026-05-08 23:15:17,370 | INFO | ML PREDICTION | PREDICTION=other | CONFIDENCE=51.48 | TITLE=How India is curbing wildlife trafficking - DD News
2026-05-08 23:15:17,437 | INFO | SEMANTIC SCORE | SCORE=62.23 | TITLE=How India is curbing wildlife trafficking - DD News
2026-05-08 23:15:17,438 | WARNING | ARTICLE REJECTED | REASON=Low confidence | TITLE=How India is curbing wildlife trafficking - DD News
2026-05-08 23:15:21,181 | WARNING | ARTICLE REJECTED | REASON=Validation failure | TITLE=World Environment Day 2021-India’s Commitment Towards Stopping Illegal Wildlife Trafficking - Welcome to the United Nations
2026-05-08 23:15:24,277 | INFO | ML PREDICTION | PREDICTION=crime | CONFIDENCE=69.92 | TITLE=Tantric rituals lead to wildlife crime arrest, 1 held - The Times of India
2026-05-08 23:15:24,320 | INFO | SEMANTIC SCORE | SCORE=41.22 | TITLE=Tantric rituals lead to wildlife crime arrest, 1 held - The Times of India
2026-05-08 23:15:24,321 | WARNING | ARTICLE REJECTED | REASON=Low confidence | TITLE=Tantric rituals lead to wildlife crime arrest, 1 held - The Times of India
2026-05-08 23:15:27,985 | INFO | ML PREDICTION | PREDICTION=other | CONFIDENCE=70.66 | TITLE=ENFORCEMENT AGENCIES TRAIN TOGETHER TO STOP WILDLIFE TRAFFICKING ACROSS INDIA’S HIMALAYAS - WWF India
2026-05-08 23:15:28,042 | INFO | SEMANTIC SCORE | SCORE=61.13 | TITLE=ENFORCEMENT AGENCIES TRAIN TOGETHER TO STOP WILDLIFE TRAFFICKING ACROSS INDIA’S HIMALAYAS - WWF India
2026-05-08 23:15:28,043 | WARNING | ARTICLE REJECTED | REASON=Low confidence | TITLE=ENFORCEMENT AGENCIES TRAIN TOGETHER TO STOP WILDLIFE TRAFFICKING ACROSS INDIA’S HIMALAYAS - WWF India
2026-05-08 23:15:30,267 | INFO | ML PREDICTION | PREDICTION=crime | CONFIDENCE=51.01 | TITLE=Wildlife crime cases in India decline significantly from 2020 to 2024: Govt - ThePrint
2026-05-08 23:15:30,403 | INFO | SEMANTIC SCORE | SCORE=57.44 | TITLE=Wildlife crime cases in India decline significantly from 2020 to 2024: Govt - ThePrint
2026-05-08 23:15:30,403 | WARNING | ARTICLE REJECTED | REASON=Low confidence | TITLE=Wildlife crime cases in India decline significantly from 2020 to 2024: Govt - ThePrint
2026-05-08 23:15:33,931 | WARNING | ARTICLE REJECTED | REASON=Validated | TITLE=NCRB report shows Ludhiana to be wildest city: India’s animal crime capital. - The Times of India
2026-05-08 23:15:37,552 | WARNING | ARTICLE REJECTED | REASON=Validation failure | TITLE=‘Not all animals migrate by choice’ campaign launched to raise awareness on illegal wildlife trade - PIB
2026-05-08 23:15:41,528 | INFO | ML PREDICTION | PREDICTION=other | CONFIDENCE=71.38 | TITLE=FIRST OF ITS KIND PROJECT LAUNCHES NEW TOOLS TO COMBAT WILDLIFE TRAFFICKING IN INDIA’S AIRPORT - WWF India
2026-05-08 23:15:41,595 | INFO | SEMANTIC SCORE | SCORE=60.22 | TITLE=FIRST OF ITS KIND PROJECT LAUNCHES NEW TOOLS TO COMBAT WILDLIFE TRAFFICKING IN INDIA’S AIRPORT - WWF India
2026-05-08 23:15:41,596 | WARNING | ARTICLE REJECTED | REASON=Low confidence | TITLE=FIRST OF ITS KIND PROJECT LAUNCHES NEW TOOLS TO COMBAT WILDLIFE TRAFFICKING IN INDIA’S AIRPORT - WWF India
2026-05-08 23:15:45,049 | INFO | ML PREDICTION | PREDICTION=crime | CONFIDENCE=55.37 | TITLE=[Video] Combatting wildlife crime with technology - Mongabay-India
2026-05-08 23:15:45,164 | INFO | SEMANTIC SCORE | SCORE=50.7 | TITLE=[Video] Combatting wildlife crime with technology - Mongabay-India
2026-05-08 23:15:45,165 | WARNING | ARTICLE REJECTED | REASON=Low confidence | TITLE=[Video] Combatting wildlife crime with technology - Mongabay-India
2026-05-08 23:15:47,415 | WARNING | ARTICLE REJECTED | REASON=Validated | TITLE=This invention is bad news for illegal hunters and poachers - FairPlanet
2026-05-08 23:15:50,300 | INFO | ML PREDICTION | PREDICTION=other | CONFIDENCE=65.76 | TITLE=Unique species in air passenger baggage exposes global reach of Thailand-India wild life smuggling - Traffic.org
2026-05-08 23:15:50,376 | INFO | SEMANTIC SCORE | SCORE=50.3 | TITLE=Unique species in air passenger baggage exposes global reach of Thailand-India wild life smuggling - Traffic.org
2026-05-08 23:15:50,377 | WARNING | ARTICLE REJECTED | REASON=Low confidence | TITLE=Unique species in air passenger baggage exposes global reach of Thailand-India wild life smuggling - Traffic.org
2026-05-08 23:15:52,779 | WARNING | ARTICLE REJECTED | REASON=Validation failure | TITLE=WORLD ENVIRONMENT DAY 2021-INDIA’S COMMITMENT TOWARDS STOPPING ILLEGAL WILDLIFE TRAFFICKING - WWF India
2026-05-08 23:15:57,319 | WARNING | ARTICLE REJECTED | REASON=Validation failure | TITLE=India’s Wildlife Conservation Milestones - PIB
2026-05-08 23:16:01,685 | INFO | ML PREDICTION | PREDICTION=other | CONFIDENCE=73.07 | TITLE=How Two Techies Are Helping Foresters Combat Wildlife Crimes With Technology - The Better India
2026-05-08 23:16:01,887 | INFO | SEMANTIC SCORE | SCORE=47.44 | TITLE=How Two Techies Are Helping Foresters Combat Wildlife Crimes With Technology - The Better India
2026-05-08 23:16:01,888 | WARNING | ARTICLE REJECTED | REASON=Low confidence | TITLE=How Two Techies Are Helping Foresters Combat Wildlife Crimes With Technology - The Better India
2026-05-08 23:16:05,465 | INFO | ML PREDICTION | PREDICTION=other | CONFIDENCE=56.92 | TITLE=Wildlife crime goes digital, WCCB increases vigilance - The New Indian Express
2026-05-08 23:16:05,589 | INFO | SEMANTIC SCORE | SCORE=56.28 | TITLE=Wildlife crime goes digital, WCCB increases vigilance - The New Indian Express
2026-05-08 23:16:05,591 | WARNING | ARTICLE REJECTED | REASON=Low confidence | TITLE=Wildlife crime goes digital, WCCB increases vigilance - The New Indian Express
2026-05-08 23:16:09,009 | INFO | ML PREDICTION | PREDICTION=other | CONFIDENCE=72.54 | TITLE=First of its kind project launches new tools to combat Wildlife Trafficking In India’s Airports - Traffic.org
2026-05-08 23:16:09,212 | INFO | SEMANTIC SCORE | SCORE=65.95 | TITLE=First of its kind project launches new tools to combat Wildlife Trafficking In India’s Airports - Traffic.org
2026-05-08 23:16:09,214 | WARNING | ARTICLE REJECTED | REASON=Low confidence | TITLE=First of its kind project launches new tools to combat Wildlife Trafficking In India’s Airports - Traffic.org
2026-05-08 23:16:13,063 | INFO | ML PREDICTION | PREDICTION=crime | CONFIDENCE=58.39 | TITLE=JUDICIARY TO HELP CURB WILDLIFE CRIME IN MEGHALAYA - WWF India
2026-05-08 23:16:13,198 | INFO | SEMANTIC SCORE | SCORE=50.16 | TITLE=JUDICIARY TO HELP CURB WILDLIFE CRIME IN MEGHALAYA - WWF India
2026-05-08 23:16:13,200 | WARNING | ARTICLE REJECTED | REASON=Low confidence | TITLE=JUDICIARY TO HELP CURB WILDLIFE CRIME IN MEGHALAYA - WWF India
2026-05-08 23:16:16,865 | INFO | ML PREDICTION | PREDICTION=other | CONFIDENCE=56.85 | TITLE=Caging Birds? You Could End Up Behind Bars, Warn Wildlife Crime Control Bureau and PETA India - PETA India
2026-05-08 23:16:17,024 | INFO | SEMANTIC SCORE | SCORE=45.03 | TITLE=Caging Birds? You Could End Up Behind Bars, Warn Wildlife Crime Control Bureau and PETA India - PETA India
2026-05-08 23:16:17,026 | WARNING | ARTICLE REJECTED | REASON=Low confidence | TITLE=Caging Birds? You Could End Up Behind Bars, Warn Wildlife Crime Control Bureau and PETA India - PETA India
2026-05-08 23:16:20,116 | INFO | ML PREDICTION | PREDICTION=crime | CONFIDENCE=87.33 | TITLE=GEARING UP TO FIGHT WILDLIFE CRIME AT MELGHAT TIGER RESERVE: FOREST OFFICIALS HONE THEIR SKILLS - WWF India
2026-05-08 23:16:20,157 | INFO | SEMANTIC SCORE | SCORE=52.72 | TITLE=GEARING UP TO FIGHT WILDLIFE CRIME AT MELGHAT TIGER RESERVE: FOREST OFFICIALS HONE THEIR SKILLS - WWF India
2026-05-08 23:16:20,158 | WARNING | ARTICLE REJECTED | REASON=Low confidence | TITLE=GEARING UP TO FIGHT WILDLIFE CRIME AT MELGHAT TIGER RESERVE: FOREST OFFICIALS HONE THEIR SKILLS - WWF India
2026-05-08 23:16:22,225 | INFO | ML PREDICTION | PREDICTION=other | CONFIDENCE=66.31 | TITLE=Bhutan, India, Nepal to counter wildlife trafficking - The Times of India
2026-05-08 23:16:22,264 | INFO | SEMANTIC SCORE | SCORE=54.07 | TITLE=Bhutan, India, Nepal to counter wildlife trafficking - The Times of India
2026-05-08 23:16:22,264 | WARNING | ARTICLE REJECTED | REASON=Low confidence | TITLE=Bhutan, India, Nepal to counter wildlife trafficking - The Times of India
2026-05-08 23:16:23,952 | WARNING | ARTICLE REJECTED | REASON=Validated | TITLE=The Media’s Disservice to India’s Wildlife That Only It Can Fix - The Wire Science
2026-05-08 23:16:26,807 | WARNING | ARTICLE REJECTED | REASON=Validated | TITLE=TRAFFIC initiative in India warns against buying illegal wildlife products - Traffic.org
2026-05-08 23:16:29,459 | INFO | ML PREDICTION | PREDICTION=crime | CONFIDENCE=52.73 | TITLE=Mizoram hosts two-day training to bolster wildlife crime investigation skills - India Today NE
2026-05-08 23:16:29,590 | INFO | SEMANTIC SCORE | SCORE=27.79 | TITLE=Mizoram hosts two-day training to bolster wildlife crime investigation skills - India Today NE
2026-05-08 23:16:29,592 | WARNING | ARTICLE REJECTED | REASON=Low confidence | TITLE=Mizoram hosts two-day training to bolster wildlife crime investigation skills - India Today NE
2026-05-08 23:16:32,107 | INFO | ML PREDICTION | PREDICTION=other | CONFIDENCE=73.33 | TITLE=Assam Forest Department learn new skills to crack wildlife cybercrime - Traffic.org
2026-05-08 23:16:32,191 | INFO | SEMANTIC SCORE | SCORE=56.15 | TITLE=Assam Forest Department learn new skills to crack wildlife cybercrime - Traffic.org
2026-05-08 23:16:32,192 | WARNING | ARTICLE REJECTED | REASON=Low confidence | TITLE=Assam Forest Department learn new skills to crack wildlife cybercrime - Traffic.org
2026-05-08 23:16:34,470 | WARNING | ARTICLE REJECTED | REASON=Validated | TITLE=EIGHT WILDLIFE SNIFFER DOGS SHARPEN THEIR 'PAWSOME' SKILLS TO HELP CURB ILLEGAL WILDLIFE TRADE - WWF India
2026-05-08 23:16:39,016 | INFO | ML PREDICTION | PREDICTION=other | CONFIDENCE=64.79 | TITLE=India’s Wildlife Trafficking Epidemic - The Diplomat – Asia-Pacific
2026-05-08 23:16:39,147 | INFO | SEMANTIC SCORE | SCORE=70.59 | TITLE=India’s Wildlife Trafficking Epidemic - The Diplomat – Asia-Pacific
2026-05-08 23:16:39,149 | WARNING | ARTICLE REJECTED | REASON=Low confidence | TITLE=India’s Wildlife Trafficking Epidemic - The Diplomat – Asia-Pacific
2026-05-08 23:16:42,974 | INFO | ML PREDICTION | PREDICTION=other | CONFIDENCE=60.8 | TITLE=‘Wildlife terrorism’ major emerging global problem: WCCB officer - The Hindu
2026-05-08 23:16:43,104 | INFO | SEMANTIC SCORE | SCORE=55.2 | TITLE=‘Wildlife terrorism’ major emerging global problem: WCCB officer - The Hindu
2026-05-08 23:16:43,105 | WARNING | ARTICLE REJECTED | REASON=Low confidence | TITLE=‘Wildlife terrorism’ major emerging global problem: WCCB officer - The Hindu
2026-05-08 23:16:47,038 | WARNING | ARTICLE REJECTED | REASON=Validated | TITLE=Excess Baggage: How wildlife is trafficked by air in and out of India - Mongabay-India
2026-05-08 23:16:51,487 | INFO | ML PREDICTION | PREDICTION=crime | CONFIDENCE=60.22 | TITLE=Jaldapara leads India’s fight against wildlife crime - Tehelka
2026-05-08 23:16:51,642 | INFO | SEMANTIC SCORE | SCORE=46.93 | TITLE=Jaldapara leads India’s fight against wildlife crime - Tehelka
2026-05-08 23:16:51,644 | WARNING | ARTICLE REJECTED | REASON=Low confidence | TITLE=Jaldapara leads India’s fight against wildlife crime - Tehelka
2026-05-08 23:16:56,088 | WARNING | ARTICLE REJECTED | REASON=Validated | TITLE=‘Easy to blame China; but India’s wildlife trade is thriving too’ - The Hindu
2026-05-08 23:17:00,196 | WARNING | ARTICLE REJECTED | REASON=Validated | TITLE=Can Tech Stop Animal Poachers in Their Tracks? - Mother Jones
2026-05-08 23:17:05,612 | INFO | ML PREDICTION | PREDICTION=other | CONFIDENCE=56.59 | TITLE=Yami Gautam joins the fight against wildlife crime in India - WWF India
2026-05-08 23:17:05,755 | INFO | SEMANTIC SCORE | SCORE=48.45 | TITLE=Yami Gautam joins the fight against wildlife crime in India - WWF India
2026-05-08 23:17:05,756 | WARNING | ARTICLE REJECTED | REASON=Low confidence | TITLE=Yami Gautam joins the fight against wildlife crime in India - WWF India
2026-05-08 23:17:10,363 | WARNING | ARTICLE REJECTED | REASON=Validated | TITLE=NGO Flags Rise in Illegal Wildlife Trade Guised as ‘Zoo Transfers’, Including to India - TheWire.in
2026-05-08 23:17:14,345 | INFO | ML PREDICTION | PREDICTION=other | CONFIDENCE=70.35 | TITLE=US and India Co-operate to Combat Illegal Trade in Wildlife - Traffic.org
2026-05-08 23:17:14,521 | INFO | SEMANTIC SCORE | SCORE=66.85 | TITLE=US and India Co-operate to Combat Illegal Trade in Wildlife - Traffic.org
2026-05-08 23:17:14,523 | WARNING | ARTICLE REJECTED | REASON=Low confidence | TITLE=US and India Co-operate to Combat Illegal Trade in Wildlife - Traffic.org
2026-05-08 23:17:17,266 | INFO | ML PREDICTION | PREDICTION=other | CONFIDENCE=63.96 | TITLE=2054 cases registered for killing, trafficking of wild animals - The Hindu
2026-05-08 23:17:17,324 | INFO | SEMANTIC SCORE | SCORE=58.05 | TITLE=2054 cases registered for killing, trafficking of wild animals - The Hindu
2026-05-08 23:17:17,325 | WARNING | ARTICLE REJECTED | REASON=Low confidence | TITLE=2054 cases registered for killing, trafficking of wild animals - The Hindu
2026-05-08 23:17:19,848 | INFO | ML PREDICTION | PREDICTION=crime | CONFIDENCE=58.11 | TITLE=Can AI help India fight against wildlife trafficking and animal poaching? - IndiaAI
2026-05-08 23:17:19,897 | INFO | SEMANTIC SCORE | SCORE=52.5 | TITLE=Can AI help India fight against wildlife trafficking and animal poaching? - IndiaAI
2026-05-08 23:17:19,898 | WARNING | ARTICLE REJECTED | REASON=Low confidence | TITLE=Can AI help India fight against wildlife trafficking and animal poaching? - IndiaAI
2026-05-08 23:17:22,290 | INFO | ML PREDICTION | PREDICTION=crime | CONFIDENCE=56.99 | TITLE=Illegal wildlife trade busted from Crawford Market, man arrested - The Times of India
2026-05-08 23:17:22,357 | INFO | SEMANTIC SCORE | SCORE=71.81 | TITLE=Illegal wildlife trade busted from Crawford Market, man arrested - The Times of India
2026-05-08 23:17:22,358 | WARNING | ARTICLE REJECTED | REASON=Low confidence | TITLE=Illegal wildlife trade busted from Crawford Market, man arrested - The Times of India
2026-05-08 23:17:25,255 | INFO | ML PREDICTION | PREDICTION=other | CONFIDENCE=67.6 | TITLE=ITBP, Uttarakhand Forest Department and WCCB to coordinate efforts to curb trans-boundary illeg - WWF India
2026-05-08 23:17:25,355 | INFO | SEMANTIC SCORE | SCORE=35.47 | TITLE=ITBP, Uttarakhand Forest Department and WCCB to coordinate efforts to curb trans-boundary illeg - WWF India
2026-05-08 23:17:25,356 | WARNING | ARTICLE REJECTED | REASON=Low confidence | TITLE=ITBP, Uttarakhand Forest Department and WCCB to coordinate efforts to curb trans-boundary illeg - WWF India
2026-05-08 23:17:27,684 | INFO | ML PREDICTION | PREDICTION=crime | CONFIDENCE=56.4 | TITLE=Alarm bell on wildlife crime in the Northeast - The Sentinel - of this Land, for its People
2026-05-08 23:17:27,771 | INFO | SEMANTIC SCORE | SCORE=40.54 | TITLE=Alarm bell on wildlife crime in the Northeast - The Sentinel - of this Land, for its People
2026-05-08 23:17:27,772 | WARNING | ARTICLE REJECTED | REASON=Low confidence | TITLE=Alarm bell on wildlife crime in the Northeast - The Sentinel - of this Land, for its People
2026-05-08 23:17:30,294 | INFO | ML PREDICTION | PREDICTION=other | CONFIDENCE=53.14 | TITLE=Joint operation cracks down on illegal wildlife trade in Gujarat's Valsad; three held - ANI News
2026-05-08 23:17:30,372 | INFO | SEMANTIC SCORE | SCORE=54.27 | TITLE=Joint operation cracks down on illegal wildlife trade in Gujarat's Valsad; three held - ANI News
2026-05-08 23:17:30,372 | WARNING | ARTICLE REJECTED | REASON=Low confidence | TITLE=Joint operation cracks down on illegal wildlife trade in Gujarat's Valsad; three held - ANI News
2026-05-08 23:17:32,555 | WARNING | ARTICLE REJECTED | REASON=Validated | TITLE=India steps up efforts to combat wildlife trade - news - Mongabay
2026-05-08 23:17:34,536 | WARNING | ARTICLE REJECTED | REASON=Validation failure | TITLE=Who’s Hoo? How to identify owls in illegal wildlife trade this International Owl Awareness Day - WWF India
2026-05-08 23:17:39,524 | INFO | ML PREDICTION | PREDICTION=other | CONFIDENCE=63.71 | TITLE=A community leads protection of the pangolin in a critical illegal trade corridor - Mongabay-India
2026-05-08 23:17:39,574 | INFO | SEMANTIC SCORE | SCORE=64.77 | TITLE=A community leads protection of the pangolin in a critical illegal trade corridor - Mongabay-India
2026-05-08 23:17:39,575 | WARNING | ARTICLE REJECTED | REASON=Low confidence | TITLE=A community leads protection of the pangolin in a critical illegal trade corridor - Mongabay-India
2026-05-08 23:17:42,600 | INFO | ML PREDICTION | PREDICTION=crime | CONFIDENCE=50.46 | TITLE=Why NCRB Data Understates Wildlife Crime in India - Frontline Magazine
2026-05-08 23:17:42,641 | INFO | SEMANTIC SCORE | SCORE=56.1 | TITLE=Why NCRB Data Understates Wildlife Crime in India - Frontline Magazine
2026-05-08 23:17:42,642 | WARNING | ARTICLE REJECTED | REASON=Low confidence | TITLE=Why NCRB Data Understates Wildlife Crime in India - Frontline Magazine
2026-05-08 23:17:45,768 | INFO | ML PREDICTION | PREDICTION=other | CONFIDENCE=62.81 | TITLE=Tougher action to curb Southeast Asia-India wildlife smuggling by air - Traffic.org
2026-05-08 23:17:45,815 | INFO | SEMANTIC SCORE | SCORE=56.64 | TITLE=Tougher action to curb Southeast Asia-India wildlife smuggling by air - Traffic.org
2026-05-08 23:17:45,816 | WARNING | ARTICLE REJECTED | REASON=Low confidence | TITLE=Tougher action to curb Southeast Asia-India wildlife smuggling by air - Traffic.org
2026-05-08 23:17:48,637 | WARNING | ARTICLE REJECTED | REASON=Validated | TITLE=Rising illegal wildlife trade across Himalayan countries threatens the mountain ecosystem - Mongabay-India
2026-05-08 23:17:51,054 | WARNING | ARTICLE REJECTED | REASON=Validation failure | TITLE=Workshop in Bagdogra Targets Wildlife Trafficking - Arunachal24
2026-05-08 23:17:53,723 | INFO | ML PREDICTION | PREDICTION=other | CONFIDENCE=60.21 | TITLE=In unfamiliar lands: Trafficking of exotic wildlife species in India - WWF India
2026-05-08 23:17:53,768 | INFO | SEMANTIC SCORE | SCORE=71.19 | TITLE=In unfamiliar lands: Trafficking of exotic wildlife species in India - WWF India
2026-05-08 23:17:53,769 | WARNING | ARTICLE REJECTED | REASON=Low confidence | TITLE=In unfamiliar lands: Trafficking of exotic wildlife species in India - WWF India
2026-05-08 23:17:56,371 | WARNING | ARTICLE REJECTED | REASON=Validated | TITLE=Global rules, local gaps: Why CITES can’t help curb India’s domestic wildlife trade - Down To Earth
2026-05-08 23:17:59,120 | WARNING | ARTICLE REJECTED | REASON=Validated | TITLE=The anatomy of illicit wildlife trade In India - Dailyhunt
2026-05-08 23:18:01,427 | INFO | ML PREDICTION | PREDICTION=other | CONFIDENCE=58.21 | TITLE=Shift of wildlife trafficking to the North East–Myanmar corridor - INSIGHTS IAS
2026-05-08 23:18:01,572 | INFO | SEMANTIC SCORE | SCORE=74.97 | TITLE=Shift of wildlife trafficking to the North East–Myanmar corridor - INSIGHTS IAS
2026-05-08 23:18:01,572 | WARNING | ARTICLE REJECTED | REASON=Low confidence | TITLE=Shift of wildlife trafficking to the North East–Myanmar corridor - INSIGHTS IAS
2026-05-08 23:18:05,540 | INFO | ML PREDICTION | PREDICTION=crime | CONFIDENCE=74.89 | TITLE=Woman wanted by Interpol for trafficking tiger parts arrested in India - BBC
2026-05-08 23:18:05,587 | INFO | SEMANTIC SCORE | SCORE=45.46 | TITLE=Woman wanted by Interpol for trafficking tiger parts arrested in India - BBC
2026-05-08 23:18:05,588 | WARNING | ARTICLE REJECTED | REASON=Low confidence | TITLE=Woman wanted by Interpol for trafficking tiger parts arrested in India - BBC
2026-05-08 23:18:07,630 | INFO | ML PREDICTION | PREDICTION=crime | CONFIDENCE=67.45 | TITLE=The cost of cute: how ‘petfluencers’ are driving Asia’s wildlife crime - South China Morning Post
2026-05-08 23:18:07,676 | INFO | SEMANTIC SCORE | SCORE=42.53 | TITLE=The cost of cute: how ‘petfluencers’ are driving Asia’s wildlife crime - South China Morning Post
2026-05-08 23:18:07,677 | WARNING | ARTICLE REJECTED | REASON=Low confidence | TITLE=The cost of cute: how ‘petfluencers’ are driving Asia’s wildlife crime - South China Morning Post
2026-05-08 23:18:10,753 | WARNING | ARTICLE REJECTED | REASON=Validated | TITLE=NE border attracts MP, Maharashtra poachers - The New Indian Express
2026-05-08 23:18:13,352 | INFO | ML PREDICTION | PREDICTION=crime | CONFIDENCE=73.34 | TITLE=Kerala: Forest officials bust wildlife trafficking gang trying to sell tiger skin, claws, teeth; 7 held - The Times of India
2026-05-08 23:18:13,402 | INFO | SEMANTIC SCORE | SCORE=60.94 | TITLE=Kerala: Forest officials bust wildlife trafficking gang trying to sell tiger skin, claws, teeth; 7 held - The Times of India
2026-05-08 23:18:13,776 | WARNING | ARTICLE REJECTED | REASON=Duplicate article | TITLE=Kerala: Forest officials bust wildlife trafficking gang trying to sell tiger skin, claws, teeth; 7 held - The Times of India
2026-05-08 23:18:16,462 | INFO | ML PREDICTION | PREDICTION=other | CONFIDENCE=63.2 | TITLE=Decade-old case gets fresh life as woman at centre of India’s biggest wildlife trafficking operation is arrested - The Indian Express
2026-05-08 23:18:16,511 | INFO | SEMANTIC SCORE | SCORE=44.88 | TITLE=Decade-old case gets fresh life as woman at centre of India’s biggest wildlife trafficking operation is arrested - The Indian Express
2026-05-08 23:18:16,512 | WARNING | ARTICLE REJECTED | REASON=Low confidence | TITLE=Decade-old case gets fresh life as woman at centre of India’s biggest wildlife trafficking operation is arrested - The Indian Express
2026-05-08 23:18:20,417 | WARNING | ARTICLE REJECTED | REASON=Validated | TITLE=Outpacing wildlife traffickers through regional action - International Fund for Animal Welfare | IFAW
2026-05-08 23:18:22,100 | WARNING | ARTICLE REJECTED | REASON=Validated | TITLE=Exotic reptiles in illegal wildlife trade in India - WWF India
2026-05-08 23:18:23,796 | INFO | ML PREDICTION | PREDICTION=other | CONFIDENCE=53.1 | TITLE=Brazil police seize devices from bird expert in trafficking probe linked to Vantara zoo - news - Mongabay
2026-05-08 23:18:23,842 | INFO | SEMANTIC SCORE | SCORE=48.29 | TITLE=Brazil police seize devices from bird expert in trafficking probe linked to Vantara zoo - news - Mongabay
2026-05-08 23:18:23,842 | WARNING | ARTICLE REJECTED | REASON=Low confidence | TITLE=Brazil police seize devices from bird expert in trafficking probe linked to Vantara zoo - news - Mongabay
2026-05-08 23:18:25,731 | WARNING | ARTICLE REJECTED | REASON=Validated | TITLE=India defends animal imports, calls wildlife governance ‘unmatched’ - Mongabay-India
2026-05-08 23:18:28,217 | WARNING | ARTICLE REJECTED | REASON=Validated | TITLE=Global biodiversity assessment counters Supreme Court’s clean chit to Vantara - Mongabay-India
2026-05-08 23:18:31,151 | WARNING | ARTICLE REJECTED | REASON=Validated | TITLE=CITES withdraws recommendation to suspend trade of endangered species to India - Mongabay-India
2026-05-08 23:18:34,865 | INFO | ML PREDICTION | PREDICTION=other | CONFIDENCE=70.92 | TITLE=Operation Thunder, Highlights, Trends, Legal Framework - Vajiram & Ravi
2026-05-08 23:18:34,989 | INFO | SEMANTIC SCORE | SCORE=25.72 | TITLE=Operation Thunder, Highlights, Trends, Legal Framework - Vajiram & Ravi
2026-05-08 23:18:34,990 | WARNING | ARTICLE REJECTED | REASON=Low confidence | TITLE=Operation Thunder, Highlights, Trends, Legal Framework - Vajiram & Ravi
2026-05-08 23:18:38,485 | INFO | ML PREDICTION | PREDICTION=crime | CONFIDENCE=62.68 | TITLE=First CBI Prosecuted Wildlife Crime Case in India - usthadian.com
2026-05-08 23:18:38,550 | INFO | SEMANTIC SCORE | SCORE=62.72 | TITLE=First CBI Prosecuted Wildlife Crime Case in India - usthadian.com
2026-05-08 23:18:38,552 | WARNING | ARTICLE REJECTED | REASON=Low confidence | TITLE=First CBI Prosecuted Wildlife Crime Case in India - usthadian.com
2026-05-08 23:18:40,965 | INFO | ML PREDICTION | PREDICTION=other | CONFIDENCE=50.33 | TITLE=Strengthening law enforcement capacity to curb wildlife crime in Madhya Pradesh - WWF India
2026-05-08 23:18:41,087 | INFO | SEMANTIC SCORE | SCORE=59.41 | TITLE=Strengthening law enforcement capacity to curb wildlife crime in Madhya Pradesh - WWF India
2026-05-08 23:18:41,088 | WARNING | ARTICLE REJECTED | REASON=Low confidence | TITLE=Strengthening law enforcement capacity to curb wildlife crime in Madhya Pradesh - WWF India
2026-05-08 23:18:43,728 | INFO | ML PREDICTION | PREDICTION=other | CONFIDENCE=70.39 | TITLE=Animal Trafficking Reaches Record High In 2025: Interpol - NDTV
2026-05-08 23:18:43,765 | INFO | SEMANTIC SCORE | SCORE=65.89 | TITLE=Animal Trafficking Reaches Record High In 2025: Interpol - NDTV
2026-05-08 23:18:43,765 | WARNING | ARTICLE REJECTED | REASON=Low confidence | TITLE=Animal Trafficking Reaches Record High In 2025: Interpol - NDTV
2026-05-08 23:18:45,840 | INFO | ML PREDICTION | PREDICTION=other | CONFIDENCE=65.76 | TITLE=Unique species in air passenger baggage exposes global reach of Thailand-India wild life smuggling - Traffic.org
2026-05-08 23:18:45,891 | INFO | SEMANTIC SCORE | SCORE=50.3 | TITLE=Unique species in air passenger baggage exposes global reach of Thailand-India wild life smuggling - Traffic.org
2026-05-08 23:18:45,891 | WARNING | ARTICLE REJECTED | REASON=Low confidence | TITLE=Unique species in air passenger baggage exposes global reach of Thailand-India wild life smuggling - Traffic.org
2026-05-08 23:18:49,083 | INFO | ML PREDICTION | PREDICTION=crime | CONFIDENCE=63.3 | TITLE=India: Exotic apes seized at Mumbai airport - DW.com
2026-05-08 23:18:49,121 | INFO | SEMANTIC SCORE | SCORE=50.04 | TITLE=India: Exotic apes seized at Mumbai airport - DW.com
2026-05-08 23:18:49,121 | WARNING | ARTICLE REJECTED | REASON=Low confidence | TITLE=India: Exotic apes seized at Mumbai airport - DW.com
2026-05-08 23:18:52,606 | INFO | ML PREDICTION | PREDICTION=other | CONFIDENCE=72.32 | TITLE=Supreme Court orders investigation into Vantara - Mongabay-India
2026-05-08 23:18:52,639 | INFO | SEMANTIC SCORE | SCORE=22.01 | TITLE=Supreme Court orders investigation into Vantara - Mongabay-India
2026-05-08 23:18:52,640 | WARNING | ARTICLE REJECTED | REASON=Low confidence | TITLE=Supreme Court orders investigation into Vantara - Mongabay-India
2026-05-08 23:18:54,719 | INFO | ML PREDICTION | PREDICTION=crime | CONFIDENCE=69.93 | TITLE=Darke Lama: Kingpin of South Asia's wildlife trafficking network, now wanted by Interpol in 2015 MP tiger - The Times of India
2026-05-08 23:18:54,767 | INFO | SEMANTIC SCORE | SCORE=73.15 | TITLE=Darke Lama: Kingpin of South Asia's wildlife trafficking network, now wanted by Interpol in 2015 MP tiger - The Times of India
2026-05-08 23:18:54,768 | WARNING | ARTICLE REJECTED | REASON=Low confidence | TITLE=Darke Lama: Kingpin of South Asia's wildlife trafficking network, now wanted by Interpol in 2015 MP tiger - The Times of India
2026-05-08 23:18:57,692 | WARNING | ARTICLE REJECTED | REASON=Validated | TITLE=ADDING TEETH TO WILDLIFE LAW ENFORCEMENT - WWF India
2026-05-08 23:19:00,101 | INFO | ML PREDICTION | PREDICTION=crime | CONFIDENCE=50.68 | TITLE=World Pangolin Day 2026: 500,000+ pangolins seized globally between 2016 and 2024 - Down To Earth
2026-05-08 23:19:00,185 | INFO | SEMANTIC SCORE | SCORE=68.27 | TITLE=World Pangolin Day 2026: 500,000+ pangolins seized globally between 2016 and 2024 - Down To Earth
2026-05-08 23:19:00,186 | WARNING | ARTICLE REJECTED | REASON=Low confidence | TITLE=World Pangolin Day 2026: 500,000+ pangolins seized globally between 2016 and 2024 - Down To Earth
2026-05-08 23:19:02,847 | WARNING | ARTICLE REJECTED | REASON=Validated | TITLE=Tame the trade - Down To Earth
2026-05-08 23:19:05,640 | INFO | ML PREDICTION | PREDICTION=crime | CONFIDENCE=65.7 | TITLE=9 jailed for 3 yrs in 4 wildlife crime cases in Alipurduar - The Times of India
2026-05-08 23:19:05,726 | INFO | SEMANTIC SCORE | SCORE=61.93 | TITLE=9 jailed for 3 yrs in 4 wildlife crime cases in Alipurduar - The Times of India
2026-05-08 23:19:05,727 | WARNING | ARTICLE REJECTED | REASON=Low confidence | TITLE=9 jailed for 3 yrs in 4 wildlife crime cases in Alipurduar - The Times of India
2026-05-08 23:19:09,304 | INFO | ML PREDICTION | PREDICTION=crime | CONFIDENCE=51.01 | TITLE=Wildlife crime cases in India decline significantly: Govt - Deccan Herald
2026-05-08 23:19:09,416 | INFO | SEMANTIC SCORE | SCORE=58.47 | TITLE=Wildlife crime cases in India decline significantly: Govt - Deccan Herald
2026-05-08 23:19:09,417 | WARNING | ARTICLE REJECTED | REASON=Low confidence | TITLE=Wildlife crime cases in India decline significantly: Govt - Deccan Herald
2026-05-08 23:19:11,227 | INFO | ML PREDICTION | PREDICTION=other | CONFIDENCE=66.95 | TITLE=[Explainer] Why is India a major hub for wildlife trafficking? - Mongabay-India
2026-05-08 23:19:11,264 | INFO | SEMANTIC SCORE | SCORE=55.34 | TITLE=[Explainer] Why is India a major hub for wildlife trafficking? - Mongabay-India
2026-05-08 23:19:11,264 | WARNING | ARTICLE REJECTED | REASON=Low confidence | TITLE=[Explainer] Why is India a major hub for wildlife trafficking? - Mongabay-India
2026-05-08 23:19:14,359 | WARNING | ARTICLE REJECTED | REASON=Validated | TITLE=Wildlife-Related Crime Numbers Witness a Significant Decline - FACTLY
2026-05-08 23:19:17,834 | INFO | ML PREDICTION | PREDICTION=crime | CONFIDENCE=66.69 | TITLE=Jamshedpur Forest Officials Eye Kolkata Kingpin in Wildlife Smuggling Bust - The Times of India
2026-05-08 23:19:17,878 | INFO | SEMANTIC SCORE | SCORE=54.46 | TITLE=Jamshedpur Forest Officials Eye Kolkata Kingpin in Wildlife Smuggling Bust - The Times of India
2026-05-08 23:19:17,879 | WARNING | ARTICLE REJECTED | REASON=Low confidence | TITLE=Jamshedpur Forest Officials Eye Kolkata Kingpin in Wildlife Smuggling Bust - The Times of India
2026-05-08 23:19:21,361 | INFO | ML PREDICTION | PREDICTION=crime | CONFIDENCE=72.44 | TITLE=Global tiger trafficking crisis worsens with nine big cats seized monthly - AP News
2026-05-08 23:19:21,420 | INFO | SEMANTIC SCORE | SCORE=48.19 | TITLE=Global tiger trafficking crisis worsens with nine big cats seized monthly - AP News
2026-05-08 23:19:21,421 | WARNING | ARTICLE REJECTED | REASON=Low confidence | TITLE=Global tiger trafficking crisis worsens with nine big cats seized monthly - AP News
2026-05-08 23:19:23,754 | WARNING | ARTICLE REJECTED | REASON=Validated | TITLE=After Ambani zoo probe, wildlife body reverses call to curb animal imports to India - Reuters
2026-05-08 23:19:26,163 | WARNING | ARTICLE REJECTED | REASON=Validated | TITLE=CITES Report Urges India to Halt Wildlife Imports Pending Stronger Checks - Vajiram & Ravi
2026-05-08 23:19:28,644 | WARNING | ARTICLE REJECTED | REASON=Validated | TITLE=Woman held with 2 kg pangolin scales in Jharkhand, exposing India’s link to a global wildlife trade - Telegraph India
2026-05-08 23:19:30,947 | INFO | ML PREDICTION | PREDICTION=other | CONFIDENCE=61.61 | TITLE=Rock eagle owls rescued from wildlife trafficking racket - Humane World for Animals
2026-05-08 23:19:31,041 | INFO | SEMANTIC SCORE | SCORE=65.25 | TITLE=Rock eagle owls rescued from wildlife trafficking racket - Humane World for Animals
2026-05-08 23:19:31,042 | WARNING | ARTICLE REJECTED | REASON=Low confidence | TITLE=Rock eagle owls rescued from wildlife trafficking racket - Humane World for Animals
2026-05-08 23:19:33,734 | WARNING | ARTICLE REJECTED | REASON=Validated | TITLE=Indian Softshell Turtle Rescue Highlights Illegal Wildlife Trade - GK Today
2026-05-08 23:19:37,167 | INFO | ML PREDICTION | PREDICTION=other | CONFIDENCE=51.01 | TITLE=How India Is Using AI to Stop Poaching: 5 Tech Initiatives Protecting Wildlife - The Better India
2026-05-08 23:19:37,225 | INFO | SEMANTIC SCORE | SCORE=44.32 | TITLE=How India Is Using AI to Stop Poaching: 5 Tech Initiatives Protecting Wildlife - The Better India
2026-05-08 23:19:37,226 | WARNING | ARTICLE REJECTED | REASON=Low confidence | TITLE=How India Is Using AI to Stop Poaching: 5 Tech Initiatives Protecting Wildlife - The Better India
2026-05-08 23:19:43,161 | WARNING | ARTICLE REJECTED | REASON=Validated | TITLE=Ahmedabad: Illegal wildlife trade thrives despite crackdown, exotic pet trail leads cops to farmhouses - The Times of India
2026-05-08 23:19:45,467 | INFO | ML PREDICTION | PREDICTION=other | CONFIDENCE=51.92 | TITLE=Banned wildlife trade busted: Three arrested for wildlife trophy possession; Investigation hints at a wid - The Times of India
2026-05-08 23:19:45,542 | INFO | SEMANTIC SCORE | SCORE=68.93 | TITLE=Banned wildlife trade busted: Three arrested for wildlife trophy possession; Investigation hints at a wid - The Times of India
2026-05-08 23:19:45,543 | WARNING | ARTICLE REJECTED | REASON=Low confidence | TITLE=Banned wildlife trade busted: Three arrested for wildlife trophy possession; Investigation hints at a wid - The Times of India
2026-05-08 23:19:47,562 | INFO | ML PREDICTION | PREDICTION=other | CONFIDENCE=56.27 | TITLE=Malaysia steps up action against smuggling of wildlife in passenger luggage between Southeast Asia, India - Asia News Network
2026-05-08 23:19:47,609 | INFO | SEMANTIC SCORE | SCORE=41.9 | TITLE=Malaysia steps up action against smuggling of wildlife in passenger luggage between Southeast Asia, India - Asia News Network
2026-05-08 23:19:47,610 | WARNING | ARTICLE REJECTED | REASON=Low confidence | TITLE=Malaysia steps up action against smuggling of wildlife in passenger luggage between Southeast Asia, India - Asia News Network
2026-05-08 23:19:50,199 | INFO | ML PREDICTION | PREDICTION=other | CONFIDENCE=79.99 | TITLE=Gujarat: Wildlife trade racket busted, Indian star tortoises and rose-ringed parakeets rescued - The Hans India
2026-05-08 23:19:50,261 | INFO | SEMANTIC SCORE | SCORE=54.52 | TITLE=Gujarat: Wildlife trade racket busted, Indian star tortoises and rose-ringed parakeets rescued - The Hans India
2026-05-08 23:19:50,262 | WARNING | ARTICLE REJECTED | REASON=Low confidence | TITLE=Gujarat: Wildlife trade racket busted, Indian star tortoises and rose-ringed parakeets rescued - The Hans India
2026-05-08 23:19:52,030 | WARNING | ARTICLE REJECTED | REASON=Validated | TITLE=Vantara Row: CITES Reverses Earlier Recommendation to India About Banning Imports of Endangered Wildlife - TheWire.in
2026-05-08 23:19:54,775 | INFO | ML PREDICTION | PREDICTION=crime | CONFIDENCE=56.94 | TITLE=Major wildlife trafficking haul in Assam–Nagaland border, one arrested - India Today NE
2026-05-08 23:19:54,848 | INFO | SEMANTIC SCORE | SCORE=66.26 | TITLE=Major wildlife trafficking haul in Assam–Nagaland border, one arrested - India Today NE
2026-05-08 23:19:54,849 | WARNING | ARTICLE REJECTED | REASON=Low confidence | TITLE=Major wildlife trafficking haul in Assam–Nagaland border, one arrested - India Today NE
2026-05-08 23:19:57,857 | WARNING | ARTICLE REJECTED | REASON=Validated | TITLE=CITES CoP20: Global South drives critical changes and shapes global wildlife trade policies - Down To Earth
2026-05-08 23:20:00,620 | WARNING | ARTICLE REJECTED | REASON=Validated | TITLE=After Vantara Visit, CITES Raps India, Says No More Imports of Endangered Wildlife Until Compliance - TheWire.in
2026-05-08 23:20:03,350 | WARNING | ARTICLE REJECTED | REASON=Validation failure | TITLE=Increase in gibbon trafficking into India has conservationists worried - news - Mongabay
2026-05-08 23:20:05,689 | INFO | ML PREDICTION | PREDICTION=other | CONFIDENCE=57.26 | TITLE=Unique species in air passenger baggage exposes global reach of Thailand India wildlife smuggling - Traffic.org
2026-05-08 23:20:05,803 | INFO | SEMANTIC SCORE | SCORE=57.48 | TITLE=Unique species in air passenger baggage exposes global reach of Thailand India wildlife smuggling - Traffic.org
2026-05-08 23:20:05,804 | WARNING | ARTICLE REJECTED | REASON=Low confidence | TITLE=Unique species in air passenger baggage exposes global reach of Thailand India wildlife smuggling - Traffic.org
2026-05-08 23:20:08,968 | INFO | ML PREDICTION | PREDICTION=other | CONFIDENCE=63.92 | TITLE=High Flying: Insight Into Wildlife Trafficking Through India's Airports - Wildlife Trade Report from TRAFFIC - Traffic.org
2026-05-08 23:20:09,087 | INFO | SEMANTIC SCORE | SCORE=67.33 | TITLE=High Flying: Insight Into Wildlife Trafficking Through India's Airports - Wildlife Trade Report from TRAFFIC - Traffic.org
2026-05-08 23:20:09,088 | WARNING | ARTICLE REJECTED | REASON=Low confidence | TITLE=High Flying: Insight Into Wildlife Trafficking Through India's Airports - Wildlife Trade Report from TRAFFIC - Traffic.org
2026-05-08 23:20:11,611 | INFO | ML PREDICTION | PREDICTION=crime | CONFIDENCE=56.99 | TITLE=Illegal wildlife trade busted from Crawford Market, man arrested - The Times of India
2026-05-08 23:20:11,653 | INFO | SEMANTIC SCORE | SCORE=71.81 | TITLE=Illegal wildlife trade busted from Crawford Market, man arrested - The Times of India
2026-05-08 23:20:11,653 | WARNING | ARTICLE REJECTED | REASON=Low confidence | TITLE=Illegal wildlife trade busted from Crawford Market, man arrested - The Times of India
2026-05-08 23:20:14,012 | INFO | ML PREDICTION | PREDICTION=crime | CONFIDENCE=69.92 | TITLE=Tantric rituals lead to wildlife crime arrest, 1 held - The Times of India
2026-05-08 23:20:14,099 | INFO | SEMANTIC SCORE | SCORE=41.22 | TITLE=Tantric rituals lead to wildlife crime arrest, 1 held - The Times of India
2026-05-08 23:20:14,101 | WARNING | ARTICLE REJECTED | REASON=Low confidence | TITLE=Tantric rituals lead to wildlife crime arrest, 1 held - The Times of India
2026-05-08 23:20:16,502 | INFO | ML PREDICTION | PREDICTION=crime | CONFIDENCE=57.96 | TITLE=350 exotic animals trafficked from Bangkok seized at Pune, Mumbai airports in two months | Hindustan Times - Hindustan Times
2026-05-08 23:20:16,558 | INFO | SEMANTIC SCORE | SCORE=57.27 | TITLE=350 exotic animals trafficked from Bangkok seized at Pune, Mumbai airports in two months | Hindustan Times - Hindustan Times
2026-05-08 23:20:16,558 | WARNING | ARTICLE REJECTED | REASON=Low confidence | TITLE=350 exotic animals trafficked from Bangkok seized at Pune, Mumbai airports in two months | Hindustan Times - Hindustan Times
2026-05-08 23:20:19,254 | WARNING | ARTICLE REJECTED | REASON=Validated | TITLE=Turtles and tortoises in severe danger - Air Cargo Week
2026-05-08 23:20:21,989 | INFO | ML PREDICTION | PREDICTION=other | CONFIDENCE=68.33 | TITLE=Illegal wildlife trade linked to pet shop busted in Mangaluru, four arrested - The New Indian Express
2026-05-08 23:20:22,038 | INFO | SEMANTIC SCORE | SCORE=66.02 | TITLE=Illegal wildlife trade linked to pet shop busted in Mangaluru, four arrested - The New Indian Express
2026-05-08 23:20:22,038 | WARNING | ARTICLE REJECTED | REASON=Low confidence | TITLE=Illegal wildlife trade linked to pet shop busted in Mangaluru, four arrested - The New Indian Express
2026-05-08 23:20:24,820 | INFO | ML PREDICTION | PREDICTION=crime | CONFIDENCE=68.0 | TITLE=Wildlife smuggling bust: 154 exotic animals, including 4 baby anacondas seized at Mumbai airport; woman a - The Times of India
2026-05-08 23:20:24,918 | INFO | SEMANTIC SCORE | SCORE=59.13 | TITLE=Wildlife smuggling bust: 154 exotic animals, including 4 baby anacondas seized at Mumbai airport; woman a - The Times of India
2026-05-08 23:20:24,919 | WARNING | ARTICLE REJECTED | REASON=Low confidence | TITLE=Wildlife smuggling bust: 154 exotic animals, including 4 baby anacondas seized at Mumbai airport; woman a - The Times of India
2026-05-08 23:20:28,441 | INFO | ML PREDICTION | PREDICTION=other | CONFIDENCE=54.82 | TITLE=Snakes on a plane highlight Thailand-India wildlife trafficking, NGO reports - The Japan Times
2026-05-08 23:20:28,518 | INFO | SEMANTIC SCORE | SCORE=53.96 | TITLE=Snakes on a plane highlight Thailand-India wildlife trafficking, NGO reports - The Japan Times
2026-05-08 23:20:28,519 | WARNING | ARTICLE REJECTED | REASON=Low confidence | TITLE=Snakes on a plane highlight Thailand-India wildlife trafficking, NGO reports - The Japan Times
2026-05-08 23:20:30,845 | WARNING | ARTICLE REJECTED | REASON=Validated | TITLE=Wildlife Imports Under Scrutiny: CITES Advises India To Reinforce Verification Protocols - Outlook Traveller
2026-05-08 23:20:33,438 | INFO | ML PREDICTION | PREDICTION=crime | CONFIDENCE=56.43 | TITLE=‘Forgotten’ leopards being driven to silent extinction by poaching and trade - news - Mongabay
2026-05-08 23:20:33,547 | INFO | SEMANTIC SCORE | SCORE=58.29 | TITLE=‘Forgotten’ leopards being driven to silent extinction by poaching and trade - news - Mongabay
2026-05-08 23:20:33,548 | WARNING | ARTICLE REJECTED | REASON=Low confidence | TITLE=‘Forgotten’ leopards being driven to silent extinction by poaching and trade - news - Mongabay
2026-05-08 23:20:35,403 | INFO | ML PREDICTION | PREDICTION=crime | CONFIDENCE=79.29 | TITLE=Manas poaching case unravels global wildlife smuggling ring - The Times of India
2026-05-08 23:20:35,535 | INFO | SEMANTIC SCORE | SCORE=56.52 | TITLE=Manas poaching case unravels global wildlife smuggling ring - The Times of India
2026-05-08 23:20:35,537 | WARNING | ARTICLE REJECTED | REASON=Low confidence | TITLE=Manas poaching case unravels global wildlife smuggling ring - The Times of India
2026-05-08 23:20:38,824 | INFO | ML PREDICTION | PREDICTION=other | CONFIDENCE=57.04 | TITLE=WILDLIFE CRIME CONTROL BUREAU FROM INDIA AND NEPAL MEET TO STRENGTHEN COLLABORATION FOR CURBING - WWF India
2026-05-08 23:20:38,943 | INFO | SEMANTIC SCORE | SCORE=50.3 | TITLE=WILDLIFE CRIME CONTROL BUREAU FROM INDIA AND NEPAL MEET TO STRENGTHEN COLLABORATION FOR CURBING - WWF India
2026-05-08 23:20:38,944 | WARNING | ARTICLE REJECTED | REASON=Low confidence | TITLE=WILDLIFE CRIME CONTROL BUREAU FROM INDIA AND NEPAL MEET TO STRENGTHEN COLLABORATION FOR CURBING - WWF India
2026-05-08 23:20:42,586 | INFO | ML PREDICTION | PREDICTION=other | CONFIDENCE=77.53 | TITLE=BHUTAN, INDIA, AND NEPAL COLLABORATE TO COUNTER WILDLIFE TRAFFICKING IN SOUTH ASIA - WWF India
2026-05-08 23:20:42,639 | INFO | SEMANTIC SCORE | SCORE=57.18 | TITLE=BHUTAN, INDIA, AND NEPAL COLLABORATE TO COUNTER WILDLIFE TRAFFICKING IN SOUTH ASIA - WWF India
2026-05-08 23:20:42,639 | WARNING | ARTICLE REJECTED | REASON=Low confidence | TITLE=BHUTAN, INDIA, AND NEPAL COLLABORATE TO COUNTER WILDLIFE TRAFFICKING IN SOUTH ASIA - WWF India
2026-05-08 23:20:45,276 | WARNING | ARTICLE REJECTED | REASON=Validated | TITLE=Excess Baggage: How wildlife is trafficked by air in and out of India - Mongabay-India
2026-05-08 23:20:48,335 | INFO | ML PREDICTION | PREDICTION=other | CONFIDENCE=51.48 | TITLE=How India is curbing wildlife trafficking - DD News
2026-05-08 23:20:48,389 | INFO | SEMANTIC SCORE | SCORE=62.23 | TITLE=How India is curbing wildlife trafficking - DD News
2026-05-08 23:20:48,390 | WARNING | ARTICLE REJECTED | REASON=Low confidence | TITLE=How India is curbing wildlife trafficking - DD News
2026-05-08 23:20:50,128 | INFO | ML PREDICTION | PREDICTION=other | CONFIDENCE=71.38 | TITLE=FIRST OF ITS KIND PROJECT LAUNCHES NEW TOOLS TO COMBAT WILDLIFE TRAFFICKING IN INDIA’S AIRPORT - WWF India
2026-05-08 23:20:50,200 | INFO | SEMANTIC SCORE | SCORE=60.22 | TITLE=FIRST OF ITS KIND PROJECT LAUNCHES NEW TOOLS TO COMBAT WILDLIFE TRAFFICKING IN INDIA’S AIRPORT - WWF India
2026-05-08 23:20:50,201 | WARNING | ARTICLE REJECTED | REASON=Low confidence | TITLE=FIRST OF ITS KIND PROJECT LAUNCHES NEW TOOLS TO COMBAT WILDLIFE TRAFFICKING IN INDIA’S AIRPORT - WWF India
2026-05-08 23:20:52,169 | INFO | ML PREDICTION | PREDICTION=other | CONFIDENCE=63.9 | TITLE=Exotic wildlife smuggling linked to pet shops again in Tamil Nadu - The New Indian Express
2026-05-08 23:20:52,286 | INFO | SEMANTIC SCORE | SCORE=64.08 | TITLE=Exotic wildlife smuggling linked to pet shops again in Tamil Nadu - The New Indian Express
2026-05-08 23:20:52,287 | WARNING | ARTICLE REJECTED | REASON=Low confidence | TITLE=Exotic wildlife smuggling linked to pet shops again in Tamil Nadu - The New Indian Express
2026-05-08 23:20:54,715 | WARNING | ARTICLE REJECTED | REASON=Validation failure | TITLE=World Environment Day 2021-India’s Commitment Towards Stopping Illegal Wildlife Trafficking - Welcome to the United Nations
2026-05-08 23:20:56,735 | WARNING | ARTICLE REJECTED | REASON=Validated | TITLE=INDIA AND NEPAL MEET TO ADDRESS CHALLENGES TO CURBING ILLEGAL WILDLIFE TRADE - WWF India
2026-05-08 23:21:00,467 | INFO | ML PREDICTION | PREDICTION=other | CONFIDENCE=50.92 | TITLE=How a 24x7 Forest Station in Andaman Is Fighting Wildlife Crime & Saving Animals - The Better India
2026-05-08 23:21:00,545 | INFO | SEMANTIC SCORE | SCORE=44.39 | TITLE=How a 24x7 Forest Station in Andaman Is Fighting Wildlife Crime & Saving Animals - The Better India
2026-05-08 23:21:00,547 | WARNING | ARTICLE REJECTED | REASON=Low confidence | TITLE=How a 24x7 Forest Station in Andaman Is Fighting Wildlife Crime & Saving Animals - The Better India
2026-05-08 23:21:05,185 | INFO | ML PREDICTION | PREDICTION=other | CONFIDENCE=72.54 | TITLE=First of its kind project launches new tools to combat Wildlife Trafficking In India’s Airports - Traffic.org
2026-05-08 23:21:05,274 | INFO | SEMANTIC SCORE | SCORE=65.95 | TITLE=First of its kind project launches new tools to combat Wildlife Trafficking In India’s Airports - Traffic.org
2026-05-08 23:21:05,275 | WARNING | ARTICLE REJECTED | REASON=Low confidence | TITLE=First of its kind project launches new tools to combat Wildlife Trafficking In India’s Airports - Traffic.org
2026-05-08 23:21:09,710 | INFO | ML PREDICTION | PREDICTION=other | CONFIDENCE=70.66 | TITLE=ENFORCEMENT AGENCIES TRAIN TOGETHER TO STOP WILDLIFE TRAFFICKING ACROSS INDIA’S HIMALAYAS - WWF India
2026-05-08 23:21:09,792 | INFO | SEMANTIC SCORE | SCORE=61.13 | TITLE=ENFORCEMENT AGENCIES TRAIN TOGETHER TO STOP WILDLIFE TRAFFICKING ACROSS INDIA’S HIMALAYAS - WWF India
2026-05-08 23:21:09,793 | WARNING | ARTICLE REJECTED | REASON=Low confidence | TITLE=ENFORCEMENT AGENCIES TRAIN TOGETHER TO STOP WILDLIFE TRAFFICKING ACROSS INDIA’S HIMALAYAS - WWF India
2026-05-08 23:21:13,402 | INFO | ML PREDICTION | PREDICTION=other | CONFIDENCE=63.59 | TITLE=SOUTH ASIAN COUNTRIES MEET AGAIN TO STRENGTHEN EFFORTS TO CURB WILDLIFE TRAFFICKING - WWF India
2026-05-08 23:21:13,476 | INFO | SEMANTIC SCORE | SCORE=43.61 | TITLE=SOUTH ASIAN COUNTRIES MEET AGAIN TO STRENGTHEN EFFORTS TO CURB WILDLIFE TRAFFICKING - WWF India
2026-05-08 23:21:13,477 | WARNING | ARTICLE REJECTED | REASON=Low confidence | TITLE=SOUTH ASIAN COUNTRIES MEET AGAIN TO STRENGTHEN EFFORTS TO CURB WILDLIFE TRAFFICKING - WWF India
2026-05-08 23:21:16,624 | WARNING | ARTICLE REJECTED | REASON=Validated | TITLE=From policy to practice: Evaluating India’s approach to exotic wildlife trade under CITES - The Leaflet
2026-05-08 23:21:19,398 | WARNING | ARTICLE REJECTED | REASON=Validated | TITLE=India: Our endangered wildlife - a cause for concern - United Nations Office on Drugs and Crime
2026-05-08 23:21:23,116 | INFO | ML PREDICTION | PREDICTION=crime | CONFIDENCE=63.08 | TITLE=Decoding solutions: curbing online wildlife crime in India - Traffic.org
2026-05-08 23:21:23,163 | INFO | SEMANTIC SCORE | SCORE=60.7 | TITLE=Decoding solutions: curbing online wildlife crime in India - Traffic.org
2026-05-08 23:21:23,164 | WARNING | ARTICLE REJECTED | REASON=Low confidence | TITLE=Decoding solutions: curbing online wildlife crime in India - Traffic.org
2026-05-08 23:21:25,611 | WARNING | ARTICLE REJECTED | REASON=Validated | TITLE=In Deep Water: India's Sea Cucumbers in Illegal Wildlife Trade - Traffic.org
2026-05-08 23:21:28,494 | WARNING | ARTICLE REJECTED | REASON=Validated | TITLE=India and US sign wildlife agreement - Panda.org
2026-05-08 23:21:31,653 | WARNING | ARTICLE REJECTED | REASON=Validated | TITLE=India's Pangolins buried in Illegal Wildlife Trade - Wildlife Trade Report from TRAFFIC - Traffic.org
2026-05-08 23:21:34,148 | WARNING | ARTICLE REJECTED | REASON=Validated | TITLE=NGO Flags Rise in Illegal Wildlife Trade Guised as ‘Zoo Transfers’, Including to India - TheWire.in
2026-05-08 23:21:37,858 | WARNING | ARTICLE REJECTED | REASON=Validated | TITLE=Bengaluru overtakes Chennai in number of seizures of exotic wildlife species - The New Indian Express
2026-05-08 23:21:40,577 | INFO | ML PREDICTION | PREDICTION=other | CONFIDENCE=65.01 | TITLE=Champhai district in Mizoram is now a hotspot for wildlife trafficking in India - Mongabay-India
2026-05-08 23:21:40,634 | INFO | SEMANTIC SCORE | SCORE=56.7 | TITLE=Champhai district in Mizoram is now a hotspot for wildlife trafficking in India - Mongabay-India
2026-05-08 23:21:40,635 | WARNING | ARTICLE REJECTED | REASON=Low confidence | TITLE=Champhai district in Mizoram is now a hotspot for wildlife trafficking in India - Mongabay-India
2026-05-08 23:21:42,604 | WARNING | ARTICLE REJECTED | REASON=Validation failure | TITLE=WORLD ENVIRONMENT DAY 2021-INDIA’S COMMITMENT TOWARDS STOPPING ILLEGAL WILDLIFE TRAFFICKING - WWF India
2026-05-08 23:21:44,366 | INFO | ML PREDICTION | PREDICTION=other | CONFIDENCE=64.79 | TITLE=India’s Wildlife Trafficking Epidemic - The Diplomat – Asia-Pacific
2026-05-08 23:21:44,394 | INFO | SEMANTIC SCORE | SCORE=70.59 | TITLE=India’s Wildlife Trafficking Epidemic - The Diplomat – Asia-Pacific
2026-05-08 23:21:44,395 | WARNING | ARTICLE REJECTED | REASON=Low confidence | TITLE=India’s Wildlife Trafficking Epidemic - The Diplomat – Asia-Pacific
2026-05-08 23:21:46,708 | INFO | ML PREDICTION | PREDICTION=crime | CONFIDENCE=58.11 | TITLE=Can AI help India fight against wildlife trafficking and animal poaching? - IndiaAI
2026-05-08 23:21:46,780 | INFO | SEMANTIC SCORE | SCORE=52.5 | TITLE=Can AI help India fight against wildlife trafficking and animal poaching? - IndiaAI
2026-05-08 23:21:46,782 | WARNING | ARTICLE REJECTED | REASON=Low confidence | TITLE=Can AI help India fight against wildlife trafficking and animal poaching? - IndiaAI
2026-05-08 23:21:49,430 | INFO | ML PREDICTION | PREDICTION=other | CONFIDENCE=51.68 | TITLE=Major crackdown on illegal wildlife trade: 226 protected animals seized at Mumbai's Crawford Market - Mid-day
2026-05-08 23:21:49,514 | INFO | SEMANTIC SCORE | SCORE=70.63 | TITLE=Major crackdown on illegal wildlife trade: 226 protected animals seized at Mumbai's Crawford Market - Mid-day
2026-05-08 23:21:49,515 | WARNING | ARTICLE REJECTED | REASON=Low confidence | TITLE=Major crackdown on illegal wildlife trade: 226 protected animals seized at Mumbai's Crawford Market - Mid-day
2026-05-08 23:21:52,867 | WARNING | ARTICLE REJECTED | REASON=Validated | TITLE=Factsheet on Indian Spiny-tailed Lizard in illegal wildlife trade - Wildlife Trade Report from TRAFFIC - Traffic.org
2026-05-08 23:21:55,944 | WARNING | ARTICLE REJECTED | REASON=Validation failure | TITLE=‘Not all animals migrate by choice’ campaign launched to raise awareness on illegal wildlife trade - PIB
2026-05-08 23:21:58,646 | WARNING | ARTICLE REJECTED | REASON=Validated | TITLE=INDIA'S PANGOLIN BURIED IN ILLEGAL WILDLIFE TRADE: Over 1200 were poached and trafficked from - WWF India
2026-05-08 23:22:01,249 | WARNING | ARTICLE REJECTED | REASON=Validated | TITLE=Factsheet on India’s Red Sanders in illegal wildlife trade - Traffic.org
2026-05-08 23:22:03,369 | WARNING | ARTICLE REJECTED | REASON=Validated | TITLE=TRAFFIC initiative in India warns against buying illegal wildlife products - Traffic.org
2026-05-08 23:22:05,549 | WARNING | ARTICLE REJECTED | REASON=Validation failure | TITLE=Who’s Hoo? How to identify owls in illegal wildlife trade this International Owl Awareness Day - WWF India
2026-05-08 23:22:07,430 | INFO | ML PREDICTION | PREDICTION=other | CONFIDENCE=50.37 | TITLE=Smuggling of Exotic and Endangered Species From Myanmar Increasing - The Diplomat – Asia-Pacific
2026-05-08 23:22:07,539 | INFO | SEMANTIC SCORE | SCORE=52.65 | TITLE=Smuggling of Exotic and Endangered Species From Myanmar Increasing - The Diplomat – Asia-Pacific
2026-05-08 23:22:07,540 | WARNING | ARTICLE REJECTED | REASON=Low confidence | TITLE=Smuggling of Exotic and Endangered Species From Myanmar Increasing - The Diplomat – Asia-Pacific
2026-05-08 23:22:09,896 | WARNING | ARTICLE REJECTED | REASON=Validated | TITLE=Factsheet on India’s Agarwood in illegal wildlife trade - Traffic.org
2026-05-08 23:22:12,278 | INFO | ML PREDICTION | PREDICTION=other | CONFIDENCE=56.92 | TITLE=Wildlife crime goes digital, WCCB increases vigilance - The New Indian Express
2026-05-08 23:22:12,319 | INFO | SEMANTIC SCORE | SCORE=56.28 | TITLE=Wildlife crime goes digital, WCCB increases vigilance - The New Indian Express
2026-05-08 23:22:12,320 | WARNING | ARTICLE REJECTED | REASON=Low confidence | TITLE=Wildlife crime goes digital, WCCB increases vigilance - The New Indian Express
2026-05-08 23:22:14,756 | INFO | ML PREDICTION | PREDICTION=other | CONFIDENCE=66.31 | TITLE=Bhutan, India, Nepal to counter wildlife trafficking - The Times of India
2026-05-08 23:22:14,798 | INFO | SEMANTIC SCORE | SCORE=54.07 | TITLE=Bhutan, India, Nepal to counter wildlife trafficking - The Times of India
2026-05-08 23:22:14,798 | WARNING | ARTICLE REJECTED | REASON=Low confidence | TITLE=Bhutan, India, Nepal to counter wildlife trafficking - The Times of India
2026-05-08 23:22:18,873 | WARNING | ARTICLE REJECTED | REASON=Validated | TITLE=Indian Customs Department installs illegal wildlife trade displays at Delhi International Airport - Traffic.org
2026-05-08 23:22:25,524 | INFO | ML PREDICTION | PREDICTION=other | CONFIDENCE=63.71 | TITLE=A community leads protection of the pangolin in a critical illegal trade corridor - Mongabay-India
2026-05-08 23:22:25,586 | INFO | SEMANTIC SCORE | SCORE=64.77 | TITLE=A community leads protection of the pangolin in a critical illegal trade corridor - Mongabay-India
2026-05-08 23:22:25,587 | WARNING | ARTICLE REJECTED | REASON=Low confidence | TITLE=A community leads protection of the pangolin in a critical illegal trade corridor - Mongabay-India
2026-05-08 23:22:27,770 | INFO | ML PREDICTION | PREDICTION=crime | CONFIDENCE=50.46 | TITLE=Why NCRB Data Understates Wildlife Crime in India - Frontline Magazine
2026-05-08 23:22:27,834 | INFO | SEMANTIC SCORE | SCORE=56.1 | TITLE=Why NCRB Data Understates Wildlife Crime in India - Frontline Magazine
2026-05-08 23:22:27,835 | WARNING | ARTICLE REJECTED | REASON=Low confidence | TITLE=Why NCRB Data Understates Wildlife Crime in India - Frontline Magazine
2026-05-08 23:22:30,663 | WARNING | ARTICLE REJECTED | REASON=Validated | TITLE=Rising illegal wildlife trade across Himalayan countries threatens the mountain ecosystem - Mongabay-India
2026-05-08 23:22:32,779 | WARNING | ARTICLE REJECTED | REASON=Validated | TITLE=The anatomy of illicit wildlife trade In India - Dailyhunt
2026-05-08 23:22:34,669 | INFO | ML PREDICTION | PREDICTION=crime | CONFIDENCE=62.68 | TITLE=First CBI Prosecuted Wildlife Crime Case in India - usthadian.com
2026-05-08 23:22:34,765 | INFO | SEMANTIC SCORE | SCORE=62.72 | TITLE=First CBI Prosecuted Wildlife Crime Case in India - usthadian.com
2026-05-08 23:22:34,767 | WARNING | ARTICLE REJECTED | REASON=Low confidence | TITLE=First CBI Prosecuted Wildlife Crime Case in India - usthadian.com
2026-05-08 23:22:36,947 | WARNING | ARTICLE REJECTED | REASON=Validated | TITLE=Global rules, local gaps: Why CITES can’t help curb India’s domestic wildlife trade - Down To Earth
2026-05-08 23:22:39,437 | INFO | ML PREDICTION | PREDICTION=other | CONFIDENCE=50.69 | TITLE=Mumbai Illegal Wildlife Trade: Four Arrested with Ambergris Worth Lakhs Near Virar - lokmattimes.com
2026-05-08 23:22:39,589 | INFO | SEMANTIC SCORE | SCORE=65.82 | TITLE=Mumbai Illegal Wildlife Trade: Four Arrested with Ambergris Worth Lakhs Near Virar - lokmattimes.com
2026-05-08 23:22:39,590 | WARNING | ARTICLE REJECTED | REASON=Low confidence | TITLE=Mumbai Illegal Wildlife Trade: Four Arrested with Ambergris Worth Lakhs Near Virar - lokmattimes.com
2026-05-08 23:22:42,197 | INFO | ML PREDICTION | PREDICTION=other | CONFIDENCE=60.21 | TITLE=In unfamiliar lands: Trafficking of exotic wildlife species in India - WWF India
2026-05-08 23:22:42,243 | INFO | SEMANTIC SCORE | SCORE=71.19 | TITLE=In unfamiliar lands: Trafficking of exotic wildlife species in India - WWF India
2026-05-08 23:22:42,243 | WARNING | ARTICLE REJECTED | REASON=Low confidence | TITLE=In unfamiliar lands: Trafficking of exotic wildlife species in India - WWF India
2026-05-08 23:22:46,320 | WARNING | ARTICLE REJECTED | REASON=Validation failure | TITLE=Workshop in Bagdogra Targets Wildlife Trafficking - Arunachal24
2026-05-08 23:22:48,831 | INFO | ML PREDICTION | PREDICTION=other | CONFIDENCE=58.21 | TITLE=Shift of wildlife trafficking to the North East–Myanmar corridor - INSIGHTS IAS
2026-05-08 23:22:48,871 | INFO | SEMANTIC SCORE | SCORE=74.97 | TITLE=Shift of wildlife trafficking to the North East–Myanmar corridor - INSIGHTS IAS
2026-05-08 23:22:48,871 | WARNING | ARTICLE REJECTED | REASON=Low confidence | TITLE=Shift of wildlife trafficking to the North East–Myanmar corridor - INSIGHTS IAS
2026-05-08 23:22:51,837 | INFO | ML PREDICTION | PREDICTION=other | CONFIDENCE=53.1 | TITLE=Brazil police seize devices from bird expert in trafficking probe linked to Vantara zoo - news - Mongabay
2026-05-08 23:22:51,881 | INFO | SEMANTIC SCORE | SCORE=48.29 | TITLE=Brazil police seize devices from bird expert in trafficking probe linked to Vantara zoo - news - Mongabay
2026-05-08 23:22:51,882 | WARNING | ARTICLE REJECTED | REASON=Low confidence | TITLE=Brazil police seize devices from bird expert in trafficking probe linked to Vantara zoo - news - Mongabay
2026-05-08 23:22:54,968 | INFO | ML PREDICTION | PREDICTION=other | CONFIDENCE=70.92 | TITLE=Operation Thunder, Highlights, Trends, Legal Framework - Vajiram & Ravi
2026-05-08 23:22:55,033 | INFO | SEMANTIC SCORE | SCORE=25.72 | TITLE=Operation Thunder, Highlights, Trends, Legal Framework - Vajiram & Ravi
2026-05-08 23:22:55,035 | WARNING | ARTICLE REJECTED | REASON=Low confidence | TITLE=Operation Thunder, Highlights, Trends, Legal Framework - Vajiram & Ravi
2026-05-08 23:22:57,133 | WARNING | ARTICLE REJECTED | REASON=Validated | TITLE=Indian Softshell Turtle Rescue Highlights Illegal Wildlife Trade - GK Today
2026-05-08 23:22:59,927 | WARNING | ARTICLE REJECTED | REASON=Validated | TITLE=Snake Venom Trail Uncovers Alleged Illegal Exotic Wildlife Trade In Ahmedabad Flat - Vibes Of India
2026-05-08 23:23:01,659 | WARNING | ARTICLE REJECTED | REASON=Validated | TITLE=Woman held with 2 kg pangolin scales in Jharkhand, exposing India’s link to a global wildlife trade - Telegraph India
2026-05-08 23:23:03,862 | WARNING | ARTICLE REJECTED | REASON=Validated | TITLE=NE border attracts MP, Maharashtra poachers - The New Indian Express
2026-05-08 23:23:06,950 | INFO | ML PREDICTION | PREDICTION=crime | CONFIDENCE=55.63 | TITLE=Three arrested for illegal wildlife trade in Nakodar - The Tribune
2026-05-08 23:23:07,000 | INFO | SEMANTIC SCORE | SCORE=64.24 | TITLE=Three arrested for illegal wildlife trade in Nakodar - The Tribune
2026-05-08 23:23:07,000 | WARNING | ARTICLE REJECTED | REASON=Low confidence | TITLE=Three arrested for illegal wildlife trade in Nakodar - The Tribune
2026-05-08 23:23:09,090 | INFO | ML PREDICTION | PREDICTION=crime | CONFIDENCE=50.68 | TITLE=World Pangolin Day 2026: 500,000+ pangolins seized globally between 2016 and 2024 - Down To Earth
2026-05-08 23:23:09,212 | INFO | SEMANTIC SCORE | SCORE=68.27 | TITLE=World Pangolin Day 2026: 500,000+ pangolins seized globally between 2016 and 2024 - Down To Earth
2026-05-08 23:23:09,213 | WARNING | ARTICLE REJECTED | REASON=Low confidence | TITLE=World Pangolin Day 2026: 500,000+ pangolins seized globally between 2016 and 2024 - Down To Earth
2026-05-08 23:23:12,698 | WARNING | ARTICLE REJECTED | REASON=Validated | TITLE=India defends animal imports, calls wildlife governance ‘unmatched’ - Mongabay-India
2026-05-08 23:23:15,184 | INFO | ML PREDICTION | PREDICTION=crime | CONFIDENCE=69.77 | TITLE=631 Live Turtles Rescued in Odisha’s Malkangiri During Wildlife Smuggling Crackdown; Seven Arrested - pragativadi.com
2026-05-08 23:23:15,240 | INFO | SEMANTIC SCORE | SCORE=55.2 | TITLE=631 Live Turtles Rescued in Odisha’s Malkangiri During Wildlife Smuggling Crackdown; Seven Arrested - pragativadi.com
2026-05-08 23:23:15,241 | WARNING | ARTICLE REJECTED | REASON=Low confidence | TITLE=631 Live Turtles Rescued in Odisha’s Malkangiri During Wildlife Smuggling Crackdown; Seven Arrested - pragativadi.com
2026-05-08 23:23:17,919 | INFO | ML PREDICTION | PREDICTION=crime | CONFIDENCE=60.35 | TITLE=Over 100 Parrots Seized in Major Forest Department Crackdown in Jamshedpur, Smuggler Arrested - The Avenue Mail
2026-05-08 23:23:17,979 | INFO | SEMANTIC SCORE | SCORE=62.24 | TITLE=Over 100 Parrots Seized in Major Forest Department Crackdown in Jamshedpur, Smuggler Arrested - The Avenue Mail
2026-05-08 23:23:17,979 | WARNING | ARTICLE REJECTED | REASON=Low confidence | TITLE=Over 100 Parrots Seized in Major Forest Department Crackdown in Jamshedpur, Smuggler Arrested - The Avenue Mail
2026-05-08 23:23:20,696 | INFO | ML PREDICTION | PREDICTION=other | CONFIDENCE=51.92 | TITLE=Banned wildlife trade busted: Three arrested for wildlife trophy possession; Investigation hints at a wid - The Times of India
2026-05-08 23:23:20,778 | INFO | SEMANTIC SCORE | SCORE=68.93 | TITLE=Banned wildlife trade busted: Three arrested for wildlife trophy possession; Investigation hints at a wid - The Times of India
2026-05-08 23:23:20,780 | WARNING | ARTICLE REJECTED | REASON=Low confidence | TITLE=Banned wildlife trade busted: Three arrested for wildlife trophy possession; Investigation hints at a wid - The Times of India
2026-05-08 23:23:23,469 | WARNING | ARTICLE REJECTED | REASON=Validated | TITLE=Exotic reptiles in illegal wildlife trade in India - WWF India
2026-05-08 23:23:26,579 | INFO | ML PREDICTION | PREDICTION=other | CONFIDENCE=51.53 | TITLE=Authorities make shocking discovery after busting smuggling ring — here's what they found - The Cool Down
2026-05-08 23:23:26,660 | INFO | SEMANTIC SCORE | SCORE=38.16 | TITLE=Authorities make shocking discovery after busting smuggling ring — here's what they found - The Cool Down
2026-05-08 23:23:26,662 | WARNING | ARTICLE REJECTED | REASON=Low confidence | TITLE=Authorities make shocking discovery after busting smuggling ring — here's what they found - The Cool Down
2026-05-08 23:23:28,607 | INFO | ML PREDICTION | PREDICTION=other | CONFIDENCE=66.95 | TITLE=[Explainer] Why is India a major hub for wildlife trafficking? - Mongabay-India
2026-05-08 23:23:28,644 | INFO | SEMANTIC SCORE | SCORE=55.34 | TITLE=[Explainer] Why is India a major hub for wildlife trafficking? - Mongabay-India
2026-05-08 23:23:28,644 | WARNING | ARTICLE REJECTED | REASON=Low confidence | TITLE=[Explainer] Why is India a major hub for wildlife trafficking? - Mongabay-India
2026-05-08 23:23:31,507 | INFO | ML PREDICTION | PREDICTION=other | CONFIDENCE=62.81 | TITLE=Tougher action to curb Southeast Asia-India wildlife smuggling by air - Traffic.org
2026-05-08 23:23:31,587 | INFO | SEMANTIC SCORE | SCORE=56.64 | TITLE=Tougher action to curb Southeast Asia-India wildlife smuggling by air - Traffic.org
2026-05-08 23:23:31,588 | WARNING | ARTICLE REJECTED | REASON=Low confidence | TITLE=Tougher action to curb Southeast Asia-India wildlife smuggling by air - Traffic.org
2026-05-08 23:23:34,319 | WARNING | ARTICLE REJECTED | REASON=Validation failure | TITLE=Increase in gibbon trafficking into India has conservationists worried - news - Mongabay
2026-05-08 23:23:38,506 | WARNING | ARTICLE REJECTED | REASON=Validated | TITLE=Tame the trade - Down To Earth
2026-05-08 23:23:42,805 | WARNING | ARTICLE REJECTED | REASON=Validated | TITLE=Stop wildlife imports to India until proper checks in place: CITES report - Vision IAS
2026-05-08 23:23:47,023 | WARNING | ARTICLE REJECTED | REASON=Validated | TITLE=In Deep Water: India's Sea Cucumbers in Illegal Wildlife Trade - Traffic.org
2026-05-08 23:23:51,759 | WARNING | ARTICLE REJECTED | REASON=Validated | TITLE=ADDING TEETH TO WILDLIFE LAW ENFORCEMENT - WWF India
2026-05-08 23:23:55,269 | WARNING | ARTICLE REJECTED | REASON=Validated | TITLE=How India’s Wildlife Import System Became A Gateway For Gaps - Madras Courier
2026-05-08 23:23:59,070 | WARNING | ARTICLE REJECTED | REASON=Validated | TITLE=Global biodiversity assessment counters Supreme Court’s clean chit to Vantara - Mongabay-India
2026-05-08 23:24:05,017 | WARNING | ARTICLE REJECTED | REASON=Validated | TITLE=India's Pangolins buried in Illegal Wildlife Trade - Wildlife Trade Report from TRAFFIC - Traffic.org
2026-05-08 23:24:09,842 | WARNING | ARTICLE REJECTED | REASON=Validated | TITLE=INDIA AND NEPAL MEET TO ADDRESS CHALLENGES TO CURBING ILLEGAL WILDLIFE TRADE - WWF India
2026-05-08 23:24:15,246 | INFO | ML PREDICTION | PREDICTION=other | CONFIDENCE=50.33 | TITLE=Strengthening law enforcement capacity to curb wildlife crime in Madhya Pradesh - WWF India
2026-05-08 23:24:15,380 | INFO | SEMANTIC SCORE | SCORE=59.41 | TITLE=Strengthening law enforcement capacity to curb wildlife crime in Madhya Pradesh - WWF India
2026-05-08 23:24:15,381 | WARNING | ARTICLE REJECTED | REASON=Low confidence | TITLE=Strengthening law enforcement capacity to curb wildlife crime in Madhya Pradesh - WWF India
2026-05-08 23:24:19,955 | WARNING | ARTICLE REJECTED | REASON=Validated | TITLE=NGO Flags Rise in Illegal Wildlife Trade Guised as ‘Zoo Transfers’, Including to India - TheWire.in
2026-05-08 23:24:23,540 | WARNING | ARTICLE REJECTED | REASON=Validated | TITLE=Factsheet on Indian Spiny-tailed Lizard in illegal wildlife trade - Wildlife Trade Report from TRAFFIC - Traffic.org
2026-05-08 23:24:27,529 | INFO | ML PREDICTION | PREDICTION=other | CONFIDENCE=77.53 | TITLE=BHUTAN, INDIA, AND NEPAL COLLABORATE TO COUNTER WILDLIFE TRAFFICKING IN SOUTH ASIA - WWF India
2026-05-08 23:24:27,667 | INFO | SEMANTIC SCORE | SCORE=57.18 | TITLE=BHUTAN, INDIA, AND NEPAL COLLABORATE TO COUNTER WILDLIFE TRAFFICKING IN SOUTH ASIA - WWF India
2026-05-08 23:24:27,668 | WARNING | ARTICLE REJECTED | REASON=Low confidence | TITLE=BHUTAN, INDIA, AND NEPAL COLLABORATE TO COUNTER WILDLIFE TRAFFICKING IN SOUTH ASIA - WWF India
2026-05-08 23:24:32,263 | WARNING | ARTICLE REJECTED | REASON=Validation failure | TITLE=World Environment Day 2021-India’s Commitment Towards Stopping Illegal Wildlife Trafficking - Welcome to the United Nations
2026-05-08 23:24:37,865 | WARNING | ARTICLE REJECTED | REASON=Validated | TITLE=Factsheet on India’s Red Sanders in illegal wildlife trade - Traffic.org
2026-05-08 23:24:42,867 | WARNING | ARTICLE REJECTED | REASON=Validated | TITLE=Excess Baggage: How wildlife is trafficked by air in and out of India - Mongabay-India
2026-05-08 23:24:45,736 | WARNING | ARTICLE REJECTED | REASON=Validated | TITLE=Factsheet on India’s Agarwood in illegal wildlife trade - Traffic.org
2026-05-08 23:24:48,954 | WARNING | ARTICLE REJECTED | REASON=Validated | TITLE=Factsheet: Netted In Illegal Wildlife Trade - Sharks of India - Traffic.org
2026-05-08 23:24:51,498 | INFO | ML PREDICTION | PREDICTION=other | CONFIDENCE=51.48 | TITLE=How India is curbing wildlife trafficking - DD News
2026-05-08 23:24:51,577 | INFO | SEMANTIC SCORE | SCORE=62.23 | TITLE=How India is curbing wildlife trafficking - DD News
2026-05-08 23:24:51,579 | WARNING | ARTICLE REJECTED | REASON=Low confidence | TITLE=How India is curbing wildlife trafficking - DD News
2026-05-08 23:24:54,432 | INFO | ML PREDICTION | PREDICTION=crime | CONFIDENCE=56.99 | TITLE=Illegal wildlife trade busted from Crawford Market, man arrested - The Times of India
2026-05-08 23:24:54,467 | INFO | SEMANTIC SCORE | SCORE=71.81 | TITLE=Illegal wildlife trade busted from Crawford Market, man arrested - The Times of India
2026-05-08 23:24:54,468 | WARNING | ARTICLE REJECTED | REASON=Low confidence | TITLE=Illegal wildlife trade busted from Crawford Market, man arrested - The Times of India
2026-05-08 23:24:57,491 | WARNING | ARTICLE REJECTED | REASON=Validated | TITLE=TRAFFIC initiative in India warns against buying illegal wildlife products - Traffic.org
2026-05-08 23:24:59,775 | INFO | ML PREDICTION | PREDICTION=other | CONFIDENCE=63.92 | TITLE=High Flying: Insight Into Wildlife Trafficking Through India's Airports - Wildlife Trade Report from TRAFFIC - Traffic.org
2026-05-08 23:24:59,904 | INFO | SEMANTIC SCORE | SCORE=67.33 | TITLE=High Flying: Insight Into Wildlife Trafficking Through India's Airports - Wildlife Trade Report from TRAFFIC - Traffic.org
2026-05-08 23:24:59,905 | WARNING | ARTICLE REJECTED | REASON=Low confidence | TITLE=High Flying: Insight Into Wildlife Trafficking Through India's Airports - Wildlife Trade Report from TRAFFIC - Traffic.org
2026-05-08 23:25:02,473 | WARNING | ARTICLE REJECTED | REASON=Validation failure | TITLE=Who’s Hoo? How to identify owls in illegal wildlife trade this International Owl Awareness Day - WWF India
2026-05-08 23:25:05,610 | WARNING | ARTICLE REJECTED | REASON=Validated | TITLE=Factsheet on Orchids in India's illegal wildlife trade - Wildlife Trade Report from TRAFFIC - Traffic.org
2026-05-08 23:25:09,128 | WARNING | ARTICLE REJECTED | REASON=Validated | TITLE=CITES Report Urges India to Halt Wildlife Imports Pending Stronger Checks - Vajiram & Ravi
2026-05-08 23:25:11,596 | WARNING | ARTICLE REJECTED | REASON=Validated | TITLE=Stop wildlife imports to India until proper checks in place: CITES report - The Indian Express
2026-05-08 23:25:14,478 | WARNING | ARTICLE REJECTED | REASON=Validated | TITLE=A mutating crisis - Down To Earth
2026-05-08 23:25:16,710 | INFO | ML PREDICTION | PREDICTION=crime | CONFIDENCE=58.95 | TITLE=Delivery boy arrested in Mumbai with endangered baby gibbons in illegal wildlife trade case - The Times of India
2026-05-08 23:25:16,773 | INFO | SEMANTIC SCORE | SCORE=43.17 | TITLE=Delivery boy arrested in Mumbai with endangered baby gibbons in illegal wildlife trade case - The Times of India
2026-05-08 23:25:16,774 | WARNING | ARTICLE REJECTED | REASON=Low confidence | TITLE=Delivery boy arrested in Mumbai with endangered baby gibbons in illegal wildlife trade case - The Times of India
2026-05-08 23:25:18,955 | INFO | ML PREDICTION | PREDICTION=other | CONFIDENCE=57.04 | TITLE=WILDLIFE CRIME CONTROL BUREAU FROM INDIA AND NEPAL MEET TO STRENGTHEN COLLABORATION FOR CURBING - WWF India
2026-05-08 23:25:19,029 | INFO | SEMANTIC SCORE | SCORE=50.3 | TITLE=WILDLIFE CRIME CONTROL BUREAU FROM INDIA AND NEPAL MEET TO STRENGTHEN COLLABORATION FOR CURBING - WWF India
2026-05-08 23:25:19,030 | WARNING | ARTICLE REJECTED | REASON=Low confidence | TITLE=WILDLIFE CRIME CONTROL BUREAU FROM INDIA AND NEPAL MEET TO STRENGTHEN COLLABORATION FOR CURBING - WWF India
2026-05-08 23:25:22,480 | WARNING | ARTICLE REJECTED | REASON=Validated | TITLE=INDIA'S PANGOLIN BURIED IN ILLEGAL WILDLIFE TRADE: Over 1200 were poached and trafficked from - WWF India
2026-05-08 23:25:25,278 | WARNING | ARTICLE REJECTED | REASON=Validation failure | TITLE=‘Not all animals migrate by choice’ campaign launched to raise awareness on illegal wildlife trade - PIB
2026-05-08 23:25:28,099 | WARNING | ARTICLE REJECTED | REASON=Validation failure | TITLE=WORLD ENVIRONMENT DAY 2021-INDIA’S COMMITMENT TOWARDS STOPPING ILLEGAL WILDLIFE TRAFFICKING - WWF India
2026-05-08 23:25:30,209 | INFO | ML PREDICTION | PREDICTION=other | CONFIDENCE=64.79 | TITLE=India’s Wildlife Trafficking Epidemic - The Diplomat – Asia-Pacific
2026-05-08 23:25:30,251 | INFO | SEMANTIC SCORE | SCORE=70.59 | TITLE=India’s Wildlife Trafficking Epidemic - The Diplomat – Asia-Pacific
2026-05-08 23:25:30,251 | WARNING | ARTICLE REJECTED | REASON=Low confidence | TITLE=India’s Wildlife Trafficking Epidemic - The Diplomat – Asia-Pacific
2026-05-08 23:25:32,633 | INFO | ML PREDICTION | PREDICTION=crime | CONFIDENCE=64.34 | TITLE=DRI Seizes Leopard Skin Trophy In Bhopal, 3 Arrested In Wildlife Smuggling Bust - Republic World
2026-05-08 23:25:32,755 | INFO | SEMANTIC SCORE | SCORE=69.37 | TITLE=DRI Seizes Leopard Skin Trophy In Bhopal, 3 Arrested In Wildlife Smuggling Bust - Republic World
2026-05-08 23:25:32,756 | WARNING | ARTICLE REJECTED | REASON=Low confidence | TITLE=DRI Seizes Leopard Skin Trophy In Bhopal, 3 Arrested In Wildlife Smuggling Bust - Republic World
2026-05-08 23:25:35,974 | WARNING | ARTICLE REJECTED | REASON=Validated | TITLE=Superstitious Beliefs – Another Source of Demand in India’s Illegal Wildlife Trade - The Wire Science
2026-05-08 23:25:40,211 | INFO | ML PREDICTION | PREDICTION=other | CONFIDENCE=67.63 | TITLE=Illegal trade of Red Pandas in India and across borders - Wildlife Trade Report from TRAFFIC - Traffic.org
2026-05-08 23:25:40,279 | INFO | SEMANTIC SCORE | SCORE=60.6 | TITLE=Illegal trade of Red Pandas in India and across borders - Wildlife Trade Report from TRAFFIC - Traffic.org
2026-05-08 23:25:40,279 | WARNING | ARTICLE REJECTED | REASON=Low confidence | TITLE=Illegal trade of Red Pandas in India and across borders - Wildlife Trade Report from TRAFFIC - Traffic.org
2026-05-08 23:25:43,666 | INFO | ML PREDICTION | PREDICTION=crime | CONFIDENCE=63.08 | TITLE=Decoding solutions: curbing online wildlife crime in India - Traffic.org
2026-05-08 23:25:43,705 | INFO | SEMANTIC SCORE | SCORE=60.7 | TITLE=Decoding solutions: curbing online wildlife crime in India - Traffic.org
2026-05-08 23:25:43,705 | WARNING | ARTICLE REJECTED | REASON=Low confidence | TITLE=Decoding solutions: curbing online wildlife crime in India - Traffic.org
2026-05-08 23:25:46,382 | INFO | ML PREDICTION | PREDICTION=crime | CONFIDENCE=60.44 | TITLE=Nepal collaborates with neighbors to gain wildlife crime intel but struggles with enforcement - news - Mongabay
2026-05-08 23:25:46,519 | INFO | SEMANTIC SCORE | SCORE=54.57 | TITLE=Nepal collaborates with neighbors to gain wildlife crime intel but struggles with enforcement - news - Mongabay
2026-05-08 23:25:46,521 | WARNING | ARTICLE REJECTED | REASON=Low confidence | TITLE=Nepal collaborates with neighbors to gain wildlife crime intel but struggles with enforcement - news - Mongabay
2026-05-08 23:25:51,348 | INFO | ML PREDICTION | PREDICTION=other | CONFIDENCE=72.54 | TITLE=First of its kind project launches new tools to combat Wildlife Trafficking In India’s Airports - Traffic.org
2026-05-08 23:25:51,483 | INFO | SEMANTIC SCORE | SCORE=65.95 | TITLE=First of its kind project launches new tools to combat Wildlife Trafficking In India’s Airports - Traffic.org
2026-05-08 23:25:51,484 | WARNING | ARTICLE REJECTED | REASON=Low confidence | TITLE=First of its kind project launches new tools to combat Wildlife Trafficking In India’s Airports - Traffic.org
2026-05-08 23:25:55,100 | WARNING | ARTICLE REJECTED | REASON=Validated | TITLE=After Vantara Visit, CITES Raps India, Says No More Imports of Endangered Wildlife Until Compliance - TheWire.in
2026-05-08 23:25:58,474 | WARNING | ARTICLE REJECTED | REASON=Validated | TITLE=There are major issues surrounding legal wildlife trade that have been overlooked - Down To Earth
2026-05-08 23:26:04,757 | WARNING | ARTICLE REJECTED | REASON=Validated | TITLE=Illegal wildlife trade a global threat: FATF report - The Hindu
2026-05-08 23:26:10,766 | WARNING | ARTICLE REJECTED | REASON=Validated | TITLE=Factsheet on India’s caterpillar fungus in illegal wildlife trade - Traffic.org
2026-05-08 23:26:15,035 | INFO | ML PREDICTION | PREDICTION=other | CONFIDENCE=56.92 | TITLE=Wildlife crime goes digital, WCCB increases vigilance - The New Indian Express
2026-05-08 23:26:15,077 | INFO | SEMANTIC SCORE | SCORE=56.28 | TITLE=Wildlife crime goes digital, WCCB increases vigilance - The New Indian Express
2026-05-08 23:26:15,078 | WARNING | ARTICLE REJECTED | REASON=Low confidence | TITLE=Wildlife crime goes digital, WCCB increases vigilance - The New Indian Express
2026-05-08 23:26:17,943 | WARNING | ARTICLE REJECTED | REASON=Validated | TITLE=Amazon, eBay involved in illegal wildlife trade: Indian government - news - Mongabay
2026-05-08 23:26:20,676 | INFO | ML PREDICTION | PREDICTION=other | CONFIDENCE=51.01 | TITLE=How India Is Using AI to Stop Poaching: 5 Tech Initiatives Protecting Wildlife - The Better India
2026-05-08 23:26:20,807 | INFO | SEMANTIC SCORE | SCORE=44.32 | TITLE=How India Is Using AI to Stop Poaching: 5 Tech Initiatives Protecting Wildlife - The Better India
2026-05-08 23:26:20,808 | WARNING | ARTICLE REJECTED | REASON=Low confidence | TITLE=How India Is Using AI to Stop Poaching: 5 Tech Initiatives Protecting Wildlife - The Better India
2026-05-08 23:26:25,758 | WARNING | ARTICLE REJECTED | REASON=Validated | TITLE=Indian Customs Department extends support: Installs informative displays on illegal wildlife t - WWF India
2026-05-08 23:26:29,941 | WARNING | ARTICLE REJECTED | REASON=Validated | TITLE=From policy to practice: Evaluating India’s approach to exotic wildlife trade under CITES - The Leaflet
2026-05-08 23:26:34,592 | INFO | ML PREDICTION | PREDICTION=other | CONFIDENCE=71.38 | TITLE=FIRST OF ITS KIND PROJECT LAUNCHES NEW TOOLS TO COMBAT WILDLIFE TRAFFICKING IN INDIA’S AIRPORT - WWF India
2026-05-08 23:26:34,718 | INFO | SEMANTIC SCORE | SCORE=60.22 | TITLE=FIRST OF ITS KIND PROJECT LAUNCHES NEW TOOLS TO COMBAT WILDLIFE TRAFFICKING IN INDIA’S AIRPORT - WWF India
2026-05-08 23:26:34,720 | WARNING | ARTICLE REJECTED | REASON=Low confidence | TITLE=FIRST OF ITS KIND PROJECT LAUNCHES NEW TOOLS TO COMBAT WILDLIFE TRAFFICKING IN INDIA’S AIRPORT - WWF India
2026-05-08 23:26:40,335 | INFO | ML PREDICTION | PREDICTION=other | CONFIDENCE=63.59 | TITLE=SOUTH ASIAN COUNTRIES MEET AGAIN TO STRENGTHEN EFFORTS TO CURB WILDLIFE TRAFFICKING - WWF India
2026-05-08 23:26:40,482 | INFO | SEMANTIC SCORE | SCORE=43.61 | TITLE=SOUTH ASIAN COUNTRIES MEET AGAIN TO STRENGTHEN EFFORTS TO CURB WILDLIFE TRAFFICKING - WWF India
2026-05-08 23:26:40,483 | WARNING | ARTICLE REJECTED | REASON=Low confidence | TITLE=SOUTH ASIAN COUNTRIES MEET AGAIN TO STRENGTHEN EFFORTS TO CURB WILDLIFE TRAFFICKING - WWF India
2026-05-08 23:26:44,599 | INFO | ML PREDICTION | PREDICTION=other | CONFIDENCE=70.66 | TITLE=ENFORCEMENT AGENCIES TRAIN TOGETHER TO STOP WILDLIFE TRAFFICKING ACROSS INDIA’S HIMALAYAS - WWF India
2026-05-08 23:26:44,715 | INFO | SEMANTIC SCORE | SCORE=61.13 | TITLE=ENFORCEMENT AGENCIES TRAIN TOGETHER TO STOP WILDLIFE TRAFFICKING ACROSS INDIA’S HIMALAYAS - WWF India
2026-05-08 23:26:44,716 | WARNING | ARTICLE REJECTED | REASON=Low confidence | TITLE=ENFORCEMENT AGENCIES TRAIN TOGETHER TO STOP WILDLIFE TRAFFICKING ACROSS INDIA’S HIMALAYAS - WWF India
2026-05-08 23:26:48,015 | WARNING | ARTICLE REJECTED | REASON=Validated | TITLE=TRAFFIC warns against buying illegal wildlife products - WWF India
2026-05-08 23:26:50,293 | INFO | ML PREDICTION | PREDICTION=other | CONFIDENCE=70.35 | TITLE=US and India Co-operate to Combat Illegal Trade in Wildlife - Traffic.org
2026-05-08 23:26:50,367 | INFO | SEMANTIC SCORE | SCORE=66.85 | TITLE=US and India Co-operate to Combat Illegal Trade in Wildlife - Traffic.org
2026-05-08 23:26:50,368 | WARNING | ARTICLE REJECTED | REASON=Low confidence | TITLE=US and India Co-operate to Combat Illegal Trade in Wildlife - Traffic.org
2026-05-08 23:26:53,384 | WARNING | ARTICLE REJECTED | REASON=Validated | TITLE=Indian Customs Department installs illegal wildlife trade displays at Delhi International Airport - Traffic.org
2026-05-08 23:26:56,622 | WARNING | ARTICLE REJECTED | REASON=Validated | TITLE=India’s endangered tigers are being sold in Myanmar for lust potions and dark myths - The Economic Times
2026-05-08 23:27:00,124 | INFO | ML PREDICTION | PREDICTION=other | CONFIDENCE=53.14 | TITLE=Joint operation cracks down on illegal wildlife trade in Gujarat's Valsad; three held - ANI News
2026-05-08 23:27:00,243 | INFO | SEMANTIC SCORE | SCORE=54.27 | TITLE=Joint operation cracks down on illegal wildlife trade in Gujarat's Valsad; three held - ANI News
2026-05-08 23:27:00,244 | WARNING | ARTICLE REJECTED | REASON=Low confidence | TITLE=Joint operation cracks down on illegal wildlife trade in Gujarat's Valsad; three held - ANI News
2026-05-08 23:27:04,640 | WARNING | ARTICLE REJECTED | REASON=Validated | TITLE=Tortoises and Freshwater Turtles Under Siege - Wildlife Trade Report from TRAFFIC - Traffic.org
2026-05-08 23:27:09,845 | WARNING | ARTICLE REJECTED | REASON=Validated | TITLE=EIGHT WILDLIFE SNIFFER DOGS SHARPEN THEIR 'PAWSOME' SKILLS TO HELP CURB ILLEGAL WILDLIFE TRADE - WWF India
2026-05-08 23:27:13,965 | WARNING | ARTICLE REJECTED | REASON=Validation failure | TITLE=Who’s Hoo? How to identify owls in illegal wildlife trade this International Owl Awareness Day - Traffic.org
2026-05-08 23:27:18,353 | INFO | ML PREDICTION | PREDICTION=other | CONFIDENCE=80.79 | TITLE=SEA CUCUMBER IN DEEP WATERS: NEW STUDY REVEALS WORRYING ILLEGAL TRADE IN INDIA - WWF India
2026-05-08 23:27:18,500 | INFO | SEMANTIC SCORE | SCORE=39.71 | TITLE=SEA CUCUMBER IN DEEP WATERS: NEW STUDY REVEALS WORRYING ILLEGAL TRADE IN INDIA - WWF India
2026-05-08 23:27:18,502 | WARNING | ARTICLE REJECTED | REASON=Low confidence | TITLE=SEA CUCUMBER IN DEEP WATERS: NEW STUDY REVEALS WORRYING ILLEGAL TRADE IN INDIA - WWF India
2026-05-08 23:27:21,772 | INFO | ML PREDICTION | PREDICTION=other | CONFIDENCE=56.06 | TITLE=Karnataka Forest Department prepare to curb illegal wildlife trade online - Traffic.org
2026-05-08 23:27:21,930 | INFO | SEMANTIC SCORE | SCORE=61.22 | TITLE=Karnataka Forest Department prepare to curb illegal wildlife trade online - Traffic.org
2026-05-08 23:27:21,932 | WARNING | ARTICLE REJECTED | REASON=Low confidence | TITLE=Karnataka Forest Department prepare to curb illegal wildlife trade online - Traffic.org
2026-05-08 23:27:26,138 | WARNING | ARTICLE REJECTED | REASON=Validated | TITLE=AGARWOOD IN ILLEGAL WILDLIFE TRADE - WWF India
2026-05-08 23:27:31,175 | INFO | ML PREDICTION | PREDICTION=crime | CONFIDENCE=59.5 | TITLE=522 reports of wildlife poaching and trade in 2020 from India, 51 from Karnataka - The Hindu
2026-05-08 23:27:31,306 | INFO | SEMANTIC SCORE | SCORE=52.76 | TITLE=522 reports of wildlife poaching and trade in 2020 from India, 51 from Karnataka - The Hindu
2026-05-08 23:27:31,307 | WARNING | ARTICLE REJECTED | REASON=Low confidence | TITLE=522 reports of wildlife poaching and trade in 2020 from India, 51 from Karnataka - The Hindu
2026-05-08 23:27:37,723 | WARNING | ARTICLE REJECTED | REASON=Validated | TITLE=CATERPILLAR FUNGUS IN ILLEGAL WILDLIFE TRADE - WWF India
2026-05-08 23:27:42,067 | WARNING | ARTICLE REJECTED | REASON=Validated | TITLE=Kangaroos in the street and a suitcase of iguanas: India’s exotic pet problem - The Guardian
2026-05-08 23:27:46,159 | WARNING | ARTICLE REJECTED | REASON=Validation failure | TITLE=Conservationists focus on illegal trade of India's poorly-known wildlife species - Traffic.org
2026-05-08 23:27:48,658 | WARNING | ARTICLE REJECTED | REASON=Validated | TITLE=Nearly 6,000 pangolins in illegal wildlife trade in India since 2009 finds TRAFFIC’s latest stu - WWF India
2026-05-08 23:27:51,464 | WARNING | ARTICLE REJECTED | REASON=Validated | TITLE=Using citizen science to track illegal wildlife trade in the Himalayas - Mongabay-India
2026-05-08 23:27:54,132 | WARNING | ARTICLE REJECTED | REASON=Validated | TITLE=Nearly 6,000 pangolins in illegal wildlife trade in India since 2009 - Traffic.org
2026-05-08 23:27:57,283 | WARNING | ARTICLE REJECTED | REASON=Validated | TITLE=India steps up efforts to combat wildlife trade - news - Mongabay
2026-05-08 23:27:59,900 | WARNING | ARTICLE REJECTED | REASON=Validated | TITLE=Cyber monitoring to curb illegal wildlife trade on virtual markets: Wildlife officials learn n - WWF India
2026-05-08 23:28:03,332 | WARNING | ARTICLE REJECTED | REASON=Validated | TITLE=New poster on commonly trafficked exotic parrots in India to support Wildlife Law Enforcement e - WWF India
2026-05-08 23:28:05,823 | WARNING | ARTICLE REJECTED | REASON=Validated | TITLE=In India, an elephant wins freedom from tourist rides and the illegal wildlife trade - Humane World for Animals
2026-05-08 23:28:08,975 | INFO | ML PREDICTION | PREDICTION=other | CONFIDENCE=50.37 | TITLE=Smuggling of Exotic and Endangered Species From Myanmar Increasing - The Diplomat – Asia-Pacific
2026-05-08 23:28:09,124 | INFO | SEMANTIC SCORE | SCORE=52.65 | TITLE=Smuggling of Exotic and Endangered Species From Myanmar Increasing - The Diplomat – Asia-Pacific
2026-05-08 23:28:09,125 | WARNING | ARTICLE REJECTED | REASON=Low confidence | TITLE=Smuggling of Exotic and Endangered Species From Myanmar Increasing - The Diplomat – Asia-Pacific
2026-05-08 23:28:13,411 | INFO | ML PREDICTION | PREDICTION=other | CONFIDENCE=63.71 | TITLE=A community leads protection of the pangolin in a critical illegal trade corridor - Mongabay-India
2026-05-08 23:28:13,448 | INFO | SEMANTIC SCORE | SCORE=64.77 | TITLE=A community leads protection of the pangolin in a critical illegal trade corridor - Mongabay-India
2026-05-08 23:28:13,449 | WARNING | ARTICLE REJECTED | REASON=Low confidence | TITLE=A community leads protection of the pangolin in a critical illegal trade corridor - Mongabay-India
2026-05-08 23:28:16,508 | INFO | ML PREDICTION | PREDICTION=other | CONFIDENCE=62.81 | TITLE=Tougher action to curb Southeast Asia-India wildlife smuggling by air - Traffic.org
2026-05-08 23:28:16,650 | INFO | SEMANTIC SCORE | SCORE=56.64 | TITLE=Tougher action to curb Southeast Asia-India wildlife smuggling by air - Traffic.org
2026-05-08 23:28:16,651 | WARNING | ARTICLE REJECTED | REASON=Low confidence | TITLE=Tougher action to curb Southeast Asia-India wildlife smuggling by air - Traffic.org
2026-05-08 23:28:20,091 | INFO | ML PREDICTION | PREDICTION=crime | CONFIDENCE=74.11 | TITLE=Exotic wildlife smuggling resurfaces: 49 species seized in 2 days at Chennai Airport - The Times of India
2026-05-08 23:28:20,144 | INFO | SEMANTIC SCORE | SCORE=61.37 | TITLE=Exotic wildlife smuggling resurfaces: 49 species seized in 2 days at Chennai Airport - The Times of India
2026-05-08 23:28:20,144 | WARNING | ARTICLE REJECTED | REASON=Low confidence | TITLE=Exotic wildlife smuggling resurfaces: 49 species seized in 2 days at Chennai Airport - The Times of India
2026-05-08 23:28:22,874 | WARNING | ARTICLE REJECTED | REASON=Validation failure | TITLE=Workshop in Bagdogra Targets Wildlife Trafficking - Arunachal24
2026-05-08 23:28:25,133 | WARNING | ARTICLE REJECTED | REASON=Validated | TITLE=Rising illegal wildlife trade across Himalayan countries threatens the mountain ecosystem - Mongabay-India
2026-05-08 23:28:27,149 | WARNING | ARTICLE REJECTED | REASON=Validated | TITLE=Maharashtra to set up sniffer dog squads to crack down on wildlife trade - Mid-day
2026-05-08 23:28:30,402 | WARNING | ARTICLE REJECTED | REASON=Validated | TITLE=Exotic reptiles in illegal wildlife trade in India - WWF India
2026-05-08 23:28:32,819 | WARNING | ARTICLE REJECTED | REASON=Validated | TITLE=Global rules, local gaps: Why CITES can’t help curb India’s domestic wildlife trade - Down To Earth
2026-05-08 23:28:35,315 | INFO | ML PREDICTION | PREDICTION=crime | CONFIDENCE=65.91 | TITLE=DRI seizes 16.5 kg pangolin scales, busts inter-state wildlife trafficking syndicate | Mumbai news - Hindustan Times
2026-05-08 23:28:35,476 | INFO | SEMANTIC SCORE | SCORE=53.6 | TITLE=DRI seizes 16.5 kg pangolin scales, busts inter-state wildlife trafficking syndicate | Mumbai news - Hindustan Times
2026-05-08 23:28:35,477 | WARNING | ARTICLE REJECTED | REASON=Low confidence | TITLE=DRI seizes 16.5 kg pangolin scales, busts inter-state wildlife trafficking syndicate | Mumbai news - Hindustan Times
2026-05-08 23:28:38,000 | INFO | ML PREDICTION | PREDICTION=crime | CONFIDENCE=63.3 | TITLE=India: Exotic apes seized at Mumbai airport - DW.com
2026-05-08 23:28:38,058 | INFO | SEMANTIC SCORE | SCORE=50.04 | TITLE=India: Exotic apes seized at Mumbai airport - DW.com
2026-05-08 23:28:38,060 | WARNING | ARTICLE REJECTED | REASON=Low confidence | TITLE=India: Exotic apes seized at Mumbai airport - DW.com
2026-05-08 23:28:41,351 | WARNING | ARTICLE REJECTED | REASON=Validated | TITLE=The anatomy of illicit wildlife trade In India - Dailyhunt
2026-05-08 23:28:43,754 | WARNING | ARTICLE REJECTED | REASON=Validated | TITLE=NE border attracts MP, Maharashtra poachers - The New Indian Express
2026-05-08 23:28:45,974 | WARNING | ARTICLE REJECTED | REASON=Validated | TITLE=Customs seize exotic animals smuggled from Bangkok at Bengaluru airport - The Hindu
2026-05-08 23:28:49,040 | INFO | ML PREDICTION | PREDICTION=other | CONFIDENCE=58.21 | TITLE=Shift of wildlife trafficking to the North East–Myanmar corridor - INSIGHTS IAS
2026-05-08 23:28:49,088 | INFO | SEMANTIC SCORE | SCORE=74.97 | TITLE=Shift of wildlife trafficking to the North East–Myanmar corridor - INSIGHTS IAS
2026-05-08 23:28:49,088 | WARNING | ARTICLE REJECTED | REASON=Low confidence | TITLE=Shift of wildlife trafficking to the North East–Myanmar corridor - INSIGHTS IAS
2026-05-08 23:28:52,466 | INFO | ML PREDICTION | PREDICTION=other | CONFIDENCE=53.1 | TITLE=Brazil police seize devices from bird expert in trafficking probe linked to Vantara zoo - news - Mongabay
2026-05-08 23:28:52,511 | INFO | SEMANTIC SCORE | SCORE=48.29 | TITLE=Brazil police seize devices from bird expert in trafficking probe linked to Vantara zoo - news - Mongabay
2026-05-08 23:28:52,512 | WARNING | ARTICLE REJECTED | REASON=Low confidence | TITLE=Brazil police seize devices from bird expert in trafficking probe linked to Vantara zoo - news - Mongabay
2026-05-08 23:28:55,917 | INFO | ML PREDICTION | PREDICTION=crime | CONFIDENCE=66.69 | TITLE=Jamshedpur Forest Officials Eye Kolkata Kingpin in Wildlife Smuggling Bust - The Times of India
2026-05-08 23:28:55,962 | INFO | SEMANTIC SCORE | SCORE=54.46 | TITLE=Jamshedpur Forest Officials Eye Kolkata Kingpin in Wildlife Smuggling Bust - The Times of India
2026-05-08 23:28:55,963 | WARNING | ARTICLE REJECTED | REASON=Low confidence | TITLE=Jamshedpur Forest Officials Eye Kolkata Kingpin in Wildlife Smuggling Bust - The Times of India
2026-05-08 23:28:58,862 | INFO | ML PREDICTION | PREDICTION=other | CONFIDENCE=65.76 | TITLE=Unique species in air passenger baggage exposes global reach of Thailand-India wild life smuggling - Traffic.org
2026-05-08 23:28:58,930 | INFO | SEMANTIC SCORE | SCORE=50.3 | TITLE=Unique species in air passenger baggage exposes global reach of Thailand-India wild life smuggling - Traffic.org
2026-05-08 23:28:58,932 | WARNING | ARTICLE REJECTED | REASON=Low confidence | TITLE=Unique species in air passenger baggage exposes global reach of Thailand-India wild life smuggling - Traffic.org
2026-05-08 23:29:01,974 | WARNING | ARTICLE REJECTED | REASON=Validated | TITLE=Smuggled, suffocated, and sold - Mumbai Mirror
2026-05-08 23:29:06,233 | WARNING | ARTICLE REJECTED | REASON=Validated | TITLE=India defends animal imports, calls wildlife governance ‘unmatched’ - Mongabay-India
2026-05-08 23:29:10,482 | INFO | ML PREDICTION | PREDICTION=crime | CONFIDENCE=63.89 | TITLE=CBI court sends 6 to 2 years in jail for wildlife smuggling - The Times of India
2026-05-08 23:29:10,625 | INFO | SEMANTIC SCORE | SCORE=48.08 | TITLE=CBI court sends 6 to 2 years in jail for wildlife smuggling - The Times of India
2026-05-08 23:29:10,627 | WARNING | ARTICLE REJECTED | REASON=Low confidence | TITLE=CBI court sends 6 to 2 years in jail for wildlife smuggling - The Times of India
2026-05-08 23:29:14,491 | INFO | ML PREDICTION | PREDICTION=crime | CONFIDENCE=73.34 | TITLE=Kerala: Forest officials bust wildlife trafficking gang trying to sell tiger skin, claws, teeth; 7 held - The Times of India
2026-05-08 23:29:14,642 | INFO | SEMANTIC SCORE | SCORE=60.94 | TITLE=Kerala: Forest officials bust wildlife trafficking gang trying to sell tiger skin, claws, teeth; 7 held - The Times of India
2026-05-08 23:29:15,434 | WARNING | ARTICLE REJECTED | REASON=Duplicate article | TITLE=Kerala: Forest officials bust wildlife trafficking gang trying to sell tiger skin, claws, teeth; 7 held - The Times of India
2026-05-08 23:29:19,045 | INFO | ML PREDICTION | PREDICTION=crime | CONFIDENCE=59.13 | TITLE=Taiwanese teen caught smuggling 30 tortoises under her clothes at Thai airport - India Today
2026-05-08 23:29:19,175 | INFO | SEMANTIC SCORE | SCORE=46.57 | TITLE=Taiwanese teen caught smuggling 30 tortoises under her clothes at Thai airport - India Today
2026-05-08 23:29:19,176 | WARNING | ARTICLE REJECTED | REASON=Low confidence | TITLE=Taiwanese teen caught smuggling 30 tortoises under her clothes at Thai airport - India Today
2026-05-08 23:29:23,333 | WARNING | ARTICLE REJECTED | REASON=Validated | TITLE=CITES withdraws recommendation to suspend trade of endangered species to India - Mongabay-India
2026-05-08 23:29:28,498 | INFO | ML PREDICTION | PREDICTION=crime | CONFIDENCE=74.89 | TITLE=Woman wanted by Interpol for trafficking tiger parts arrested in India - BBC
2026-05-08 23:29:28,618 | INFO | SEMANTIC SCORE | SCORE=45.46 | TITLE=Woman wanted by Interpol for trafficking tiger parts arrested in India - BBC
2026-05-08 23:29:28,620 | WARNING | ARTICLE REJECTED | REASON=Low confidence | TITLE=Woman wanted by Interpol for trafficking tiger parts arrested in India - BBC
2026-05-08 23:29:32,506 | INFO | ML PREDICTION | PREDICTION=other | CONFIDENCE=63.2 | TITLE=Decade-old case gets fresh life as woman at centre of India’s biggest wildlife trafficking operation is arrested - The Indian Express
2026-05-08 23:29:32,660 | INFO | SEMANTIC SCORE | SCORE=44.88 | TITLE=Decade-old case gets fresh life as woman at centre of India’s biggest wildlife trafficking operation is arrested - The Indian Express
2026-05-08 23:29:32,662 | WARNING | ARTICLE REJECTED | REASON=Low confidence | TITLE=Decade-old case gets fresh life as woman at centre of India’s biggest wildlife trafficking operation is arrested - The Indian Express
2026-05-08 23:29:36,963 | INFO | ML PREDICTION | PREDICTION=crime | CONFIDENCE=55.63 | TITLE=Three arrested for illegal wildlife trade in Nakodar - The Tribune
2026-05-08 23:29:37,091 | INFO | SEMANTIC SCORE | SCORE=64.24 | TITLE=Three arrested for illegal wildlife trade in Nakodar - The Tribune
2026-05-08 23:29:37,092 | WARNING | ARTICLE REJECTED | REASON=Low confidence | TITLE=Three arrested for illegal wildlife trade in Nakodar - The Tribune
2026-05-08 23:29:41,258 | WARNING | ARTICLE REJECTED | REASON=Validated | TITLE=Threat to wildlife: Wildlife trafficker apprehended with illegal animal parts; Ongoing efforts to dismant - The Times of India
2026-05-08 23:29:45,449 | INFO | ML PREDICTION | PREDICTION=crime | CONFIDENCE=68.0 | TITLE=Wildlife smuggling bust: 154 exotic animals, including 4 baby anacondas seized at Mumbai airport; woman a - The Times of India
2026-05-08 23:29:45,599 | INFO | SEMANTIC SCORE | SCORE=59.13 | TITLE=Wildlife smuggling bust: 154 exotic animals, including 4 baby anacondas seized at Mumbai airport; woman a - The Times of India
2026-05-08 23:29:45,601 | WARNING | ARTICLE REJECTED | REASON=Low confidence | TITLE=Wildlife smuggling bust: 154 exotic animals, including 4 baby anacondas seized at Mumbai airport; woman a - The Times of India
2026-05-08 23:29:50,011 | INFO | ML PREDICTION | PREDICTION=other | CONFIDENCE=50.76 | TITLE=Vanishing Wings: Exposing the organised radical syndicates behind the wildlife trafficking crisis of Bharat - Organiser
2026-05-08 23:29:50,141 | INFO | SEMANTIC SCORE | SCORE=67.98 | TITLE=Vanishing Wings: Exposing the organised radical syndicates behind the wildlife trafficking crisis of Bharat - Organiser
2026-05-08 23:29:50,143 | WARNING | ARTICLE REJECTED | REASON=Low confidence | TITLE=Vanishing Wings: Exposing the organised radical syndicates behind the wildlife trafficking crisis of Bharat - Organiser
2026-05-08 23:29:56,468 | INFO | ML PREDICTION | PREDICTION=other | CONFIDENCE=70.39 | TITLE=Animal Trafficking Reaches Record High In 2025: Interpol - NDTV
2026-05-08 23:29:56,588 | INFO | SEMANTIC SCORE | SCORE=65.89 | TITLE=Animal Trafficking Reaches Record High In 2025: Interpol - NDTV
2026-05-08 23:29:56,590 | WARNING | ARTICLE REJECTED | REASON=Low confidence | TITLE=Animal Trafficking Reaches Record High In 2025: Interpol - NDTV
2026-05-08 23:30:01,551 | INFO | ML PREDICTION | PREDICTION=crime | CONFIDENCE=57.92 | TITLE=24 protected Ibex seized in Manipur, two held in cross-border wildlife smuggling bust - India Today NE
2026-05-08 23:30:01,695 | INFO | SEMANTIC SCORE | SCORE=44.88 | TITLE=24 protected Ibex seized in Manipur, two held in cross-border wildlife smuggling bust - India Today NE
2026-05-08 23:30:01,697 | WARNING | ARTICLE REJECTED | REASON=Low confidence | TITLE=24 protected Ibex seized in Manipur, two held in cross-border wildlife smuggling bust - India Today NE
2026-05-08 23:30:06,354 | INFO | ML PREDICTION | PREDICTION=other | CONFIDENCE=51.92 | TITLE=Banned wildlife trade busted: Three arrested for wildlife trophy possession; Investigation hints at a wid - The Times of India
2026-05-08 23:30:06,514 | INFO | SEMANTIC SCORE | SCORE=68.93 | TITLE=Banned wildlife trade busted: Three arrested for wildlife trophy possession; Investigation hints at a wid - The Times of India
2026-05-08 23:30:06,516 | WARNING | ARTICLE REJECTED | REASON=Low confidence | TITLE=Banned wildlife trade busted: Three arrested for wildlife trophy possession; Investigation hints at a wid - The Times of India
2026-05-08 23:30:11,874 | INFO | ML PREDICTION | PREDICTION=crime | CONFIDENCE=68.03 | TITLE=Kochi airport turns hub for exotic wildlife smuggling from Thailand - The Times of India
2026-05-08 23:30:12,047 | INFO | SEMANTIC SCORE | SCORE=38.71 | TITLE=Kochi airport turns hub for exotic wildlife smuggling from Thailand - The Times of India
2026-05-08 23:30:12,048 | WARNING | ARTICLE REJECTED | REASON=Low confidence | TITLE=Kochi airport turns hub for exotic wildlife smuggling from Thailand - The Times of India
2026-05-08 23:30:16,404 | INFO | ML PREDICTION | PREDICTION=crime | CONFIDENCE=51.14 | TITLE=Air passenger caught smuggling 31 exotic reptiles — including pythons and water dragons - The Cool Down
2026-05-08 23:30:16,535 | INFO | SEMANTIC SCORE | SCORE=56.46 | TITLE=Air passenger caught smuggling 31 exotic reptiles — including pythons and water dragons - The Cool Down
2026-05-08 23:30:16,536 | WARNING | ARTICLE REJECTED | REASON=Low confidence | TITLE=Air passenger caught smuggling 31 exotic reptiles — including pythons and water dragons - The Cool Down
2026-05-08 23:30:20,762 | INFO | ML PREDICTION | PREDICTION=crime | CONFIDENCE=64.34 | TITLE=DRI Seizes Leopard Skin Trophy In Bhopal, 3 Arrested In Wildlife Smuggling Bust - Republic World
2026-05-08 23:30:20,897 | INFO | SEMANTIC SCORE | SCORE=69.37 | TITLE=DRI Seizes Leopard Skin Trophy In Bhopal, 3 Arrested In Wildlife Smuggling Bust - Republic World
2026-05-08 23:30:20,898 | WARNING | ARTICLE REJECTED | REASON=Low confidence | TITLE=DRI Seizes Leopard Skin Trophy In Bhopal, 3 Arrested In Wildlife Smuggling Bust - Republic World
2026-05-08 23:30:25,279 | INFO | ML PREDICTION | PREDICTION=crime | CONFIDENCE=57.23 | TITLE=Trichy Customs arrest passenger for smuggling 48 exotic wildlife species - ANI News
2026-05-08 23:30:25,407 | INFO | SEMANTIC SCORE | SCORE=55.69 | TITLE=Trichy Customs arrest passenger for smuggling 48 exotic wildlife species - ANI News
2026-05-08 23:30:25,408 | WARNING | ARTICLE REJECTED | REASON=Low confidence | TITLE=Trichy Customs arrest passenger for smuggling 48 exotic wildlife species - ANI News
2026-05-08 23:30:29,357 | INFO | ML PREDICTION | PREDICTION=crime | CONFIDENCE=69.77 | TITLE=631 Live Turtles Rescued in Odisha’s Malkangiri During Wildlife Smuggling Crackdown; Seven Arrested - pragativadi.com
2026-05-08 23:30:29,512 | INFO | SEMANTIC SCORE | SCORE=55.2 | TITLE=631 Live Turtles Rescued in Odisha’s Malkangiri During Wildlife Smuggling Crackdown; Seven Arrested - pragativadi.com
2026-05-08 23:30:29,513 | WARNING | ARTICLE REJECTED | REASON=Low confidence | TITLE=631 Live Turtles Rescued in Odisha’s Malkangiri During Wildlife Smuggling Crackdown; Seven Arrested - pragativadi.com
2026-05-08 23:30:34,097 | WARNING | ARTICLE REJECTED | REASON=Validated | TITLE=How India’s Wildlife Import System Became A Gateway For Gaps - Madras Courier
2026-05-08 23:30:39,016 | INFO | ML PREDICTION | PREDICTION=other | CONFIDENCE=56.27 | TITLE=Malaysia steps up action against smuggling of wildlife in passenger luggage between Southeast Asia, India - Asia News Network
2026-05-08 23:30:39,172 | INFO | SEMANTIC SCORE | SCORE=41.9 | TITLE=Malaysia steps up action against smuggling of wildlife in passenger luggage between Southeast Asia, India - Asia News Network
2026-05-08 23:30:39,173 | WARNING | ARTICLE REJECTED | REASON=Low confidence | TITLE=Malaysia steps up action against smuggling of wildlife in passenger luggage between Southeast Asia, India - Asia News Network
2026-05-08 23:30:43,567 | INFO | ML PREDICTION | PREDICTION=crime | CONFIDENCE=58.19 | TITLE=Wildlife Trafficking: Permanent Officers at KIA Airport - Deccan Herald
2026-05-08 23:30:43,687 | INFO | SEMANTIC SCORE | SCORE=71.69 | TITLE=Wildlife Trafficking: Permanent Officers at KIA Airport - Deccan Herald
2026-05-08 23:30:43,688 | WARNING | ARTICLE REJECTED | REASON=Low confidence | TITLE=Wildlife Trafficking: Permanent Officers at KIA Airport - Deccan Herald
2026-05-08 23:30:47,900 | INFO | ML PREDICTION | PREDICTION=crime | CONFIDENCE=68.53 | TITLE=Jamshedpur Wildlife Smuggling Bust: Parrots, Cockatiels, Deer Antler Seized, Three Arrested - The Times of India
2026-05-08 23:30:48,072 | INFO | SEMANTIC SCORE | SCORE=65.68 | TITLE=Jamshedpur Wildlife Smuggling Bust: Parrots, Cockatiels, Deer Antler Seized, Three Arrested - The Times of India
2026-05-08 23:30:49,861 | INFO | DATABASE SAVE | INCIDENT=CLUSTER-20260508233049
2026-05-08 23:30:49,862 | INFO | ARTICLE ACCEPTED | CONFIDENCE=63.69 | TITLE=Jamshedpur Wildlife Smuggling Bust: Parrots, Cockatiels, Deer Antler Seized, Three Arrested - The Times of India
2026-05-08 23:30:55,464 | INFO | ML PREDICTION | PREDICTION=crime | CONFIDENCE=57.96 | TITLE=350 exotic animals trafficked from Bangkok seized at Pune, Mumbai airports in two months | Hindustan Times - Hindustan Times
2026-05-08 23:30:55,621 | INFO | SEMANTIC SCORE | SCORE=57.27 | TITLE=350 exotic animals trafficked from Bangkok seized at Pune, Mumbai airports in two months | Hindustan Times - Hindustan Times
2026-05-08 23:30:55,622 | WARNING | ARTICLE REJECTED | REASON=Low confidence | TITLE=350 exotic animals trafficked from Bangkok seized at Pune, Mumbai airports in two months | Hindustan Times - Hindustan Times
2026-05-08 23:31:00,914 | INFO | ML PREDICTION | PREDICTION=other | CONFIDENCE=51.66 | TITLE=Pune Customs Caught ₹60-Crore Drug and Wildlife Smuggling Material in Nine Months - The Bridge Chronicle
2026-05-08 23:31:01,054 | INFO | SEMANTIC SCORE | SCORE=56.42 | TITLE=Pune Customs Caught ₹60-Crore Drug and Wildlife Smuggling Material in Nine Months - The Bridge Chronicle
2026-05-08 23:31:01,055 | WARNING | ARTICLE REJECTED | REASON=Low confidence | TITLE=Pune Customs Caught ₹60-Crore Drug and Wildlife Smuggling Material in Nine Months - The Bridge Chronicle
2026-05-08 23:31:04,823 | WARNING | ARTICLE REJECTED | REASON=Validated | TITLE=After Ambani zoo probe, wildlife body reverses call to curb animal imports to India - Reuters
2026-05-08 23:31:09,319 | WARNING | ARTICLE REJECTED | REASON=Validated | TITLE=Woman held with 2 kg pangolin scales in Jharkhand, exposing India’s link to a global wildlife trade - Telegraph India
2026-05-08 23:31:15,293 | INFO | ML PREDICTION | PREDICTION=crime | CONFIDENCE=51.01 | TITLE=Wildlife crime cases in India decline significantly: Govt - Deccan Herald
2026-05-08 23:31:15,410 | INFO | SEMANTIC SCORE | SCORE=58.47 | TITLE=Wildlife crime cases in India decline significantly: Govt - Deccan Herald
2026-05-08 23:31:15,411 | WARNING | ARTICLE REJECTED | REASON=Low confidence | TITLE=Wildlife crime cases in India decline significantly: Govt - Deccan Herald
2026-05-08 23:31:20,537 | INFO | ML PREDICTION | PREDICTION=crime | CONFIDENCE=64.14 | TITLE=9 cases of wildlife smuggling unearthed at Mumbai Airport in 6 months | Mumbai news - Hindustan Times
2026-05-08 23:31:20,664 | INFO | SEMANTIC SCORE | SCORE=56.83 | TITLE=9 cases of wildlife smuggling unearthed at Mumbai Airport in 6 months | Mumbai news - Hindustan Times
2026-05-08 23:31:20,666 | WARNING | ARTICLE REJECTED | REASON=Low confidence | TITLE=9 cases of wildlife smuggling unearthed at Mumbai Airport in 6 months | Mumbai news - Hindustan Times
2026-05-08 23:31:25,957 | WARNING | ARTICLE REJECTED | REASON=Validated | TITLE=Snake Venom Trail Uncovers Alleged Illegal Exotic Wildlife Trade In Ahmedabad Flat - Vibes Of India
2026-05-08 23:31:29,904 | INFO | ML PREDICTION | PREDICTION=crime | CONFIDENCE=69.93 | TITLE=Darke Lama: Kingpin of South Asia's wildlife trafficking network, now wanted by Interpol in 2015 MP tiger - The Times of India
2026-05-08 23:31:30,189 | INFO | SEMANTIC SCORE | SCORE=73.15 | TITLE=Darke Lama: Kingpin of South Asia's wildlife trafficking network, now wanted by Interpol in 2015 MP tiger - The Times of India
2026-05-08 23:31:30,190 | WARNING | ARTICLE REJECTED | REASON=Low confidence | TITLE=Darke Lama: Kingpin of South Asia's wildlife trafficking network, now wanted by Interpol in 2015 MP tiger - The Times of India
2026-05-08 23:31:34,740 | WARNING | ARTICLE REJECTED | REASON=Validated | TITLE=SSB nabs Nepal duo with animal body parts - Telegraph India
2026-05-08 23:31:39,684 | INFO | ML PREDICTION | PREDICTION=crime | CONFIDENCE=72.44 | TITLE=Global tiger trafficking crisis worsens with nine big cats seized monthly - AP News
2026-05-08 23:31:39,851 | INFO | SEMANTIC SCORE | SCORE=48.19 | TITLE=Global tiger trafficking crisis worsens with nine big cats seized monthly - AP News
2026-05-08 23:31:39,852 | WARNING | ARTICLE REJECTED | REASON=Low confidence | TITLE=Global tiger trafficking crisis worsens with nine big cats seized monthly - AP News
2026-05-08 23:31:44,562 | WARNING | ARTICLE REJECTED | REASON=Validated | TITLE=When iguanas, cuscus, snakes are smuggled into Bengaluru - Deccan Herald
2026-05-08 23:31:49,287 | INFO | ML PREDICTION | PREDICTION=other | CONFIDENCE=55.56 | TITLE=Mumbai Customs Foils Wildlife Smuggling Attempt, Seizes Exotic Animals Including Anaconda Hidden In Trolley Bag - Republic World
2026-05-08 23:31:49,432 | INFO | SEMANTIC SCORE | SCORE=63.26 | TITLE=Mumbai Customs Foils Wildlife Smuggling Attempt, Seizes Exotic Animals Including Anaconda Hidden In Trolley Bag - Republic World
2026-05-08 23:31:49,433 | WARNING | ARTICLE REJECTED | REASON=Low confidence | TITLE=Mumbai Customs Foils Wildlife Smuggling Attempt, Seizes Exotic Animals Including Anaconda Hidden In Trolley Bag - Republic World
2026-05-08 23:31:53,632 | WARNING | ARTICLE REJECTED | REASON=Validated | TITLE=Passenger held at Mumbai airport with 60 exotic wildlife smuggled from Bangkok - The Times of India
2026-05-08 23:31:57,271 | INFO | ML PREDICTION | PREDICTION=other | CONFIDENCE=66.95 | TITLE=[Explainer] Why is India a major hub for wildlife trafficking? - Mongabay-India
2026-05-08 23:31:57,347 | INFO | SEMANTIC SCORE | SCORE=55.34 | TITLE=[Explainer] Why is India a major hub for wildlife trafficking? - Mongabay-India
2026-05-08 23:31:57,348 | WARNING | ARTICLE REJECTED | REASON=Low confidence | TITLE=[Explainer] Why is India a major hub for wildlife trafficking? - Mongabay-India
2026-05-08 23:31:59,653 | INFO | ML PREDICTION | PREDICTION=other | CONFIDENCE=79.99 | TITLE=Gujarat: Wildlife trade racket busted, Indian star tortoises and rose-ringed parakeets rescued - The Hans India
2026-05-08 23:31:59,738 | INFO | SEMANTIC SCORE | SCORE=54.52 | TITLE=Gujarat: Wildlife trade racket busted, Indian star tortoises and rose-ringed parakeets rescued - The Hans India
2026-05-08 23:31:59,739 | WARNING | ARTICLE REJECTED | REASON=Low confidence | TITLE=Gujarat: Wildlife trade racket busted, Indian star tortoises and rose-ringed parakeets rescued - The Hans India
2026-05-08 23:32:02,874 | INFO | ML PREDICTION | PREDICTION=crime | CONFIDENCE=83.21 | TITLE=Wildlife Smuggling: Man Arrested at Kempegowda Airport - Deccan Herald
2026-05-08 23:32:02,923 | INFO | SEMANTIC SCORE | SCORE=61.18 | TITLE=Wildlife Smuggling: Man Arrested at Kempegowda Airport - Deccan Herald
2026-05-08 23:32:02,924 | WARNING | ARTICLE REJECTED | REASON=Low confidence | TITLE=Wildlife Smuggling: Man Arrested at Kempegowda Airport - Deccan Herald
2026-05-08 23:32:04,871 | INFO | ML PREDICTION | PREDICTION=other | CONFIDENCE=53.52 | TITLE=Wildlife Smuggling Trail: Rare Species Seized At Ahmedabad Airport - Vibes Of India
2026-05-08 23:32:04,964 | INFO | SEMANTIC SCORE | SCORE=63.42 | TITLE=Wildlife Smuggling Trail: Rare Species Seized At Ahmedabad Airport - Vibes Of India
2026-05-08 23:32:04,965 | WARNING | ARTICLE REJECTED | REASON=Low confidence | TITLE=Wildlife Smuggling Trail: Rare Species Seized At Ahmedabad Airport - Vibes Of India
2026-05-08 23:32:06,896 | WARNING | ARTICLE REJECTED | REASON=Validated | TITLE=CITES Report Urges India to Halt Wildlife Imports Pending Stronger Checks - Vajiram & Ravi
2026-05-08 23:32:09,645 | INFO | ML PREDICTION | PREDICTION=crime | CONFIDENCE=58.95 | TITLE=Delivery boy arrested in Mumbai with endangered baby gibbons in illegal wildlife trade case - The Times of India
2026-05-08 23:32:09,782 | INFO | SEMANTIC SCORE | SCORE=43.17 | TITLE=Delivery boy arrested in Mumbai with endangered baby gibbons in illegal wildlife trade case - The Times of India
2026-05-08 23:32:09,783 | WARNING | ARTICLE REJECTED | REASON=Low confidence | TITLE=Delivery boy arrested in Mumbai with endangered baby gibbons in illegal wildlife trade case - The Times of India
2026-05-08 23:32:12,341 | INFO | ML PREDICTION | PREDICTION=other | CONFIDENCE=60.24 | TITLE=Wildlife smuggling: Meghalaya turns up the heat on Indo-Bangladesh border - Syllad
2026-05-08 23:32:12,484 | INFO | SEMANTIC SCORE | SCORE=48.4 | TITLE=Wildlife smuggling: Meghalaya turns up the heat on Indo-Bangladesh border - Syllad
2026-05-08 23:32:12,486 | WARNING | ARTICLE REJECTED | REASON=Low confidence | TITLE=Wildlife smuggling: Meghalaya turns up the heat on Indo-Bangladesh border - Syllad
2026-05-08 23:32:17,840 | INFO | ML PREDICTION | PREDICTION=crime | CONFIDENCE=61.25 | TITLE=Mumbai Customs Officials Foil Major Wildlife Trafficking At Airport, 61 Live Animals Seized - Republic World
2026-05-08 23:32:17,976 | INFO | SEMANTIC SCORE | SCORE=61.53 | TITLE=Mumbai Customs Officials Foil Major Wildlife Trafficking At Airport, 61 Live Animals Seized - Republic World
2026-05-08 23:32:17,978 | WARNING | ARTICLE REJECTED | REASON=Low confidence | TITLE=Mumbai Customs Officials Foil Major Wildlife Trafficking At Airport, 61 Live Animals Seized - Republic World
2026-05-08 23:32:22,457 | INFO | ML PREDICTION | PREDICTION=crime | CONFIDENCE=66.78 | TITLE=Wildlife Smuggling Attempt: Man Flees Bengaluru Airport After Trying to Traffic Star Tortoises - Deccan Herald
2026-05-08 23:32:22,604 | INFO | SEMANTIC SCORE | SCORE=51.16 | TITLE=Wildlife Smuggling Attempt: Man Flees Bengaluru Airport After Trying to Traffic Star Tortoises - Deccan Herald
2026-05-08 23:32:22,606 | WARNING | ARTICLE REJECTED | REASON=Low confidence | TITLE=Wildlife Smuggling Attempt: Man Flees Bengaluru Airport After Trying to Traffic Star Tortoises - Deccan Herald
2026-05-08 23:32:27,554 | INFO | ML PREDICTION | PREDICTION=other | CONFIDENCE=63.9 | TITLE=Exotic wildlife smuggling linked to pet shops again in Tamil Nadu - The New Indian Express
2026-05-08 23:32:27,671 | INFO | SEMANTIC SCORE | SCORE=64.08 | TITLE=Exotic wildlife smuggling linked to pet shops again in Tamil Nadu - The New Indian Express
2026-05-08 23:32:27,673 | WARNING | ARTICLE REJECTED | REASON=Low confidence | TITLE=Exotic wildlife smuggling linked to pet shops again in Tamil Nadu - The New Indian Express
2026-05-08 23:32:31,324 | INFO | ML PREDICTION | PREDICTION=crime | CONFIDENCE=79.0 | TITLE=Wildlife smuggling bid foiled at Chennai airport; man arrested - The Times of India
2026-05-08 23:32:31,459 | INFO | SEMANTIC SCORE | SCORE=52.38 | TITLE=Wildlife smuggling bid foiled at Chennai airport; man arrested - The Times of India
2026-05-08 23:32:31,460 | WARNING | ARTICLE REJECTED | REASON=Low confidence | TITLE=Wildlife smuggling bid foiled at Chennai airport; man arrested - The Times of India
2026-05-08 23:32:35,420 | INFO | ML PREDICTION | PREDICTION=other | CONFIDENCE=54.82 | TITLE=Snakes on a plane highlight Thailand-India wildlife trafficking, NGO reports - The Japan Times
2026-05-08 23:32:35,566 | INFO | SEMANTIC SCORE | SCORE=53.96 | TITLE=Snakes on a plane highlight Thailand-India wildlife trafficking, NGO reports - The Japan Times
2026-05-08 23:32:35,567 | WARNING | ARTICLE REJECTED | REASON=Low confidence | TITLE=Snakes on a plane highlight Thailand-India wildlife trafficking, NGO reports - The Japan Times
2026-05-08 23:32:39,135 | INFO | ML PREDICTION | PREDICTION=crime | CONFIDENCE=71.96 | TITLE=Authorities Thwart Wildlife Smuggling Attempt at Suvarnabhumi Airport - Nation Thailand
2026-05-08 23:32:39,276 | INFO | SEMANTIC SCORE | SCORE=62.45 | TITLE=Authorities Thwart Wildlife Smuggling Attempt at Suvarnabhumi Airport - Nation Thailand
2026-05-08 23:32:39,277 | WARNING | ARTICLE REJECTED | REASON=Low confidence | TITLE=Authorities Thwart Wildlife Smuggling Attempt at Suvarnabhumi Airport - Nation Thailand
2026-05-08 23:32:42,438 | INFO | ML PREDICTION | PREDICTION=crime | CONFIDENCE=56.61 | TITLE=From narcotics to exotic animals, Mizoram grapples with smuggling issues - The Times of India
2026-05-08 23:32:42,550 | INFO | SEMANTIC SCORE | SCORE=40.94 | TITLE=From narcotics to exotic animals, Mizoram grapples with smuggling issues - The Times of India
2026-05-08 23:32:42,551 | WARNING | ARTICLE REJECTED | REASON=Low confidence | TITLE=From narcotics to exotic animals, Mizoram grapples with smuggling issues - The Times of India
2026-05-08 23:32:45,016 | INFO | ML PREDICTION | PREDICTION=other | CONFIDENCE=51.01 | TITLE=How India Is Using AI to Stop Poaching: 5 Tech Initiatives Protecting Wildlife - The Better India
2026-05-08 23:32:45,090 | INFO | SEMANTIC SCORE | SCORE=44.32 | TITLE=How India Is Using AI to Stop Poaching: 5 Tech Initiatives Protecting Wildlife - The Better India
2026-05-08 23:32:45,092 | WARNING | ARTICLE REJECTED | REASON=Low confidence | TITLE=How India Is Using AI to Stop Poaching: 5 Tech Initiatives Protecting Wildlife - The Better India
2026-05-08 23:32:49,983 | INFO | ML PREDICTION | PREDICTION=other | CONFIDENCE=63.75 | TITLE=Wildlife seized from Thais linked to Indian smugglers - Bangkok Post
2026-05-08 23:32:50,107 | INFO | SEMANTIC SCORE | SCORE=62.81 | TITLE=Wildlife seized from Thais linked to Indian smugglers - Bangkok Post
2026-05-08 23:32:50,108 | WARNING | ARTICLE REJECTED | REASON=Low confidence | TITLE=Wildlife seized from Thais linked to Indian smugglers - Bangkok Post
2026-05-08 23:32:54,971 | WARNING | ARTICLE REJECTED | REASON=Validation failure | TITLE=Increase in gibbon trafficking into India has conservationists worried - news - Mongabay
2026-05-08 23:32:58,953 | WARNING | ARTICLE REJECTED | REASON=Validated | TITLE=After Vantara Visit, CITES Raps India, Says No More Imports of Endangered Wildlife Until Compliance - TheWire.in
2026-05-08 23:33:03,327 | WARNING | ARTICLE REJECTED | REASON=Validated | TITLE=Bengaluru overtakes Chennai in number of seizures of exotic wildlife species - The New Indian Express
2026-05-08 23:33:07,280 | WARNING | ARTICLE REJECTED | REASON=Validated | TITLE=Wildlife smugglers face flight ban; airlines to foot deportation bill - Mid-day
2026-05-08 23:33:11,078 | INFO | ML PREDICTION | PREDICTION=crime | CONFIDENCE=70.29 | TITLE=Passenger Arrested At Mumbai Airport For Smuggling 54 Exotic Animals - NDTV
2026-05-08 23:33:11,206 | INFO | SEMANTIC SCORE | SCORE=50.92 | TITLE=Passenger Arrested At Mumbai Airport For Smuggling 54 Exotic Animals - NDTV
2026-05-08 23:33:11,207 | WARNING | ARTICLE REJECTED | REASON=Low confidence | TITLE=Passenger Arrested At Mumbai Airport For Smuggling 54 Exotic Animals - NDTV
2026-05-08 23:33:16,054 | INFO | ML PREDICTION | PREDICTION=other | CONFIDENCE=68.33 | TITLE=Illegal wildlife trade linked to pet shop busted in Mangaluru, four arrested - The New Indian Express
2026-05-08 23:33:16,184 | INFO | SEMANTIC SCORE | SCORE=66.02 | TITLE=Illegal wildlife trade linked to pet shop busted in Mangaluru, four arrested - The New Indian Express
2026-05-08 23:33:16,185 | WARNING | ARTICLE REJECTED | REASON=Low confidence | TITLE=Illegal wildlife trade linked to pet shop busted in Mangaluru, four arrested - The New Indian Express
2026-05-08 23:33:20,881 | INFO | ML PREDICTION | PREDICTION=crime | CONFIDENCE=79.29 | TITLE=Manas poaching case unravels global wildlife smuggling ring - The Times of India
2026-05-08 23:33:21,018 | INFO | SEMANTIC SCORE | SCORE=56.52 | TITLE=Manas poaching case unravels global wildlife smuggling ring - The Times of India
2026-05-08 23:33:21,019 | WARNING | ARTICLE REJECTED | REASON=Low confidence | TITLE=Manas poaching case unravels global wildlife smuggling ring - The Times of India
2026-05-08 23:33:25,074 | WARNING | ARTICLE REJECTED | REASON=Validated | TITLE=Illegal pet trade in Nepal now shifting online, research suggests - news - Mongabay
2026-05-08 23:33:29,560 | INFO | ML PREDICTION | PREDICTION=crime | CONFIDENCE=56.36 | TITLE=Mumbai Customs Seizes 52 Exotic Reptiles In Major Wildlife Smuggling Bust - News18
2026-05-08 23:33:29,683 | INFO | SEMANTIC SCORE | SCORE=54.71 | TITLE=Mumbai Customs Seizes 52 Exotic Reptiles In Major Wildlife Smuggling Bust - News18
2026-05-08 23:33:29,684 | WARNING | ARTICLE REJECTED | REASON=Low confidence | TITLE=Mumbai Customs Seizes 52 Exotic Reptiles In Major Wildlife Smuggling Bust - News18
2026-05-08 23:33:33,658 | INFO | ML PREDICTION | PREDICTION=crime | CONFIDENCE=59.18 | TITLE=Officials uncover elephant tusks during undercover wildlife trafficking operation - Yahoo
2026-05-08 23:33:33,778 | INFO | SEMANTIC SCORE | SCORE=81.61 | TITLE=Officials uncover elephant tusks during undercover wildlife trafficking operation - Yahoo
2026-05-08 23:33:33,779 | WARNING | ARTICLE REJECTED | REASON=Low confidence | TITLE=Officials uncover elephant tusks during undercover wildlife trafficking operation - Yahoo
2026-05-08 23:33:39,213 | INFO | ML PREDICTION | PREDICTION=crime | CONFIDENCE=52.12 | TITLE=Mumbai customs seizes 52 exotic reptiles in major wildlife smuggling bust - CNBC TV18
2026-05-08 23:33:39,361 | INFO | SEMANTIC SCORE | SCORE=55.45 | TITLE=Mumbai customs seizes 52 exotic reptiles in major wildlife smuggling bust - CNBC TV18
2026-05-08 23:33:39,361 | WARNING | ARTICLE REJECTED | REASON=Low confidence | TITLE=Mumbai customs seizes 52 exotic reptiles in major wildlife smuggling bust - CNBC TV18
2026-05-08 23:33:41,824 | INFO | ML PREDICTION | PREDICTION=crime | CONFIDENCE=59.43 | TITLE=Man smuggling 95 exotic animals, birds from Bangkok held at Mumbai airport - The Indian Express
2026-05-08 23:33:41,902 | INFO | SEMANTIC SCORE | SCORE=52.05 | TITLE=Man smuggling 95 exotic animals, birds from Bangkok held at Mumbai airport - The Indian Express
2026-05-08 23:33:41,903 | WARNING | ARTICLE REJECTED | REASON=Low confidence | TITLE=Man smuggling 95 exotic animals, birds from Bangkok held at Mumbai airport - The Indian Express
2026-05-08 23:33:45,108 | INFO | ML PREDICTION | PREDICTION=crime | CONFIDENCE=59.2 | TITLE=Exotic wildlife smuggling foiled at Kolkata Airport: Model caught with rare marsupials in luggage - Mathrubhumi English
2026-05-08 23:33:45,168 | INFO | SEMANTIC SCORE | SCORE=55.28 | TITLE=Exotic wildlife smuggling foiled at Kolkata Airport: Model caught with rare marsupials in luggage - Mathrubhumi English
2026-05-08 23:33:45,168 | WARNING | ARTICLE REJECTED | REASON=Low confidence | TITLE=Exotic wildlife smuggling foiled at Kolkata Airport: Model caught with rare marsupials in luggage - Mathrubhumi English
2026-05-08 23:33:49,266 | WARNING | ARTICLE REJECTED | REASON=Validated | TITLE=Sangtam Naga Resolution Strengthens Pangolin Protection in Northeast India - usthadian.com
2026-05-08 23:33:52,098 | WARNING | ARTICLE REJECTED | REASON=Validated | TITLE=81 monkeys and meth found in car driven by suspected wildlife smugglers, rangers in Thailand say - CBS News
2026-05-08 23:33:54,865 | INFO | ML PREDICTION | PREDICTION=other | CONFIDENCE=53.14 | TITLE=Joint operation cracks down on illegal wildlife trade in Gujarat's Valsad; three held - ANI News
2026-05-08 23:33:54,912 | INFO | SEMANTIC SCORE | SCORE=54.27 | TITLE=Joint operation cracks down on illegal wildlife trade in Gujarat's Valsad; three held - ANI News
2026-05-08 23:33:54,913 | WARNING | ARTICLE REJECTED | REASON=Low confidence | TITLE=Joint operation cracks down on illegal wildlife trade in Gujarat's Valsad; three held - ANI News
2026-05-08 23:33:56,895 | INFO | ML PREDICTION | PREDICTION=crime | CONFIDENCE=56.56 | TITLE=City-based social rights activist files complaint with DGP over international wildlife smuggling at Bengaluru Airport - Country and Politics
2026-05-08 23:33:56,997 | INFO | SEMANTIC SCORE | SCORE=47.44 | TITLE=City-based social rights activist files complaint with DGP over international wildlife smuggling at Bengaluru Airport - Country and Politics
2026-05-08 23:33:56,998 | WARNING | ARTICLE REJECTED | REASON=Low confidence | TITLE=City-based social rights activist files complaint with DGP over international wildlife smuggling at Bengaluru Airport - Country and Politics
2026-05-08 23:37:20,025 | INFO | WILDLIFE AI SYSTEM STARTED
2026-05-08 23:37:26,165 | INFO | ML PREDICTION | PREDICTION=crime | CONFIDENCE=50.46 | TITLE=Why NCRB Data Understates Wildlife Crime in India - Frontline Magazine
2026-05-08 23:37:26,203 | INFO | SEMANTIC SCORE | SCORE=56.1 | TITLE=Why NCRB Data Understates Wildlife Crime in India - Frontline Magazine
2026-05-08 23:37:26,204 | WARNING | ARTICLE REJECTED | REASON=Low confidence | TITLE=Why NCRB Data Understates Wildlife Crime in India - Frontline Magazine
2026-05-08 23:37:29,001 | INFO | ML PREDICTION | PREDICTION=other | CONFIDENCE=58.75 | TITLE=Rajasthan strengthens wildlife law enforcement, organises training for forest officials at Rant - WWF India
2026-05-08 23:37:29,062 | INFO | SEMANTIC SCORE | SCORE=48.37 | TITLE=Rajasthan strengthens wildlife law enforcement, organises training for forest officials at Rant - WWF India
2026-05-08 23:37:29,063 | WARNING | ARTICLE REJECTED | REASON=Low confidence | TITLE=Rajasthan strengthens wildlife law enforcement, organises training for forest officials at Rant - WWF India
2026-05-08 23:37:31,879 | WARNING | ARTICLE REJECTED | REASON=Validated | TITLE=Rising illegal wildlife trade across Himalayan countries threatens the mountain ecosystem - Mongabay-India
2026-05-08 23:37:34,573 | INFO | ML PREDICTION | PREDICTION=crime | CONFIDENCE=62.68 | TITLE=First CBI Prosecuted Wildlife Crime Case in India - usthadian.com
2026-05-08 23:37:34,635 | INFO | SEMANTIC SCORE | SCORE=62.72 | TITLE=First CBI Prosecuted Wildlife Crime Case in India - usthadian.com
2026-05-08 23:37:34,636 | WARNING | ARTICLE REJECTED | REASON=Low confidence | TITLE=First CBI Prosecuted Wildlife Crime Case in India - usthadian.com
2026-05-08 23:37:37,992 | INFO | ML PREDICTION | PREDICTION=crime | CONFIDENCE=65.54 | TITLE=State to set up dedicated wildlife crime cell | Mumbai news - Hindustan Times
2026-05-08 23:37:38,075 | INFO | SEMANTIC SCORE | SCORE=46.33 | TITLE=State to set up dedicated wildlife crime cell | Mumbai news - Hindustan Times
2026-05-08 23:37:38,077 | WARNING | ARTICLE REJECTED | REASON=Low confidence | TITLE=State to set up dedicated wildlife crime cell | Mumbai news - Hindustan Times
2026-05-08 23:37:41,305 | WARNING | ARTICLE REJECTED | REASON=Validation failure | TITLE=Workshop in Bagdogra Targets Wildlife Trafficking - Arunachal24
2026-05-08 23:37:44,858 | INFO | ML PREDICTION | PREDICTION=other | CONFIDENCE=70.92 | TITLE=Operation Thunder, Highlights, Trends, Legal Framework - Vajiram & Ravi
2026-05-08 23:37:45,000 | INFO | SEMANTIC SCORE | SCORE=25.72 | TITLE=Operation Thunder, Highlights, Trends, Legal Framework - Vajiram & Ravi
2026-05-08 23:37:45,002 | WARNING | ARTICLE REJECTED | REASON=Low confidence | TITLE=Operation Thunder, Highlights, Trends, Legal Framework - Vajiram & Ravi
2026-05-08 23:37:47,886 | INFO | ML PREDICTION | PREDICTION=crime | CONFIDENCE=63.3 | TITLE=Elephant tusk buried in wall for 4 years, cracks open Chhattisgarh's Gariyaband wildlife crime - The Times of India
2026-05-08 23:37:47,939 | INFO | SEMANTIC SCORE | SCORE=48.18 | TITLE=Elephant tusk buried in wall for 4 years, cracks open Chhattisgarh's Gariyaband wildlife crime - The Times of India
2026-05-08 23:37:47,940 | WARNING | ARTICLE REJECTED | REASON=Low confidence | TITLE=Elephant tusk buried in wall for 4 years, cracks open Chhattisgarh's Gariyaband wildlife crime - The Times of India
2026-05-08 23:37:50,183 | INFO | ML PREDICTION | PREDICTION=other | CONFIDENCE=58.21 | TITLE=Shift of wildlife trafficking to the North East–Myanmar corridor - INSIGHTS IAS
2026-05-08 23:37:50,230 | INFO | SEMANTIC SCORE | SCORE=74.97 | TITLE=Shift of wildlife trafficking to the North East–Myanmar corridor - INSIGHTS IAS
2026-05-08 23:37:51,953 | INFO | DATABASE SAVE | INCIDENT=CLUSTER-20260508233751
2026-05-08 23:37:51,953 | INFO | ARTICLE ACCEPTED | CONFIDENCE=60.6 | TITLE=Shift of wildlife trafficking to the North East–Myanmar corridor - INSIGHTS IAS
2026-05-08 23:37:55,404 | WARNING | ARTICLE REJECTED | REASON=Validated | TITLE=Outpacing wildlife traffickers through regional action - International Fund for Animal Welfare | IFAW
2026-05-08 23:37:58,575 | INFO | ML PREDICTION | PREDICTION=crime | CONFIDENCE=72.15 | TITLE=Shahtoosh Trader Convicted in Landmark Wildlife Crime Case spanning 17 years - orissadiary.com
2026-05-08 23:37:58,624 | INFO | SEMANTIC SCORE | SCORE=45.6 | TITLE=Shahtoosh Trader Convicted in Landmark Wildlife Crime Case spanning 17 years - orissadiary.com
2026-05-08 23:37:58,625 | WARNING | ARTICLE REJECTED | REASON=Low confidence | TITLE=Shahtoosh Trader Convicted in Landmark Wildlife Crime Case spanning 17 years - orissadiary.com
2026-05-08 23:38:01,899 | WARNING | ARTICLE REJECTED | REASON=Validated | TITLE=NE border attracts MP, Maharashtra poachers - The New Indian Express
2026-05-08 23:38:04,194 | INFO | ML PREDICTION | PREDICTION=crime | CONFIDENCE=74.06 | TITLE=61 arrested in tri-state wildlife crime crackdown as forest teams seize pangolin scales, skins - Telegraph India
2026-05-08 23:38:04,239 | INFO | SEMANTIC SCORE | SCORE=71.94 | TITLE=61 arrested in tri-state wildlife crime crackdown as forest teams seize pangolin scales, skins - Telegraph India
2026-05-08 23:38:06,340 | INFO | DATABASE SAVE | INCIDENT=CLUSTER-20260508233806
2026-05-08 23:38:06,341 | INFO | ARTICLE ACCEPTED | CONFIDENCE=76.61 | TITLE=61 arrested in tri-state wildlife crime crackdown as forest teams seize pangolin scales, skins - Telegraph India
2026-05-08 23:38:10,247 | INFO | ML PREDICTION | PREDICTION=crime | CONFIDENCE=65.29 | TITLE=Wildlife crime thrives in least forested Punjab - The Hindu
2026-05-08 23:38:10,438 | INFO | SEMANTIC SCORE | SCORE=48.88 | TITLE=Wildlife crime thrives in least forested Punjab - The Hindu
2026-05-08 23:38:10,439 | WARNING | ARTICLE REJECTED | REASON=Low confidence | TITLE=Wildlife crime thrives in least forested Punjab - The Hindu
2026-05-08 23:38:12,583 | INFO | ML PREDICTION | PREDICTION=crime | CONFIDENCE=73.34 | TITLE=Kerala: Forest officials bust wildlife trafficking gang trying to sell tiger skin, claws, teeth; 7 held - The Times of India
2026-05-08 23:38:12,733 | INFO | SEMANTIC SCORE | SCORE=60.94 | TITLE=Kerala: Forest officials bust wildlife trafficking gang trying to sell tiger skin, claws, teeth; 7 held - The Times of India
2026-05-08 23:38:14,440 | WARNING | ARTICLE REJECTED | REASON=Duplicate article | TITLE=Kerala: Forest officials bust wildlife trafficking gang trying to sell tiger skin, claws, teeth; 7 held - The Times of India
2026-05-08 23:38:18,564 | INFO | ML PREDICTION | PREDICTION=crime | CONFIDENCE=52.83 | TITLE=Six wildlife sniffer dogs begin intensive refresher training to combat wildlife crime - WWF India
2026-05-08 23:38:18,691 | INFO | SEMANTIC SCORE | SCORE=45.2 | TITLE=Six wildlife sniffer dogs begin intensive refresher training to combat wildlife crime - WWF India
2026-05-08 23:38:18,692 | WARNING | ARTICLE REJECTED | REASON=Low confidence | TITLE=Six wildlife sniffer dogs begin intensive refresher training to combat wildlife crime - WWF India
2026-05-08 23:38:21,282 | INFO | ML PREDICTION | PREDICTION=crime | CONFIDENCE=66.64 | TITLE=Inquiry flags lack of funds for forensic tests in wildlife crime probes in Karnataka - The Times of India
2026-05-08 23:38:21,415 | INFO | SEMANTIC SCORE | SCORE=47.77 | TITLE=Inquiry flags lack of funds for forensic tests in wildlife crime probes in Karnataka - The Times of India
2026-05-08 23:38:21,416 | WARNING | ARTICLE REJECTED | REASON=Low confidence | TITLE=Inquiry flags lack of funds for forensic tests in wildlife crime probes in Karnataka - The Times of India
2026-05-08 23:38:23,370 | WARNING | ARTICLE REJECTED | REASON=Validated | TITLE=RhODIS India: Forensic science to the rescue of rhinos - WWF India
2026-05-08 23:38:26,321 | INFO | ML PREDICTION | PREDICTION=crime | CONFIDENCE=83.02 | TITLE=Palamu Tiger Reserve Seizes 60kg Pangolin Scales, Busts Wildlife Crime Network Across States - The Times of India
2026-05-08 23:38:26,377 | INFO | SEMANTIC SCORE | SCORE=54.03 | TITLE=Palamu Tiger Reserve Seizes 60kg Pangolin Scales, Busts Wildlife Crime Network Across States - The Times of India
2026-05-08 23:38:27,714 | INFO | DATABASE SAVE | INCIDENT=CLUSTER-20260508233827
2026-05-08 23:38:27,714 | INFO | ARTICLE ACCEPTED | CONFIDENCE=70.72 | TITLE=Palamu Tiger Reserve Seizes 60kg Pangolin Scales, Busts Wildlife Crime Network Across States - The Times of India
2026-05-08 23:38:31,127 | INFO | ML PREDICTION | PREDICTION=crime | CONFIDENCE=74.89 | TITLE=Woman wanted by Interpol for trafficking tiger parts arrested in India - BBC
2026-05-08 23:38:31,219 | INFO | SEMANTIC SCORE | SCORE=45.46 | TITLE=Woman wanted by Interpol for trafficking tiger parts arrested in India - BBC
2026-05-08 23:38:33,042 | INFO | DATABASE SAVE | INCIDENT=CLUSTER-20260508233832
2026-05-08 23:38:33,043 | INFO | ARTICLE ACCEPTED | CONFIDENCE=64.08 | TITLE=Woman wanted by Interpol for trafficking tiger parts arrested in India - BBC
2026-05-08 23:38:37,015 | WARNING | ARTICLE REJECTED | REASON=Validation failure | TITLE=Conservationists push for dedicated wildlife crime unit in Maharashtra - Mid-day
2026-05-08 23:38:40,438 | INFO | ML PREDICTION | PREDICTION=crime | CONFIDENCE=65.7 | TITLE=9 jailed for 3 yrs in 4 wildlife crime cases in Alipurduar - The Times of India
2026-05-08 23:38:40,558 | INFO | SEMANTIC SCORE | SCORE=61.93 | TITLE=9 jailed for 3 yrs in 4 wildlife crime cases in Alipurduar - The Times of India
2026-05-08 23:38:40,559 | WARNING | ARTICLE REJECTED | REASON=Low confidence | TITLE=9 jailed for 3 yrs in 4 wildlife crime cases in Alipurduar - The Times of India
2026-05-08 23:38:43,307 | WARNING | ARTICLE REJECTED | REASON=Validated | TITLE=India defends animal imports, calls wildlife governance ‘unmatched’ - Mongabay-India
2026-05-08 23:38:46,336 | INFO | ML PREDICTION | PREDICTION=other | CONFIDENCE=70.39 | TITLE=Animal Trafficking Reaches Record High In 2025: Interpol - NDTV
2026-05-08 23:38:46,378 | INFO | SEMANTIC SCORE | SCORE=65.89 | TITLE=Animal Trafficking Reaches Record High In 2025: Interpol - NDTV
2026-05-08 23:38:50,347 | INFO | DATABASE SAVE | INCIDENT=CLUSTER-20260508233850
2026-05-08 23:38:50,347 | INFO | ARTICLE ACCEPTED | CONFIDENCE=68.96 | TITLE=Animal Trafficking Reaches Record High In 2025: Interpol - NDTV
2026-05-08 23:38:53,942 | INFO | ML PREDICTION | PREDICTION=other | CONFIDENCE=63.2 | TITLE=Decade-old case gets fresh life as woman at centre of India’s biggest wildlife trafficking operation is arrested - The Indian Express
2026-05-08 23:38:54,099 | INFO | SEMANTIC SCORE | SCORE=44.88 | TITLE=Decade-old case gets fresh life as woman at centre of India’s biggest wildlife trafficking operation is arrested - The Indian Express
2026-05-08 23:38:56,163 | INFO | DATABASE SAVE | INCIDENT=CLUSTER-20260508233856
2026-05-08 23:38:56,164 | INFO | ARTICLE ACCEPTED | CONFIDENCE=62.06 | TITLE=Decade-old case gets fresh life as woman at centre of India’s biggest wildlife trafficking operation is arrested - The Indian Express
2026-05-08 23:39:00,711 | WARNING | ARTICLE REJECTED | REASON=Validated | TITLE=India arrests INTERPOL-wanted wildlife trafficker in Sikkim after coordinated chase - Telegraph India
2026-05-08 23:39:03,446 | WARNING | ARTICLE REJECTED | REASON=Validation failure | TITLE=Interpol Notice And Movie-Style Arrest Of Wildlife Trafficker In Sikkim - NDTV
2026-05-08 23:39:05,913 | INFO | ML PREDICTION | PREDICTION=crime | CONFIDENCE=63.59 | TITLE=2-day wildlife crime prevention training held at PTR - The Times of India
2026-05-08 23:39:05,946 | INFO | SEMANTIC SCORE | SCORE=42.57 | TITLE=2-day wildlife crime prevention training held at PTR - The Times of India
2026-05-08 23:39:05,947 | WARNING | ARTICLE REJECTED | REASON=Low confidence | TITLE=2-day wildlife crime prevention training held at PTR - The Times of India
2026-05-08 23:39:08,273 | INFO | ML PREDICTION | PREDICTION=other | CONFIDENCE=50.76 | TITLE=Vanishing Wings: Exposing the organised radical syndicates behind the wildlife trafficking crisis of Bharat - Organiser
2026-05-08 23:39:08,400 | INFO | SEMANTIC SCORE | SCORE=67.98 | TITLE=Vanishing Wings: Exposing the organised radical syndicates behind the wildlife trafficking crisis of Bharat - Organiser
2026-05-08 23:39:08,401 | WARNING | ARTICLE REJECTED | REASON=Low confidence | TITLE=Vanishing Wings: Exposing the organised radical syndicates behind the wildlife trafficking crisis of Bharat - Organiser
2026-05-08 23:39:11,278 | WARNING | ARTICLE REJECTED | REASON=Validated | TITLE=CITES withdraws recommendation to suspend trade of endangered species to India - Mongabay-India
2026-05-08 23:39:13,416 | INFO | ML PREDICTION | PREDICTION=crime | CONFIDENCE=56.94 | TITLE=Major wildlife trafficking haul in Assam–Nagaland border, one arrested - India Today NE
2026-05-08 23:39:13,529 | INFO | SEMANTIC SCORE | SCORE=66.26 | TITLE=Major wildlife trafficking haul in Assam–Nagaland border, one arrested - India Today NE
2026-05-08 23:39:16,046 | INFO | DATABASE SAVE | INCIDENT=TRA-IND-20260508
2026-05-08 23:39:16,047 | INFO | ARTICLE ACCEPTED | CONFIDENCE=61.35 | TITLE=Major wildlife trafficking haul in Assam–Nagaland border, one arrested - India Today NE
2026-05-08 23:39:20,180 | WARNING | ARTICLE REJECTED | REASON=Validated | TITLE=Wildlife Management in India - ClearIAS
2026-05-08 23:39:22,808 | INFO | ML PREDICTION | PREDICTION=crime | CONFIDENCE=63.27 | TITLE=Inter-state Wildlife Crime Syndicate Dismantled, Female Smuggler Arrested For First Time - ETV Bharat
2026-05-08 23:39:22,856 | INFO | SEMANTIC SCORE | SCORE=59.49 | TITLE=Inter-state Wildlife Crime Syndicate Dismantled, Female Smuggler Arrested For First Time - ETV Bharat
2026-05-08 23:39:25,364 | INFO | DATABASE SAVE | INCIDENT=CLUSTER-20260508233925
2026-05-08 23:39:25,365 | INFO | ARTICLE ACCEPTED | CONFIDENCE=66.48 | TITLE=Inter-state Wildlife Crime Syndicate Dismantled, Female Smuggler Arrested For First Time - ETV Bharat
2026-05-08 23:39:29,385 | INFO | ML PREDICTION | PREDICTION=crime | CONFIDENCE=68.6 | TITLE=WCCB & MP Tiger Strike Force Joint Operation Arrested International Wildlife Trafficker in India After INTERPOL Red Notice Alert - Indianmasterminds
2026-05-08 23:39:29,454 | INFO | SEMANTIC SCORE | SCORE=60.09 | TITLE=WCCB & MP Tiger Strike Force Joint Operation Arrested International Wildlife Trafficker in India After INTERPOL Red Notice Alert - Indianmasterminds
2026-05-08 23:39:30,367 | WARNING | ARTICLE REJECTED | REASON=Duplicate article | TITLE=WCCB & MP Tiger Strike Force Joint Operation Arrested International Wildlife Trafficker in India After INTERPOL Red Notice Alert - Indianmasterminds
2026-05-08 23:39:32,521 | INFO | ML PREDICTION | PREDICTION=other | CONFIDENCE=51.92 | TITLE=Banned wildlife trade busted: Three arrested for wildlife trophy possession; Investigation hints at a wid - The Times of India
2026-05-08 23:39:32,570 | INFO | SEMANTIC SCORE | SCORE=68.93 | TITLE=Banned wildlife trade busted: Three arrested for wildlife trophy possession; Investigation hints at a wid - The Times of India
2026-05-08 23:39:32,570 | WARNING | ARTICLE REJECTED | REASON=Low confidence | TITLE=Banned wildlife trade busted: Three arrested for wildlife trophy possession; Investigation hints at a wid - The Times of India
2026-05-08 23:39:35,694 | INFO | ML PREDICTION | PREDICTION=crime | CONFIDENCE=72.44 | TITLE=Global tiger trafficking crisis worsens with nine big cats seized monthly - AP News
2026-05-08 23:39:35,766 | INFO | SEMANTIC SCORE | SCORE=48.19 | TITLE=Global tiger trafficking crisis worsens with nine big cats seized monthly - AP News
2026-05-08 23:39:38,658 | INFO | DATABASE SAVE | INCIDENT=CLUSTER-20260508233938
2026-05-08 23:39:38,658 | INFO | ARTICLE ACCEPTED | CONFIDENCE=63.68 | TITLE=Global tiger trafficking crisis worsens with nine big cats seized monthly - AP News
2026-05-08 23:39:42,232 | INFO | ML PREDICTION | PREDICTION=other | CONFIDENCE=79.99 | TITLE=Gujarat: Wildlife trade racket busted, Indian star tortoises and rose-ringed parakeets rescued - The Hans India
2026-05-08 23:39:42,383 | INFO | SEMANTIC SCORE | SCORE=54.52 | TITLE=Gujarat: Wildlife trade racket busted, Indian star tortoises and rose-ringed parakeets rescued - The Hans India
2026-05-08 23:39:45,975 | INFO | DATABASE SAVE | INCIDENT=CLUSTER-20260508233945
2026-05-08 23:39:45,975 | INFO | ARTICLE ACCEPTED | CONFIDENCE=65.35 | TITLE=Gujarat: Wildlife trade racket busted, Indian star tortoises and rose-ringed parakeets rescued - The Hans India
2026-05-08 23:39:49,654 | WARNING | ARTICLE REJECTED | REASON=Validated | TITLE=A Wake-Up Call for India’s Wildlife Governance - Drishti IAS
2026-05-08 23:39:52,507 | INFO | ML PREDICTION | PREDICTION=other | CONFIDENCE=50.33 | TITLE=Strengthening law enforcement capacity to curb wildlife crime in Madhya Pradesh - WWF India
2026-05-08 23:39:52,559 | INFO | SEMANTIC SCORE | SCORE=59.41 | TITLE=Strengthening law enforcement capacity to curb wildlife crime in Madhya Pradesh - WWF India
2026-05-08 23:39:52,559 | WARNING | ARTICLE REJECTED | REASON=Low confidence | TITLE=Strengthening law enforcement capacity to curb wildlife crime in Madhya Pradesh - WWF India
2026-05-08 23:39:55,311 | WARNING | ARTICLE REJECTED | REASON=Validation failure | TITLE=Wildlife Conservation in India: Constitutional & Institutional Framework, Challenges, Schemes, and Initiatives - Sanskriti IAS
2026-05-08 23:39:58,402 | INFO | ML PREDICTION | PREDICTION=crime | CONFIDENCE=54.31 | TITLE=From blackbuck seizure to syndicate bust: MP wildlife crime probe uncovers cross-border hunts - The Economic Times
2026-05-08 23:39:58,471 | INFO | SEMANTIC SCORE | SCORE=55.52 | TITLE=From blackbuck seizure to syndicate bust: MP wildlife crime probe uncovers cross-border hunts - The Economic Times
2026-05-08 23:39:58,472 | WARNING | ARTICLE REJECTED | REASON=Low confidence | TITLE=From blackbuck seizure to syndicate bust: MP wildlife crime probe uncovers cross-border hunts - The Economic Times
2026-05-08 23:40:01,783 | INFO | ML PREDICTION | PREDICTION=other | CONFIDENCE=66.95 | TITLE=[Explainer] Why is India a major hub for wildlife trafficking? - Mongabay-India
2026-05-08 23:40:01,818 | INFO | SEMANTIC SCORE | SCORE=55.34 | TITLE=[Explainer] Why is India a major hub for wildlife trafficking? - Mongabay-India
2026-05-08 23:40:01,818 | WARNING | ARTICLE REJECTED | REASON=Low confidence | TITLE=[Explainer] Why is India a major hub for wildlife trafficking? - Mongabay-India
2026-05-08 23:40:05,195 | INFO | ML PREDICTION | PREDICTION=other | CONFIDENCE=57.04 | TITLE=WILDLIFE CRIME CONTROL BUREAU FROM INDIA AND NEPAL MEET TO STRENGTHEN COLLABORATION FOR CURBING - WWF India
2026-05-08 23:40:05,241 | INFO | SEMANTIC SCORE | SCORE=50.3 | TITLE=WILDLIFE CRIME CONTROL BUREAU FROM INDIA AND NEPAL MEET TO STRENGTHEN COLLABORATION FOR CURBING - WWF India
2026-05-08 23:40:05,242 | WARNING | ARTICLE REJECTED | REASON=Low confidence | TITLE=WILDLIFE CRIME CONTROL BUREAU FROM INDIA AND NEPAL MEET TO STRENGTHEN COLLABORATION FOR CURBING - WWF India
2026-05-08 23:40:08,737 | WARNING | ARTICLE REJECTED | REASON=Validated | TITLE=Wildlife-Related Crime Numbers Witness a Significant Decline - FACTLY
2026-05-08 23:40:11,451 | INFO | ML PREDICTION | PREDICTION=other | CONFIDENCE=77.53 | TITLE=BHUTAN, INDIA, AND NEPAL COLLABORATE TO COUNTER WILDLIFE TRAFFICKING IN SOUTH ASIA - WWF India
2026-05-08 23:40:11,505 | INFO | SEMANTIC SCORE | SCORE=57.18 | TITLE=BHUTAN, INDIA, AND NEPAL COLLABORATE TO COUNTER WILDLIFE TRAFFICKING IN SOUTH ASIA - WWF India
2026-05-08 23:40:15,207 | INFO | DATABASE SAVE | INCIDENT=CLUSTER-20260508234015
2026-05-08 23:40:15,207 | INFO | ARTICLE ACCEPTED | CONFIDENCE=64.92 | TITLE=BHUTAN, INDIA, AND NEPAL COLLABORATE TO COUNTER WILDLIFE TRAFFICKING IN SOUTH ASIA - WWF India
2026-05-08 23:40:18,828 | INFO | ML PREDICTION | PREDICTION=crime | CONFIDENCE=51.01 | TITLE=Wildlife crime cases in India decline significantly: Govt - Deccan Herald
2026-05-08 23:40:18,921 | INFO | SEMANTIC SCORE | SCORE=58.47 | TITLE=Wildlife crime cases in India decline significantly: Govt - Deccan Herald
2026-05-08 23:40:18,923 | WARNING | ARTICLE REJECTED | REASON=Low confidence | TITLE=Wildlife crime cases in India decline significantly: Govt - Deccan Herald
2026-05-08 23:40:21,973 | WARNING | ARTICLE REJECTED | REASON=Validated | TITLE=Global biodiversity assessment counters Supreme Court’s clean chit to Vantara - Mongabay-India
2026-05-08 23:40:25,214 | WARNING | ARTICLE REJECTED | REASON=Validated | TITLE=India: Our endangered wildlife - a cause for concern - United Nations Office on Drugs and Crime
2026-05-08 23:40:27,595 | WARNING | ARTICLE REJECTED | REASON=Validation failure | TITLE=Increase in gibbon trafficking into India has conservationists worried - news - Mongabay
2026-05-08 23:40:30,590 | INFO | ML PREDICTION | PREDICTION=crime | CONFIDENCE=63.08 | TITLE=Decoding solutions: curbing online wildlife crime in India - Traffic.org
2026-05-08 23:40:30,632 | INFO | SEMANTIC SCORE | SCORE=60.7 | TITLE=Decoding solutions: curbing online wildlife crime in India - Traffic.org
2026-05-08 23:40:30,633 | WARNING | ARTICLE REJECTED | REASON=Low confidence | TITLE=Decoding solutions: curbing online wildlife crime in India - Traffic.org
2026-05-08 23:40:32,753 | WARNING | ARTICLE REJECTED | REASON=Validated | TITLE=INDIA AND NEPAL MEET TO ADDRESS CHALLENGES TO CURBING ILLEGAL WILDLIFE TRADE - WWF India
2026-05-08 23:40:36,733 | INFO | ML PREDICTION | PREDICTION=other | CONFIDENCE=50.77 | TITLE=Odisha introduces HAWK to strengthen wildlife crime intel - The New Indian Express
2026-05-08 23:40:36,774 | INFO | SEMANTIC SCORE | SCORE=46.85 | TITLE=Odisha introduces HAWK to strengthen wildlife crime intel - The New Indian Express
2026-05-08 23:40:36,774 | WARNING | ARTICLE REJECTED | REASON=Low confidence | TITLE=Odisha introduces HAWK to strengthen wildlife crime intel - The New Indian Express
2026-05-08 23:40:39,836 | INFO | ML PREDICTION | PREDICTION=crime | CONFIDENCE=63.08 | TITLE=How DNA detectives are unmasking wildlife crime in India - Nature
2026-05-08 23:40:39,897 | INFO | SEMANTIC SCORE | SCORE=55.67 | TITLE=How DNA detectives are unmasking wildlife crime in India - Nature
2026-05-08 23:40:39,899 | WARNING | ARTICLE REJECTED | REASON=Low confidence | TITLE=How DNA detectives are unmasking wildlife crime in India - Nature
2026-05-08 23:40:43,420 | INFO | ML PREDICTION | PREDICTION=crime | CONFIDENCE=74.64 | TITLE=Wildlife Crime - ClearIAS
2026-05-08 23:40:43,446 | INFO | SEMANTIC SCORE | SCORE=69.26 | TITLE=Wildlife Crime - ClearIAS
2026-05-08 23:40:46,580 | INFO | DATABASE SAVE | INCIDENT=CLUSTER-20260508234046
2026-05-08 23:40:46,580 | INFO | ARTICLE ACCEPTED | CONFIDENCE=72.1 | TITLE=Wildlife Crime - ClearIAS
2026-05-08 23:40:50,914 | INFO | ML PREDICTION | PREDICTION=other | CONFIDENCE=51.01 | TITLE=How India Is Using AI to Stop Poaching: 5 Tech Initiatives Protecting Wildlife - The Better India
2026-05-08 23:40:50,968 | INFO | SEMANTIC SCORE | SCORE=44.32 | TITLE=How India Is Using AI to Stop Poaching: 5 Tech Initiatives Protecting Wildlife - The Better India
2026-05-08 23:40:50,968 | WARNING | ARTICLE REJECTED | REASON=Low confidence | TITLE=How India Is Using AI to Stop Poaching: 5 Tech Initiatives Protecting Wildlife - The Better India
2026-05-08 23:40:53,921 | INFO | ML PREDICTION | PREDICTION=other | CONFIDENCE=63.59 | TITLE=SOUTH ASIAN COUNTRIES MEET AGAIN TO STRENGTHEN EFFORTS TO CURB WILDLIFE TRAFFICKING - WWF India
2026-05-08 23:40:54,007 | INFO | SEMANTIC SCORE | SCORE=43.61 | TITLE=SOUTH ASIAN COUNTRIES MEET AGAIN TO STRENGTHEN EFFORTS TO CURB WILDLIFE TRAFFICKING - WWF India
2026-05-08 23:40:54,009 | WARNING | ARTICLE REJECTED | REASON=Low confidence | TITLE=SOUTH ASIAN COUNTRIES MEET AGAIN TO STRENGTHEN EFFORTS TO CURB WILDLIFE TRAFFICKING - WWF India
2026-05-08 23:40:56,555 | INFO | ML PREDICTION | PREDICTION=other | CONFIDENCE=50.92 | TITLE=How a 24x7 Forest Station in Andaman Is Fighting Wildlife Crime & Saving Animals - The Better India
2026-05-08 23:40:56,623 | INFO | SEMANTIC SCORE | SCORE=44.39 | TITLE=How a 24x7 Forest Station in Andaman Is Fighting Wildlife Crime & Saving Animals - The Better India
2026-05-08 23:40:56,625 | WARNING | ARTICLE REJECTED | REASON=Low confidence | TITLE=How a 24x7 Forest Station in Andaman Is Fighting Wildlife Crime & Saving Animals - The Better India
2026-05-08 23:40:58,904 | INFO | ML PREDICTION | PREDICTION=crime | CONFIDENCE=60.44 | TITLE=Nepal collaborates with neighbors to gain wildlife crime intel but struggles with enforcement - news - Mongabay
2026-05-08 23:40:58,974 | INFO | SEMANTIC SCORE | SCORE=54.57 | TITLE=Nepal collaborates with neighbors to gain wildlife crime intel but struggles with enforcement - news - Mongabay
2026-05-08 23:40:58,975 | WARNING | ARTICLE REJECTED | REASON=Low confidence | TITLE=Nepal collaborates with neighbors to gain wildlife crime intel but struggles with enforcement - news - Mongabay
2026-05-08 23:41:01,157 | INFO | ML PREDICTION | PREDICTION=other | CONFIDENCE=51.48 | TITLE=How India is curbing wildlife trafficking - DD News
2026-05-08 23:41:01,193 | INFO | SEMANTIC SCORE | SCORE=62.23 | TITLE=How India is curbing wildlife trafficking - DD News
2026-05-08 23:41:01,194 | WARNING | ARTICLE REJECTED | REASON=Low confidence | TITLE=How India is curbing wildlife trafficking - DD News
2026-05-08 23:41:04,205 | WARNING | ARTICLE REJECTED | REASON=Validation failure | TITLE=World Environment Day 2021-India’s Commitment Towards Stopping Illegal Wildlife Trafficking - Welcome to the United Nations
2026-05-08 23:41:07,054 | INFO | ML PREDICTION | PREDICTION=crime | CONFIDENCE=69.92 | TITLE=Tantric rituals lead to wildlife crime arrest, 1 held - The Times of India
2026-05-08 23:41:07,099 | INFO | SEMANTIC SCORE | SCORE=41.22 | TITLE=Tantric rituals lead to wildlife crime arrest, 1 held - The Times of India
2026-05-08 23:41:07,100 | WARNING | ARTICLE REJECTED | REASON=Low confidence | TITLE=Tantric rituals lead to wildlife crime arrest, 1 held - The Times of India
2026-05-08 23:41:11,144 | INFO | ML PREDICTION | PREDICTION=other | CONFIDENCE=70.66 | TITLE=ENFORCEMENT AGENCIES TRAIN TOGETHER TO STOP WILDLIFE TRAFFICKING ACROSS INDIA’S HIMALAYAS - WWF India
2026-05-08 23:41:11,215 | INFO | SEMANTIC SCORE | SCORE=61.13 | TITLE=ENFORCEMENT AGENCIES TRAIN TOGETHER TO STOP WILDLIFE TRAFFICKING ACROSS INDIA’S HIMALAYAS - WWF India
2026-05-08 23:41:14,640 | INFO | DATABASE SAVE | INCIDENT=TRA-IND-20260508
2026-05-08 23:41:14,641 | INFO | ARTICLE ACCEPTED | CONFIDENCE=62.67 | TITLE=ENFORCEMENT AGENCIES TRAIN TOGETHER TO STOP WILDLIFE TRAFFICKING ACROSS INDIA’S HIMALAYAS - WWF India
2026-05-08 23:41:18,931 | INFO | ML PREDICTION | PREDICTION=crime | CONFIDENCE=51.01 | TITLE=Wildlife crime cases in India decline significantly from 2020 to 2024: Govt - ThePrint
2026-05-08 23:41:18,971 | INFO | SEMANTIC SCORE | SCORE=57.44 | TITLE=Wildlife crime cases in India decline significantly from 2020 to 2024: Govt - ThePrint
2026-05-08 23:41:18,976 | WARNING | ARTICLE REJECTED | REASON=Low confidence | TITLE=Wildlife crime cases in India decline significantly from 2020 to 2024: Govt - ThePrint
2026-05-08 23:41:21,770 | WARNING | ARTICLE REJECTED | REASON=Validated | TITLE=NCRB report shows Ludhiana to be wildest city: India’s animal crime capital. - The Times of India
2026-05-08 23:41:25,648 | WARNING | ARTICLE REJECTED | REASON=Validation failure | TITLE=‘Not all animals migrate by choice’ campaign launched to raise awareness on illegal wildlife trade - PIB
2026-05-08 23:41:28,041 | INFO | ML PREDICTION | PREDICTION=other | CONFIDENCE=71.38 | TITLE=FIRST OF ITS KIND PROJECT LAUNCHES NEW TOOLS TO COMBAT WILDLIFE TRAFFICKING IN INDIA’S AIRPORT - WWF India
2026-05-08 23:41:28,129 | INFO | SEMANTIC SCORE | SCORE=60.22 | TITLE=FIRST OF ITS KIND PROJECT LAUNCHES NEW TOOLS TO COMBAT WILDLIFE TRAFFICKING IN INDIA’S AIRPORT - WWF India
2026-05-08 23:41:35,089 | INFO | DATABASE SAVE | INCIDENT=TRA-IND-20260508
2026-05-08 23:41:35,090 | INFO | ARTICLE ACCEPTED | CONFIDENCE=62.76 | TITLE=FIRST OF ITS KIND PROJECT LAUNCHES NEW TOOLS TO COMBAT WILDLIFE TRAFFICKING IN INDIA’S AIRPORT - WWF India
2026-05-08 23:41:38,443 | INFO | ML PREDICTION | PREDICTION=crime | CONFIDENCE=55.37 | TITLE=[Video] Combatting wildlife crime with technology - Mongabay-India
2026-05-08 23:41:38,536 | INFO | SEMANTIC SCORE | SCORE=50.7 | TITLE=[Video] Combatting wildlife crime with technology - Mongabay-India
2026-05-08 23:41:38,537 | WARNING | ARTICLE REJECTED | REASON=Low confidence | TITLE=[Video] Combatting wildlife crime with technology - Mongabay-India
2026-05-08 23:41:41,976 | WARNING | ARTICLE REJECTED | REASON=Validated | TITLE=This invention is bad news for illegal hunters and poachers - FairPlanet
2026-05-08 23:41:47,789 | INFO | ML PREDICTION | PREDICTION=other | CONFIDENCE=65.76 | TITLE=Unique species in air passenger baggage exposes global reach of Thailand-India wild life smuggling - Traffic.org
2026-05-08 23:41:47,927 | INFO | SEMANTIC SCORE | SCORE=50.3 | TITLE=Unique species in air passenger baggage exposes global reach of Thailand-India wild life smuggling - Traffic.org
2026-05-08 23:41:47,928 | WARNING | ARTICLE REJECTED | REASON=Low confidence | TITLE=Unique species in air passenger baggage exposes global reach of Thailand-India wild life smuggling - Traffic.org
2026-05-08 23:41:51,950 | WARNING | ARTICLE REJECTED | REASON=Validation failure | TITLE=WORLD ENVIRONMENT DAY 2021-INDIA’S COMMITMENT TOWARDS STOPPING ILLEGAL WILDLIFE TRAFFICKING - WWF India
2026-05-08 23:41:55,859 | WARNING | ARTICLE REJECTED | REASON=Validation failure | TITLE=India’s Wildlife Conservation Milestones - PIB
2026-05-08 23:41:59,779 | INFO | ML PREDICTION | PREDICTION=other | CONFIDENCE=73.07 | TITLE=How Two Techies Are Helping Foresters Combat Wildlife Crimes With Technology - The Better India
2026-05-08 23:41:59,918 | INFO | SEMANTIC SCORE | SCORE=47.44 | TITLE=How Two Techies Are Helping Foresters Combat Wildlife Crimes With Technology - The Better India
2026-05-08 23:41:59,919 | WARNING | ARTICLE REJECTED | REASON=Low confidence | TITLE=How Two Techies Are Helping Foresters Combat Wildlife Crimes With Technology - The Better India
2026-05-08 23:42:04,685 | INFO | ML PREDICTION | PREDICTION=other | CONFIDENCE=56.92 | TITLE=Wildlife crime goes digital, WCCB increases vigilance - The New Indian Express
2026-05-08 23:42:04,803 | INFO | SEMANTIC SCORE | SCORE=56.28 | TITLE=Wildlife crime goes digital, WCCB increases vigilance - The New Indian Express
2026-05-08 23:42:04,804 | WARNING | ARTICLE REJECTED | REASON=Low confidence | TITLE=Wildlife crime goes digital, WCCB increases vigilance - The New Indian Express
2026-05-08 23:42:08,442 | INFO | ML PREDICTION | PREDICTION=other | CONFIDENCE=72.54 | TITLE=First of its kind project launches new tools to combat Wildlife Trafficking In India’s Airports - Traffic.org
2026-05-08 23:42:08,667 | INFO | SEMANTIC SCORE | SCORE=65.95 | TITLE=First of its kind project launches new tools to combat Wildlife Trafficking In India’s Airports - Traffic.org
2026-05-08 23:42:11,717 | WARNING | ARTICLE REJECTED | REASON=Duplicate article | TITLE=First of its kind project launches new tools to combat Wildlife Trafficking In India’s Airports - Traffic.org
2026-05-08 23:42:15,972 | INFO | ML PREDICTION | PREDICTION=crime | CONFIDENCE=58.39 | TITLE=JUDICIARY TO HELP CURB WILDLIFE CRIME IN MEGHALAYA - WWF India
2026-05-08 23:42:16,127 | INFO | SEMANTIC SCORE | SCORE=50.16 | TITLE=JUDICIARY TO HELP CURB WILDLIFE CRIME IN MEGHALAYA - WWF India
2026-05-08 23:42:16,129 | WARNING | ARTICLE REJECTED | REASON=Low confidence | TITLE=JUDICIARY TO HELP CURB WILDLIFE CRIME IN MEGHALAYA - WWF India
2026-05-08 23:42:20,044 | INFO | ML PREDICTION | PREDICTION=other | CONFIDENCE=56.85 | TITLE=Caging Birds? You Could End Up Behind Bars, Warn Wildlife Crime Control Bureau and PETA India - PETA India
2026-05-08 23:42:20,183 | INFO | SEMANTIC SCORE | SCORE=45.03 | TITLE=Caging Birds? You Could End Up Behind Bars, Warn Wildlife Crime Control Bureau and PETA India - PETA India
2026-05-08 23:42:20,184 | WARNING | ARTICLE REJECTED | REASON=Low confidence | TITLE=Caging Birds? You Could End Up Behind Bars, Warn Wildlife Crime Control Bureau and PETA India - PETA India
2026-05-08 23:42:24,124 | INFO | ML PREDICTION | PREDICTION=crime | CONFIDENCE=87.33 | TITLE=GEARING UP TO FIGHT WILDLIFE CRIME AT MELGHAT TIGER RESERVE: FOREST OFFICIALS HONE THEIR SKILLS - WWF India
2026-05-08 23:42:24,266 | INFO | SEMANTIC SCORE | SCORE=52.72 | TITLE=GEARING UP TO FIGHT WILDLIFE CRIME AT MELGHAT TIGER RESERVE: FOREST OFFICIALS HONE THEIR SKILLS - WWF India
2026-05-08 23:42:35,199 | INFO | DATABASE SAVE | INCIDENT=CLUSTER-20260508234235
2026-05-08 23:42:35,200 | INFO | ARTICLE ACCEPTED | CONFIDENCE=72.48 | TITLE=GEARING UP TO FIGHT WILDLIFE CRIME AT MELGHAT TIGER RESERVE: FOREST OFFICIALS HONE THEIR SKILLS - WWF India
2026-05-08 23:42:40,208 | INFO | ML PREDICTION | PREDICTION=other | CONFIDENCE=66.31 | TITLE=Bhutan, India, Nepal to counter wildlife trafficking - The Times of India
2026-05-08 23:42:40,342 | INFO | SEMANTIC SCORE | SCORE=54.07 | TITLE=Bhutan, India, Nepal to counter wildlife trafficking - The Times of India
2026-05-08 23:42:40,343 | WARNING | ARTICLE REJECTED | REASON=Low confidence | TITLE=Bhutan, India, Nepal to counter wildlife trafficking - The Times of India
2026-05-08 23:42:45,539 | WARNING | ARTICLE REJECTED | REASON=Validated | TITLE=The Media’s Disservice to India’s Wildlife That Only It Can Fix - The Wire Science
2026-05-08 23:42:50,668 | WARNING | ARTICLE REJECTED | REASON=Validated | TITLE=TRAFFIC initiative in India warns against buying illegal wildlife products - Traffic.org
2026-05-08 23:42:54,517 | INFO | ML PREDICTION | PREDICTION=crime | CONFIDENCE=52.73 | TITLE=Mizoram hosts two-day training to bolster wildlife crime investigation skills - India Today NE
2026-05-08 23:42:54,654 | INFO | SEMANTIC SCORE | SCORE=27.79 | TITLE=Mizoram hosts two-day training to bolster wildlife crime investigation skills - India Today NE
2026-05-08 23:42:54,656 | WARNING | ARTICLE REJECTED | REASON=Low confidence | TITLE=Mizoram hosts two-day training to bolster wildlife crime investigation skills - India Today NE
2026-05-08 23:42:59,024 | INFO | ML PREDICTION | PREDICTION=other | CONFIDENCE=73.33 | TITLE=Assam Forest Department learn new skills to crack wildlife cybercrime - Traffic.org
2026-05-08 23:42:59,151 | INFO | SEMANTIC SCORE | SCORE=56.15 | TITLE=Assam Forest Department learn new skills to crack wildlife cybercrime - Traffic.org
2026-05-08 23:43:12,337 | INFO | DATABASE SAVE | INCIDENT=CLUSTER-20260508234312
2026-05-08 23:43:12,337 | INFO | ARTICLE ACCEPTED | CONFIDENCE=62.51 | TITLE=Assam Forest Department learn new skills to crack wildlife cybercrime - Traffic.org
2026-05-08 23:43:19,201 | WARNING | ARTICLE REJECTED | REASON=Validated | TITLE=EIGHT WILDLIFE SNIFFER DOGS SHARPEN THEIR 'PAWSOME' SKILLS TO HELP CURB ILLEGAL WILDLIFE TRADE - WWF India
2026-05-08 23:43:23,420 | INFO | ML PREDICTION | PREDICTION=other | CONFIDENCE=64.79 | TITLE=India’s Wildlife Trafficking Epidemic - The Diplomat – Asia-Pacific
2026-05-08 23:43:23,530 | INFO | SEMANTIC SCORE | SCORE=70.59 | TITLE=India’s Wildlife Trafficking Epidemic - The Diplomat – Asia-Pacific
2026-05-08 23:43:32,294 | INFO | DATABASE SAVE | INCIDENT=TRA-IND-20260508
2026-05-08 23:43:32,294 | INFO | ARTICLE ACCEPTED | CONFIDENCE=62.57 | TITLE=India’s Wildlife Trafficking Epidemic - The Diplomat – Asia-Pacific
2026-05-08 23:43:35,922 | INFO | ML PREDICTION | PREDICTION=other | CONFIDENCE=60.8 | TITLE=‘Wildlife terrorism’ major emerging global problem: WCCB officer - The Hindu
2026-05-08 23:43:36,027 | INFO | SEMANTIC SCORE | SCORE=55.2 | TITLE=‘Wildlife terrorism’ major emerging global problem: WCCB officer - The Hindu
2026-05-08 23:43:36,029 | WARNING | ARTICLE REJECTED | REASON=Low confidence | TITLE=‘Wildlife terrorism’ major emerging global problem: WCCB officer - The Hindu
2026-05-08 23:43:39,140 | WARNING | ARTICLE REJECTED | REASON=Validated | TITLE=Excess Baggage: How wildlife is trafficked by air in and out of India - Mongabay-India
2026-05-08 23:43:43,083 | INFO | ML PREDICTION | PREDICTION=crime | CONFIDENCE=60.22 | TITLE=Jaldapara leads India’s fight against wildlife crime - Tehelka
2026-05-08 23:43:43,175 | INFO | SEMANTIC SCORE | SCORE=46.93 | TITLE=Jaldapara leads India’s fight against wildlife crime - Tehelka
2026-05-08 23:43:43,176 | WARNING | ARTICLE REJECTED | REASON=Low confidence | TITLE=Jaldapara leads India’s fight against wildlife crime - Tehelka
2026-05-08 23:43:45,827 | WARNING | ARTICLE REJECTED | REASON=Validated | TITLE=‘Easy to blame China; but India’s wildlife trade is thriving too’ - The Hindu
2026-05-08 23:43:48,469 | WARNING | ARTICLE REJECTED | REASON=Validated | TITLE=Can Tech Stop Animal Poachers in Their Tracks? - Mother Jones
2026-05-08 23:43:50,344 | INFO | ML PREDICTION | PREDICTION=other | CONFIDENCE=56.59 | TITLE=Yami Gautam joins the fight against wildlife crime in India - WWF India
2026-05-08 23:43:50,422 | INFO | SEMANTIC SCORE | SCORE=48.45 | TITLE=Yami Gautam joins the fight against wildlife crime in India - WWF India
2026-05-08 23:43:50,424 | WARNING | ARTICLE REJECTED | REASON=Low confidence | TITLE=Yami Gautam joins the fight against wildlife crime in India - WWF India
2026-05-08 23:43:52,276 | WARNING | ARTICLE REJECTED | REASON=Validated | TITLE=NGO Flags Rise in Illegal Wildlife Trade Guised as ‘Zoo Transfers’, Including to India - TheWire.in
2026-05-08 23:43:55,676 | INFO | ML PREDICTION | PREDICTION=other | CONFIDENCE=70.35 | TITLE=US and India Co-operate to Combat Illegal Trade in Wildlife - Traffic.org
2026-05-08 23:43:55,773 | INFO | SEMANTIC SCORE | SCORE=66.85 | TITLE=US and India Co-operate to Combat Illegal Trade in Wildlife - Traffic.org
2026-05-08 23:43:58,006 | WARNING | ARTICLE REJECTED | REASON=Duplicate article | TITLE=US and India Co-operate to Combat Illegal Trade in Wildlife - Traffic.org
2026-05-08 23:44:00,176 | INFO | ML PREDICTION | PREDICTION=other | CONFIDENCE=63.96 | TITLE=2054 cases registered for killing, trafficking of wild animals - The Hindu
2026-05-08 23:44:00,240 | INFO | SEMANTIC SCORE | SCORE=58.05 | TITLE=2054 cases registered for killing, trafficking of wild animals - The Hindu
2026-05-08 23:44:00,242 | WARNING | ARTICLE REJECTED | REASON=Low confidence | TITLE=2054 cases registered for killing, trafficking of wild animals - The Hindu
2026-05-08 23:44:03,808 | INFO | ML PREDICTION | PREDICTION=crime | CONFIDENCE=58.11 | TITLE=Can AI help India fight against wildlife trafficking and animal poaching? - IndiaAI
2026-05-08 23:44:03,949 | INFO | SEMANTIC SCORE | SCORE=52.5 | TITLE=Can AI help India fight against wildlife trafficking and animal poaching? - IndiaAI
2026-05-08 23:44:03,950 | WARNING | ARTICLE REJECTED | REASON=Low confidence | TITLE=Can AI help India fight against wildlife trafficking and animal poaching? - IndiaAI
2026-05-08 23:44:08,660 | INFO | ML PREDICTION | PREDICTION=crime | CONFIDENCE=56.99 | TITLE=Illegal wildlife trade busted from Crawford Market, man arrested - The Times of India
2026-05-08 23:44:08,803 | INFO | SEMANTIC SCORE | SCORE=71.81 | TITLE=Illegal wildlife trade busted from Crawford Market, man arrested - The Times of India
2026-05-08 23:44:08,804 | WARNING | ARTICLE REJECTED | REASON=Low confidence | TITLE=Illegal wildlife trade busted from Crawford Market, man arrested - The Times of India
2026-05-08 23:44:13,078 | INFO | ML PREDICTION | PREDICTION=other | CONFIDENCE=67.6 | TITLE=ITBP, Uttarakhand Forest Department and WCCB to coordinate efforts to curb trans-boundary illeg - WWF India
2026-05-08 23:44:13,245 | INFO | SEMANTIC SCORE | SCORE=35.47 | TITLE=ITBP, Uttarakhand Forest Department and WCCB to coordinate efforts to curb trans-boundary illeg - WWF India
2026-05-08 23:44:13,246 | WARNING | ARTICLE REJECTED | REASON=Low confidence | TITLE=ITBP, Uttarakhand Forest Department and WCCB to coordinate efforts to curb trans-boundary illeg - WWF India
2026-05-08 23:44:18,040 | INFO | ML PREDICTION | PREDICTION=crime | CONFIDENCE=56.4 | TITLE=Alarm bell on wildlife crime in the Northeast - The Sentinel - of this Land, for its People
2026-05-08 23:44:18,198 | INFO | SEMANTIC SCORE | SCORE=40.54 | TITLE=Alarm bell on wildlife crime in the Northeast - The Sentinel - of this Land, for its People
2026-05-08 23:44:18,200 | WARNING | ARTICLE REJECTED | REASON=Low confidence | TITLE=Alarm bell on wildlife crime in the Northeast - The Sentinel - of this Land, for its People
2026-05-08 23:44:21,720 | INFO | ML PREDICTION | PREDICTION=other | CONFIDENCE=53.14 | TITLE=Joint operation cracks down on illegal wildlife trade in Gujarat's Valsad; three held - ANI News
2026-05-08 23:44:21,978 | INFO | SEMANTIC SCORE | SCORE=54.27 | TITLE=Joint operation cracks down on illegal wildlife trade in Gujarat's Valsad; three held - ANI News
2026-05-08 23:44:21,980 | WARNING | ARTICLE REJECTED | REASON=Low confidence | TITLE=Joint operation cracks down on illegal wildlife trade in Gujarat's Valsad; three held - ANI News
2026-05-08 23:44:26,010 | WARNING | ARTICLE REJECTED | REASON=Validated | TITLE=India steps up efforts to combat wildlife trade - news - Mongabay
2026-05-08 23:44:30,045 | WARNING | ARTICLE REJECTED | REASON=Validation failure | TITLE=Who’s Hoo? How to identify owls in illegal wildlife trade this International Owl Awareness Day - WWF India
2026-05-08 23:44:37,452 | INFO | ML PREDICTION | PREDICTION=other | CONFIDENCE=63.71 | TITLE=A community leads protection of the pangolin in a critical illegal trade corridor - Mongabay-India
2026-05-08 23:44:37,578 | INFO | SEMANTIC SCORE | SCORE=64.77 | TITLE=A community leads protection of the pangolin in a critical illegal trade corridor - Mongabay-India
2026-05-08 23:44:37,579 | WARNING | ARTICLE REJECTED | REASON=Low confidence | TITLE=A community leads protection of the pangolin in a critical illegal trade corridor - Mongabay-India
2026-05-08 23:44:42,873 | INFO | ML PREDICTION | PREDICTION=crime | CONFIDENCE=50.46 | TITLE=Why NCRB Data Understates Wildlife Crime in India - Frontline Magazine
2026-05-08 23:44:43,012 | INFO | SEMANTIC SCORE | SCORE=56.1 | TITLE=Why NCRB Data Understates Wildlife Crime in India - Frontline Magazine
2026-05-08 23:44:43,013 | WARNING | ARTICLE REJECTED | REASON=Low confidence | TITLE=Why NCRB Data Understates Wildlife Crime in India - Frontline Magazine
2026-05-08 23:44:48,005 | INFO | ML PREDICTION | PREDICTION=other | CONFIDENCE=62.81 | TITLE=Tougher action to curb Southeast Asia-India wildlife smuggling by air - Traffic.org
2026-05-08 23:44:48,145 | INFO | SEMANTIC SCORE | SCORE=56.64 | TITLE=Tougher action to curb Southeast Asia-India wildlife smuggling by air - Traffic.org
2026-05-08 23:44:48,146 | WARNING | ARTICLE REJECTED | REASON=Low confidence | TITLE=Tougher action to curb Southeast Asia-India wildlife smuggling by air - Traffic.org
2026-05-08 23:44:52,572 | WARNING | ARTICLE REJECTED | REASON=Validated | TITLE=Rising illegal wildlife trade across Himalayan countries threatens the mountain ecosystem - Mongabay-India
2026-05-08 23:44:56,602 | WARNING | ARTICLE REJECTED | REASON=Validation failure | TITLE=Workshop in Bagdogra Targets Wildlife Trafficking - Arunachal24
2026-05-08 23:45:01,580 | INFO | ML PREDICTION | PREDICTION=other | CONFIDENCE=60.21 | TITLE=In unfamiliar lands: Trafficking of exotic wildlife species in India - WWF India
2026-05-08 23:45:01,719 | INFO | SEMANTIC SCORE | SCORE=71.19 | TITLE=In unfamiliar lands: Trafficking of exotic wildlife species in India - WWF India
2026-05-08 23:45:05,071 | WARNING | ARTICLE REJECTED | REASON=Duplicate article | TITLE=In unfamiliar lands: Trafficking of exotic wildlife species in India - WWF India
2026-05-08 23:45:10,163 | WARNING | ARTICLE REJECTED | REASON=Validated | TITLE=Global rules, local gaps: Why CITES can’t help curb India’s domestic wildlife trade - Down To Earth
2026-05-08 23:45:13,716 | WARNING | ARTICLE REJECTED | REASON=Validated | TITLE=The anatomy of illicit wildlife trade In India - Dailyhunt
2026-05-08 23:45:16,756 | INFO | ML PREDICTION | PREDICTION=other | CONFIDENCE=58.21 | TITLE=Shift of wildlife trafficking to the North East–Myanmar corridor - INSIGHTS IAS
2026-05-08 23:45:16,875 | INFO | SEMANTIC SCORE | SCORE=74.97 | TITLE=Shift of wildlife trafficking to the North East–Myanmar corridor - INSIGHTS IAS
2026-05-08 23:45:18,407 | WARNING | ARTICLE REJECTED | REASON=Duplicate article | TITLE=Shift of wildlife trafficking to the North East–Myanmar corridor - INSIGHTS IAS
2026-05-08 23:45:20,497 | INFO | ML PREDICTION | PREDICTION=crime | CONFIDENCE=74.89 | TITLE=Woman wanted by Interpol for trafficking tiger parts arrested in India - BBC
2026-05-08 23:45:20,540 | INFO | SEMANTIC SCORE | SCORE=45.46 | TITLE=Woman wanted by Interpol for trafficking tiger parts arrested in India - BBC
2026-05-08 23:45:21,928 | WARNING | ARTICLE REJECTED | REASON=Duplicate article | TITLE=Woman wanted by Interpol for trafficking tiger parts arrested in India - BBC
2026-05-08 23:45:26,000 | INFO | ML PREDICTION | PREDICTION=crime | CONFIDENCE=67.45 | TITLE=The cost of cute: how ‘petfluencers’ are driving Asia’s wildlife crime - South China Morning Post
2026-05-08 23:45:26,048 | INFO | SEMANTIC SCORE | SCORE=42.53 | TITLE=The cost of cute: how ‘petfluencers’ are driving Asia’s wildlife crime - South China Morning Post
2026-05-08 23:45:26,049 | WARNING | ARTICLE REJECTED | REASON=Low confidence | TITLE=The cost of cute: how ‘petfluencers’ are driving Asia’s wildlife crime - South China Morning Post
2026-05-08 23:45:28,345 | WARNING | ARTICLE REJECTED | REASON=Validated | TITLE=NE border attracts MP, Maharashtra poachers - The New Indian Express
2026-05-08 23:45:32,382 | INFO | ML PREDICTION | PREDICTION=crime | CONFIDENCE=73.34 | TITLE=Kerala: Forest officials bust wildlife trafficking gang trying to sell tiger skin, claws, teeth; 7 held - The Times of India
2026-05-08 23:45:32,431 | INFO | SEMANTIC SCORE | SCORE=60.94 | TITLE=Kerala: Forest officials bust wildlife trafficking gang trying to sell tiger skin, claws, teeth; 7 held - The Times of India
2026-05-08 23:45:33,694 | WARNING | ARTICLE REJECTED | REASON=Duplicate article | TITLE=Kerala: Forest officials bust wildlife trafficking gang trying to sell tiger skin, claws, teeth; 7 held - The Times of India
2026-05-08 23:45:36,133 | INFO | ML PREDICTION | PREDICTION=other | CONFIDENCE=63.2 | TITLE=Decade-old case gets fresh life as woman at centre of India’s biggest wildlife trafficking operation is arrested - The Indian Express
2026-05-08 23:45:36,303 | INFO | SEMANTIC SCORE | SCORE=44.88 | TITLE=Decade-old case gets fresh life as woman at centre of India’s biggest wildlife trafficking operation is arrested - The Indian Express
2026-05-08 23:45:39,601 | WARNING | ARTICLE REJECTED | REASON=Duplicate article | TITLE=Decade-old case gets fresh life as woman at centre of India’s biggest wildlife trafficking operation is arrested - The Indian Express
2026-05-08 23:45:44,595 | WARNING | ARTICLE REJECTED | REASON=Validated | TITLE=Outpacing wildlife traffickers through regional action - International Fund for Animal Welfare | IFAW
2026-05-08 23:45:48,626 | WARNING | ARTICLE REJECTED | REASON=Validated | TITLE=Exotic reptiles in illegal wildlife trade in India - WWF India
2026-05-08 23:45:53,327 | INFO | ML PREDICTION | PREDICTION=other | CONFIDENCE=53.1 | TITLE=Brazil police seize devices from bird expert in trafficking probe linked to Vantara zoo - news - Mongabay
2026-05-08 23:45:53,466 | INFO | SEMANTIC SCORE | SCORE=48.29 | TITLE=Brazil police seize devices from bird expert in trafficking probe linked to Vantara zoo - news - Mongabay
2026-05-08 23:45:53,467 | WARNING | ARTICLE REJECTED | REASON=Low confidence | TITLE=Brazil police seize devices from bird expert in trafficking probe linked to Vantara zoo - news - Mongabay
2026-05-08 23:45:58,093 | WARNING | ARTICLE REJECTED | REASON=Validated | TITLE=India defends animal imports, calls wildlife governance ‘unmatched’ - Mongabay-India
2026-05-08 23:46:01,637 | WARNING | ARTICLE REJECTED | REASON=Validated | TITLE=Global biodiversity assessment counters Supreme Court’s clean chit to Vantara - Mongabay-India
2026-05-08 23:46:06,338 | WARNING | ARTICLE REJECTED | REASON=Validated | TITLE=CITES withdraws recommendation to suspend trade of endangered species to India - Mongabay-India
2026-05-08 23:46:10,805 | INFO | ML PREDICTION | PREDICTION=other | CONFIDENCE=70.92 | TITLE=Operation Thunder, Highlights, Trends, Legal Framework - Vajiram & Ravi
2026-05-08 23:46:10,912 | INFO | SEMANTIC SCORE | SCORE=25.72 | TITLE=Operation Thunder, Highlights, Trends, Legal Framework - Vajiram & Ravi
2026-05-08 23:46:10,913 | WARNING | ARTICLE REJECTED | REASON=Low confidence | TITLE=Operation Thunder, Highlights, Trends, Legal Framework - Vajiram & Ravi
2026-05-08 23:46:16,585 | INFO | ML PREDICTION | PREDICTION=crime | CONFIDENCE=62.68 | TITLE=First CBI Prosecuted Wildlife Crime Case in India - usthadian.com
2026-05-08 23:46:16,721 | INFO | SEMANTIC SCORE | SCORE=62.72 | TITLE=First CBI Prosecuted Wildlife Crime Case in India - usthadian.com
2026-05-08 23:46:16,722 | WARNING | ARTICLE REJECTED | REASON=Low confidence | TITLE=First CBI Prosecuted Wildlife Crime Case in India - usthadian.com
2026-05-08 23:46:21,676 | INFO | ML PREDICTION | PREDICTION=other | CONFIDENCE=50.33 | TITLE=Strengthening law enforcement capacity to curb wildlife crime in Madhya Pradesh - WWF India
2026-05-08 23:46:21,740 | INFO | SEMANTIC SCORE | SCORE=59.41 | TITLE=Strengthening law enforcement capacity to curb wildlife crime in Madhya Pradesh - WWF India
2026-05-08 23:46:21,741 | WARNING | ARTICLE REJECTED | REASON=Low confidence | TITLE=Strengthening law enforcement capacity to curb wildlife crime in Madhya Pradesh - WWF India
2026-05-08 23:46:24,036 | INFO | ML PREDICTION | PREDICTION=other | CONFIDENCE=70.39 | TITLE=Animal Trafficking Reaches Record High In 2025: Interpol - NDTV
2026-05-08 23:46:24,196 | INFO | SEMANTIC SCORE | SCORE=65.89 | TITLE=Animal Trafficking Reaches Record High In 2025: Interpol - NDTV
2026-05-08 23:46:25,528 | WARNING | ARTICLE REJECTED | REASON=Duplicate article | TITLE=Animal Trafficking Reaches Record High In 2025: Interpol - NDTV
2026-05-08 23:46:29,325 | INFO | ML PREDICTION | PREDICTION=other | CONFIDENCE=65.76 | TITLE=Unique species in air passenger baggage exposes global reach of Thailand-India wild life smuggling - Traffic.org
2026-05-08 23:46:29,372 | INFO | SEMANTIC SCORE | SCORE=50.3 | TITLE=Unique species in air passenger baggage exposes global reach of Thailand-India wild life smuggling - Traffic.org
2026-05-08 23:46:29,372 | WARNING | ARTICLE REJECTED | REASON=Low confidence | TITLE=Unique species in air passenger baggage exposes global reach of Thailand-India wild life smuggling - Traffic.org
2026-05-08 23:46:32,676 | INFO | ML PREDICTION | PREDICTION=crime | CONFIDENCE=63.3 | TITLE=India: Exotic apes seized at Mumbai airport - DW.com
2026-05-08 23:46:32,749 | INFO | SEMANTIC SCORE | SCORE=50.04 | TITLE=India: Exotic apes seized at Mumbai airport - DW.com
2026-05-08 23:46:32,750 | WARNING | ARTICLE REJECTED | REASON=Low confidence | TITLE=India: Exotic apes seized at Mumbai airport - DW.com
2026-05-08 23:46:34,657 | INFO | ML PREDICTION | PREDICTION=other | CONFIDENCE=72.32 | TITLE=Supreme Court orders investigation into Vantara - Mongabay-India
2026-05-08 23:46:34,699 | INFO | SEMANTIC SCORE | SCORE=22.01 | TITLE=Supreme Court orders investigation into Vantara - Mongabay-India
2026-05-08 23:46:34,700 | WARNING | ARTICLE REJECTED | REASON=Low confidence | TITLE=Supreme Court orders investigation into Vantara - Mongabay-India
2026-05-08 23:46:36,818 | INFO | ML PREDICTION | PREDICTION=crime | CONFIDENCE=69.93 | TITLE=Darke Lama: Kingpin of South Asia's wildlife trafficking network, now wanted by Interpol in 2015 MP tiger - The Times of India
2026-05-08 23:46:36,896 | INFO | SEMANTIC SCORE | SCORE=73.15 | TITLE=Darke Lama: Kingpin of South Asia's wildlife trafficking network, now wanted by Interpol in 2015 MP tiger - The Times of India
2026-05-08 23:46:38,884 | WARNING | ARTICLE REJECTED | REASON=Duplicate article | TITLE=Darke Lama: Kingpin of South Asia's wildlife trafficking network, now wanted by Interpol in 2015 MP tiger - The Times of India
2026-05-08 23:46:41,839 | WARNING | ARTICLE REJECTED | REASON=Validated | TITLE=ADDING TEETH TO WILDLIFE LAW ENFORCEMENT - WWF India
2026-05-08 23:46:43,864 | INFO | ML PREDICTION | PREDICTION=crime | CONFIDENCE=50.68 | TITLE=World Pangolin Day 2026: 500,000+ pangolins seized globally between 2016 and 2024 - Down To Earth
2026-05-08 23:46:43,985 | INFO | SEMANTIC SCORE | SCORE=68.27 | TITLE=World Pangolin Day 2026: 500,000+ pangolins seized globally between 2016 and 2024 - Down To Earth
2026-05-08 23:46:43,986 | WARNING | ARTICLE REJECTED | REASON=Low confidence | TITLE=World Pangolin Day 2026: 500,000+ pangolins seized globally between 2016 and 2024 - Down To Earth
2026-05-08 23:46:47,039 | WARNING | ARTICLE REJECTED | REASON=Validated | TITLE=Tame the trade - Down To Earth
2026-05-08 23:46:48,980 | INFO | ML PREDICTION | PREDICTION=crime | CONFIDENCE=65.7 | TITLE=9 jailed for 3 yrs in 4 wildlife crime cases in Alipurduar - The Times of India
2026-05-08 23:46:49,054 | INFO | SEMANTIC SCORE | SCORE=61.93 | TITLE=9 jailed for 3 yrs in 4 wildlife crime cases in Alipurduar - The Times of India
2026-05-08 23:46:49,055 | WARNING | ARTICLE REJECTED | REASON=Low confidence | TITLE=9 jailed for 3 yrs in 4 wildlife crime cases in Alipurduar - The Times of India
2026-05-08 23:46:51,780 | INFO | ML PREDICTION | PREDICTION=crime | CONFIDENCE=51.01 | TITLE=Wildlife crime cases in India decline significantly: Govt - Deccan Herald
2026-05-08 23:46:51,854 | INFO | SEMANTIC SCORE | SCORE=58.47 | TITLE=Wildlife crime cases in India decline significantly: Govt - Deccan Herald
2026-05-08 23:46:51,855 | WARNING | ARTICLE REJECTED | REASON=Low confidence | TITLE=Wildlife crime cases in India decline significantly: Govt - Deccan Herald
2026-05-08 23:46:54,705 | INFO | ML PREDICTION | PREDICTION=other | CONFIDENCE=66.95 | TITLE=[Explainer] Why is India a major hub for wildlife trafficking? - Mongabay-India
2026-05-08 23:46:54,749 | INFO | SEMANTIC SCORE | SCORE=55.34 | TITLE=[Explainer] Why is India a major hub for wildlife trafficking? - Mongabay-India
2026-05-08 23:46:54,751 | WARNING | ARTICLE REJECTED | REASON=Low confidence | TITLE=[Explainer] Why is India a major hub for wildlife trafficking? - Mongabay-India
2026-05-08 23:46:57,704 | WARNING | ARTICLE REJECTED | REASON=Validated | TITLE=Wildlife-Related Crime Numbers Witness a Significant Decline - FACTLY
2026-05-08 23:47:02,414 | INFO | ML PREDICTION | PREDICTION=crime | CONFIDENCE=66.69 | TITLE=Jamshedpur Forest Officials Eye Kolkata Kingpin in Wildlife Smuggling Bust - The Times of India
2026-05-08 23:47:02,565 | INFO | SEMANTIC SCORE | SCORE=54.46 | TITLE=Jamshedpur Forest Officials Eye Kolkata Kingpin in Wildlife Smuggling Bust - The Times of India
2026-05-08 23:47:02,566 | WARNING | ARTICLE REJECTED | REASON=Low confidence | TITLE=Jamshedpur Forest Officials Eye Kolkata Kingpin in Wildlife Smuggling Bust - The Times of India
2026-05-08 23:47:06,515 | INFO | ML PREDICTION | PREDICTION=crime | CONFIDENCE=72.44 | TITLE=Global tiger trafficking crisis worsens with nine big cats seized monthly - AP News
2026-05-08 23:47:06,631 | INFO | SEMANTIC SCORE | SCORE=48.19 | TITLE=Global tiger trafficking crisis worsens with nine big cats seized monthly - AP News
2026-05-08 23:47:09,954 | WARNING | ARTICLE REJECTED | REASON=Duplicate article | TITLE=Global tiger trafficking crisis worsens with nine big cats seized monthly - AP News
2026-05-08 23:47:15,170 | WARNING | ARTICLE REJECTED | REASON=Validated | TITLE=After Ambani zoo probe, wildlife body reverses call to curb animal imports to India - Reuters
2026-05-08 23:47:20,043 | WARNING | ARTICLE REJECTED | REASON=Validated | TITLE=CITES Report Urges India to Halt Wildlife Imports Pending Stronger Checks - Vajiram & Ravi
2026-05-08 23:47:25,629 | WARNING | ARTICLE REJECTED | REASON=Validated | TITLE=Woman held with 2 kg pangolin scales in Jharkhand, exposing India’s link to a global wildlife trade - Telegraph India
2026-05-08 23:47:30,651 | INFO | ML PREDICTION | PREDICTION=other | CONFIDENCE=61.61 | TITLE=Rock eagle owls rescued from wildlife trafficking racket - Humane World for Animals
2026-05-08 23:47:30,809 | INFO | SEMANTIC SCORE | SCORE=65.25 | TITLE=Rock eagle owls rescued from wildlife trafficking racket - Humane World for Animals
2026-05-08 23:47:43,506 | INFO | DATABASE SAVE | INCIDENT=CLUSTER-20260508234743
2026-05-08 23:47:43,507 | INFO | ARTICLE ACCEPTED | CONFIDENCE=63.38 | TITLE=Rock eagle owls rescued from wildlife trafficking racket - Humane World for Animals
2026-05-08 23:47:49,630 | WARNING | ARTICLE REJECTED | REASON=Validated | TITLE=Indian Softshell Turtle Rescue Highlights Illegal Wildlife Trade - GK Today
2026-05-08 23:47:54,266 | INFO | ML PREDICTION | PREDICTION=other | CONFIDENCE=51.01 | TITLE=How India Is Using AI to Stop Poaching: 5 Tech Initiatives Protecting Wildlife - The Better India
2026-05-08 23:47:54,407 | INFO | SEMANTIC SCORE | SCORE=44.32 | TITLE=How India Is Using AI to Stop Poaching: 5 Tech Initiatives Protecting Wildlife - The Better India
2026-05-08 23:47:54,409 | WARNING | ARTICLE REJECTED | REASON=Low confidence | TITLE=How India Is Using AI to Stop Poaching: 5 Tech Initiatives Protecting Wildlife - The Better India
2026-05-08 23:47:59,531 | WARNING | ARTICLE REJECTED | REASON=Validated | TITLE=Ahmedabad: Illegal wildlife trade thrives despite crackdown, exotic pet trail leads cops to farmhouses - The Times of India
2026-05-08 23:48:04,268 | INFO | ML PREDICTION | PREDICTION=other | CONFIDENCE=51.92 | TITLE=Banned wildlife trade busted: Three arrested for wildlife trophy possession; Investigation hints at a wid - The Times of India
2026-05-08 23:48:04,407 | INFO | SEMANTIC SCORE | SCORE=68.93 | TITLE=Banned wildlife trade busted: Three arrested for wildlife trophy possession; Investigation hints at a wid - The Times of India
2026-05-08 23:48:04,408 | WARNING | ARTICLE REJECTED | REASON=Low confidence | TITLE=Banned wildlife trade busted: Three arrested for wildlife trophy possession; Investigation hints at a wid - The Times of India
2026-05-08 23:48:10,023 | INFO | ML PREDICTION | PREDICTION=other | CONFIDENCE=56.27 | TITLE=Malaysia steps up action against smuggling of wildlife in passenger luggage between Southeast Asia, India - Asia News Network
2026-05-08 23:48:10,110 | INFO | SEMANTIC SCORE | SCORE=41.9 | TITLE=Malaysia steps up action against smuggling of wildlife in passenger luggage between Southeast Asia, India - Asia News Network
2026-05-08 23:48:10,111 | WARNING | ARTICLE REJECTED | REASON=Low confidence | TITLE=Malaysia steps up action against smuggling of wildlife in passenger luggage between Southeast Asia, India - Asia News Network
2026-05-08 23:48:15,025 | INFO | ML PREDICTION | PREDICTION=other | CONFIDENCE=79.99 | TITLE=Gujarat: Wildlife trade racket busted, Indian star tortoises and rose-ringed parakeets rescued - The Hans India
2026-05-08 23:48:15,183 | INFO | SEMANTIC SCORE | SCORE=54.52 | TITLE=Gujarat: Wildlife trade racket busted, Indian star tortoises and rose-ringed parakeets rescued - The Hans India
2026-05-08 23:48:18,690 | WARNING | ARTICLE REJECTED | REASON=Duplicate article | TITLE=Gujarat: Wildlife trade racket busted, Indian star tortoises and rose-ringed parakeets rescued - The Hans India
2026-05-08 23:48:23,679 | WARNING | ARTICLE REJECTED | REASON=Validated | TITLE=Vantara Row: CITES Reverses Earlier Recommendation to India About Banning Imports of Endangered Wildlife - TheWire.in
2026-05-08 23:48:28,347 | INFO | ML PREDICTION | PREDICTION=crime | CONFIDENCE=56.94 | TITLE=Major wildlife trafficking haul in Assam–Nagaland border, one arrested - India Today NE
2026-05-08 23:48:28,460 | INFO | SEMANTIC SCORE | SCORE=66.26 | TITLE=Major wildlife trafficking haul in Assam–Nagaland border, one arrested - India Today NE
2026-05-08 23:48:32,025 | WARNING | ARTICLE REJECTED | REASON=Duplicate article | TITLE=Major wildlife trafficking haul in Assam–Nagaland border, one arrested - India Today NE
2026-05-08 23:48:36,808 | WARNING | ARTICLE REJECTED | REASON=Validated | TITLE=CITES CoP20: Global South drives critical changes and shapes global wildlife trade policies - Down To Earth
2026-05-08 23:48:41,971 | WARNING | ARTICLE REJECTED | REASON=Validated | TITLE=After Vantara Visit, CITES Raps India, Says No More Imports of Endangered Wildlife Until Compliance - TheWire.in
2026-05-08 23:48:45,425 | WARNING | ARTICLE REJECTED | REASON=Validation failure | TITLE=Increase in gibbon trafficking into India has conservationists worried - news - Mongabay
2026-05-08 23:48:50,043 | INFO | ML PREDICTION | PREDICTION=other | CONFIDENCE=57.26 | TITLE=Unique species in air passenger baggage exposes global reach of Thailand India wildlife smuggling - Traffic.org
2026-05-08 23:48:50,128 | INFO | SEMANTIC SCORE | SCORE=57.48 | TITLE=Unique species in air passenger baggage exposes global reach of Thailand India wildlife smuggling - Traffic.org
2026-05-08 23:48:50,129 | WARNING | ARTICLE REJECTED | REASON=Low confidence | TITLE=Unique species in air passenger baggage exposes global reach of Thailand India wildlife smuggling - Traffic.org
2026-05-08 23:48:52,332 | INFO | ML PREDICTION | PREDICTION=other | CONFIDENCE=63.92 | TITLE=High Flying: Insight Into Wildlife Trafficking Through India's Airports - Wildlife Trade Report from TRAFFIC - Traffic.org
2026-05-08 23:48:52,432 | INFO | SEMANTIC SCORE | SCORE=67.33 | TITLE=High Flying: Insight Into Wildlife Trafficking Through India's Airports - Wildlife Trade Report from TRAFFIC - Traffic.org
2026-05-08 23:48:53,941 | WARNING | ARTICLE REJECTED | REASON=Duplicate article | TITLE=High Flying: Insight Into Wildlife Trafficking Through India's Airports - Wildlife Trade Report from TRAFFIC - Traffic.org
2026-05-08 23:48:56,067 | INFO | ML PREDICTION | PREDICTION=crime | CONFIDENCE=56.99 | TITLE=Illegal wildlife trade busted from Crawford Market, man arrested - The Times of India
2026-05-08 23:48:56,111 | INFO | SEMANTIC SCORE | SCORE=71.81 | TITLE=Illegal wildlife trade busted from Crawford Market, man arrested - The Times of India
2026-05-08 23:48:56,111 | WARNING | ARTICLE REJECTED | REASON=Low confidence | TITLE=Illegal wildlife trade busted from Crawford Market, man arrested - The Times of India
2026-05-08 23:49:00,766 | INFO | ML PREDICTION | PREDICTION=crime | CONFIDENCE=69.92 | TITLE=Tantric rituals lead to wildlife crime arrest, 1 held - The Times of India
2026-05-08 23:49:00,882 | INFO | SEMANTIC SCORE | SCORE=41.22 | TITLE=Tantric rituals lead to wildlife crime arrest, 1 held - The Times of India
2026-05-08 23:49:00,883 | WARNING | ARTICLE REJECTED | REASON=Low confidence | TITLE=Tantric rituals lead to wildlife crime arrest, 1 held - The Times of India
2026-05-08 23:49:05,693 | INFO | ML PREDICTION | PREDICTION=crime | CONFIDENCE=57.96 | TITLE=350 exotic animals trafficked from Bangkok seized at Pune, Mumbai airports in two months | Hindustan Times - Hindustan Times
2026-05-08 23:49:05,823 | INFO | SEMANTIC SCORE | SCORE=57.27 | TITLE=350 exotic animals trafficked from Bangkok seized at Pune, Mumbai airports in two months | Hindustan Times - Hindustan Times
2026-05-08 23:49:05,824 | WARNING | ARTICLE REJECTED | REASON=Low confidence | TITLE=350 exotic animals trafficked from Bangkok seized at Pune, Mumbai airports in two months | Hindustan Times - Hindustan Times
2026-05-08 23:49:11,255 | WARNING | ARTICLE REJECTED | REASON=Validated | TITLE=Turtles and tortoises in severe danger - Air Cargo Week
2026-05-08 23:49:16,189 | INFO | ML PREDICTION | PREDICTION=other | CONFIDENCE=68.33 | TITLE=Illegal wildlife trade linked to pet shop busted in Mangaluru, four arrested - The New Indian Express
2026-05-08 23:49:16,341 | INFO | SEMANTIC SCORE | SCORE=66.02 | TITLE=Illegal wildlife trade linked to pet shop busted in Mangaluru, four arrested - The New Indian Express
2026-05-08 23:49:31,364 | INFO | DATABASE SAVE | INCIDENT=CLUSTER-20260508234931
2026-05-08 23:49:31,364 | INFO | ARTICLE ACCEPTED | CONFIDENCE=62.97 | TITLE=Illegal wildlife trade linked to pet shop busted in Mangaluru, four arrested - The New Indian Express
2026-05-08 23:49:37,409 | INFO | ML PREDICTION | PREDICTION=crime | CONFIDENCE=68.0 | TITLE=Wildlife smuggling bust: 154 exotic animals, including 4 baby anacondas seized at Mumbai airport; woman a - The Times of India
2026-05-08 23:49:37,555 | INFO | SEMANTIC SCORE | SCORE=59.13 | TITLE=Wildlife smuggling bust: 154 exotic animals, including 4 baby anacondas seized at Mumbai airport; woman a - The Times of India
2026-05-08 23:49:37,557 | WARNING | ARTICLE REJECTED | REASON=Low confidence | TITLE=Wildlife smuggling bust: 154 exotic animals, including 4 baby anacondas seized at Mumbai airport; woman a - The Times of India
2026-05-08 23:49:41,670 | INFO | ML PREDICTION | PREDICTION=other | CONFIDENCE=54.82 | TITLE=Snakes on a plane highlight Thailand-India wildlife trafficking, NGO reports - The Japan Times
2026-05-08 23:49:41,794 | INFO | SEMANTIC SCORE | SCORE=53.96 | TITLE=Snakes on a plane highlight Thailand-India wildlife trafficking, NGO reports - The Japan Times
2026-05-08 23:49:41,795 | WARNING | ARTICLE REJECTED | REASON=Low confidence | TITLE=Snakes on a plane highlight Thailand-India wildlife trafficking, NGO reports - The Japan Times
2026-05-08 23:49:46,731 | WARNING | ARTICLE REJECTED | REASON=Validated | TITLE=Wildlife Imports Under Scrutiny: CITES Advises India To Reinforce Verification Protocols - Outlook Traveller
2026-05-08 23:49:51,129 | INFO | ML PREDICTION | PREDICTION=crime | CONFIDENCE=56.43 | TITLE=‘Forgotten’ leopards being driven to silent extinction by poaching and trade - news - Mongabay
2026-05-08 23:49:51,254 | INFO | SEMANTIC SCORE | SCORE=58.29 | TITLE=‘Forgotten’ leopards being driven to silent extinction by poaching and trade - news - Mongabay
2026-05-08 23:49:51,256 | WARNING | ARTICLE REJECTED | REASON=Low confidence | TITLE=‘Forgotten’ leopards being driven to silent extinction by poaching and trade - news - Mongabay
2026-05-08 23:49:55,075 | INFO | ML PREDICTION | PREDICTION=crime | CONFIDENCE=79.29 | TITLE=Manas poaching case unravels global wildlife smuggling ring - The Times of India
2026-05-08 23:49:55,205 | INFO | SEMANTIC SCORE | SCORE=56.52 | TITLE=Manas poaching case unravels global wildlife smuggling ring - The Times of India
2026-05-08 23:50:00,548 | WARNING | ARTICLE REJECTED | REASON=Duplicate article | TITLE=Manas poaching case unravels global wildlife smuggling ring - The Times of India
2026-05-08 23:50:04,510 | INFO | ML PREDICTION | PREDICTION=other | CONFIDENCE=57.04 | TITLE=WILDLIFE CRIME CONTROL BUREAU FROM INDIA AND NEPAL MEET TO STRENGTHEN COLLABORATION FOR CURBING - WWF India
2026-05-08 23:50:04,638 | INFO | SEMANTIC SCORE | SCORE=50.3 | TITLE=WILDLIFE CRIME CONTROL BUREAU FROM INDIA AND NEPAL MEET TO STRENGTHEN COLLABORATION FOR CURBING - WWF India
2026-05-08 23:50:04,639 | WARNING | ARTICLE REJECTED | REASON=Low confidence | TITLE=WILDLIFE CRIME CONTROL BUREAU FROM INDIA AND NEPAL MEET TO STRENGTHEN COLLABORATION FOR CURBING - WWF India
2026-05-08 23:50:08,027 | INFO | ML PREDICTION | PREDICTION=other | CONFIDENCE=77.53 | TITLE=BHUTAN, INDIA, AND NEPAL COLLABORATE TO COUNTER WILDLIFE TRAFFICKING IN SOUTH ASIA - WWF India
2026-05-08 23:50:08,162 | INFO | SEMANTIC SCORE | SCORE=57.18 | TITLE=BHUTAN, INDIA, AND NEPAL COLLABORATE TO COUNTER WILDLIFE TRAFFICKING IN SOUTH ASIA - WWF India
2026-05-08 23:50:11,161 | WARNING | ARTICLE REJECTED | REASON=Duplicate article | TITLE=BHUTAN, INDIA, AND NEPAL COLLABORATE TO COUNTER WILDLIFE TRAFFICKING IN SOUTH ASIA - WWF India
2026-05-08 23:50:14,153 | WARNING | ARTICLE REJECTED | REASON=Validated | TITLE=Excess Baggage: How wildlife is trafficked by air in and out of India - Mongabay-India
2026-05-08 23:50:17,832 | INFO | ML PREDICTION | PREDICTION=other | CONFIDENCE=51.48 | TITLE=How India is curbing wildlife trafficking - DD News
2026-05-08 23:50:17,969 | INFO | SEMANTIC SCORE | SCORE=62.23 | TITLE=How India is curbing wildlife trafficking - DD News
2026-05-08 23:50:17,970 | WARNING | ARTICLE REJECTED | REASON=Low confidence | TITLE=How India is curbing wildlife trafficking - DD News
2026-05-08 23:50:21,681 | INFO | ML PREDICTION | PREDICTION=other | CONFIDENCE=71.38 | TITLE=FIRST OF ITS KIND PROJECT LAUNCHES NEW TOOLS TO COMBAT WILDLIFE TRAFFICKING IN INDIA’S AIRPORT - WWF India
2026-05-08 23:50:21,814 | INFO | SEMANTIC SCORE | SCORE=60.22 | TITLE=FIRST OF ITS KIND PROJECT LAUNCHES NEW TOOLS TO COMBAT WILDLIFE TRAFFICKING IN INDIA’S AIRPORT - WWF India
2026-05-08 23:50:25,208 | WARNING | ARTICLE REJECTED | REASON=Duplicate article | TITLE=FIRST OF ITS KIND PROJECT LAUNCHES NEW TOOLS TO COMBAT WILDLIFE TRAFFICKING IN INDIA’S AIRPORT - WWF India
2026-05-08 23:50:30,034 | INFO | ML PREDICTION | PREDICTION=other | CONFIDENCE=63.9 | TITLE=Exotic wildlife smuggling linked to pet shops again in Tamil Nadu - The New Indian Express
2026-05-08 23:50:30,185 | INFO | SEMANTIC SCORE | SCORE=64.08 | TITLE=Exotic wildlife smuggling linked to pet shops again in Tamil Nadu - The New Indian Express
2026-05-08 23:50:30,187 | WARNING | ARTICLE REJECTED | REASON=Low confidence | TITLE=Exotic wildlife smuggling linked to pet shops again in Tamil Nadu - The New Indian Express
2026-05-08 23:50:34,365 | WARNING | ARTICLE REJECTED | REASON=Validation failure | TITLE=World Environment Day 2021-India’s Commitment Towards Stopping Illegal Wildlife Trafficking - Welcome to the United Nations
2026-05-08 23:50:39,768 | WARNING | ARTICLE REJECTED | REASON=Validated | TITLE=INDIA AND NEPAL MEET TO ADDRESS CHALLENGES TO CURBING ILLEGAL WILDLIFE TRADE - WWF India
2026-05-08 23:50:44,024 | INFO | ML PREDICTION | PREDICTION=other | CONFIDENCE=50.92 | TITLE=How a 24x7 Forest Station in Andaman Is Fighting Wildlife Crime & Saving Animals - The Better India
2026-05-08 23:50:44,141 | INFO | SEMANTIC SCORE | SCORE=44.39 | TITLE=How a 24x7 Forest Station in Andaman Is Fighting Wildlife Crime & Saving Animals - The Better India
2026-05-08 23:50:44,143 | WARNING | ARTICLE REJECTED | REASON=Low confidence | TITLE=How a 24x7 Forest Station in Andaman Is Fighting Wildlife Crime & Saving Animals - The Better India
2026-05-08 23:50:48,887 | INFO | ML PREDICTION | PREDICTION=other | CONFIDENCE=72.54 | TITLE=First of its kind project launches new tools to combat Wildlife Trafficking In India’s Airports - Traffic.org
2026-05-08 23:50:49,036 | INFO | SEMANTIC SCORE | SCORE=65.95 | TITLE=First of its kind project launches new tools to combat Wildlife Trafficking In India’s Airports - Traffic.org
2026-05-08 23:50:52,380 | WARNING | ARTICLE REJECTED | REASON=Duplicate article | TITLE=First of its kind project launches new tools to combat Wildlife Trafficking In India’s Airports - Traffic.org
2026-05-08 23:50:57,372 | INFO | ML PREDICTION | PREDICTION=other | CONFIDENCE=70.66 | TITLE=ENFORCEMENT AGENCIES TRAIN TOGETHER TO STOP WILDLIFE TRAFFICKING ACROSS INDIA’S HIMALAYAS - WWF India
2026-05-08 23:50:57,525 | INFO | SEMANTIC SCORE | SCORE=61.13 | TITLE=ENFORCEMENT AGENCIES TRAIN TOGETHER TO STOP WILDLIFE TRAFFICKING ACROSS INDIA’S HIMALAYAS - WWF India
2026-05-08 23:51:01,101 | WARNING | ARTICLE REJECTED | REASON=Duplicate article | TITLE=ENFORCEMENT AGENCIES TRAIN TOGETHER TO STOP WILDLIFE TRAFFICKING ACROSS INDIA’S HIMALAYAS - WWF India
2026-05-08 23:51:06,697 | INFO | ML PREDICTION | PREDICTION=other | CONFIDENCE=63.59 | TITLE=SOUTH ASIAN COUNTRIES MEET AGAIN TO STRENGTHEN EFFORTS TO CURB WILDLIFE TRAFFICKING - WWF India
2026-05-08 23:51:06,807 | INFO | SEMANTIC SCORE | SCORE=43.61 | TITLE=SOUTH ASIAN COUNTRIES MEET AGAIN TO STRENGTHEN EFFORTS TO CURB WILDLIFE TRAFFICKING - WWF India
2026-05-08 23:51:06,808 | WARNING | ARTICLE REJECTED | REASON=Low confidence | TITLE=SOUTH ASIAN COUNTRIES MEET AGAIN TO STRENGTHEN EFFORTS TO CURB WILDLIFE TRAFFICKING - WWF India
2026-05-08 23:51:10,537 | WARNING | ARTICLE REJECTED | REASON=Validated | TITLE=From policy to practice: Evaluating India’s approach to exotic wildlife trade under CITES - The Leaflet
2026-05-08 23:51:14,699 | WARNING | ARTICLE REJECTED | REASON=Validated | TITLE=India: Our endangered wildlife - a cause for concern - United Nations Office on Drugs and Crime
2026-05-08 23:51:18,619 | INFO | ML PREDICTION | PREDICTION=crime | CONFIDENCE=63.08 | TITLE=Decoding solutions: curbing online wildlife crime in India - Traffic.org
2026-05-08 23:51:18,743 | INFO | SEMANTIC SCORE | SCORE=60.7 | TITLE=Decoding solutions: curbing online wildlife crime in India - Traffic.org
2026-05-08 23:51:18,744 | WARNING | ARTICLE REJECTED | REASON=Low confidence | TITLE=Decoding solutions: curbing online wildlife crime in India - Traffic.org
2026-05-08 23:51:22,556 | WARNING | ARTICLE REJECTED | REASON=Validated | TITLE=In Deep Water: India's Sea Cucumbers in Illegal Wildlife Trade - Traffic.org
2026-05-08 23:51:26,810 | WARNING | ARTICLE REJECTED | REASON=Validated | TITLE=India and US sign wildlife agreement - Panda.org
2026-05-08 23:51:32,487 | WARNING | ARTICLE REJECTED | REASON=Validated | TITLE=India's Pangolins buried in Illegal Wildlife Trade - Wildlife Trade Report from TRAFFIC - Traffic.org
2026-05-08 23:51:36,752 | WARNING | ARTICLE REJECTED | REASON=Validated | TITLE=NGO Flags Rise in Illegal Wildlife Trade Guised as ‘Zoo Transfers’, Including to India - TheWire.in
2026-05-08 23:51:41,160 | WARNING | ARTICLE REJECTED | REASON=Validated | TITLE=Bengaluru overtakes Chennai in number of seizures of exotic wildlife species - The New Indian Express
2026-05-08 23:51:47,239 | INFO | ML PREDICTION | PREDICTION=other | CONFIDENCE=65.01 | TITLE=Champhai district in Mizoram is now a hotspot for wildlife trafficking in India - Mongabay-India
2026-05-08 23:51:47,363 | INFO | SEMANTIC SCORE | SCORE=56.7 | TITLE=Champhai district in Mizoram is now a hotspot for wildlife trafficking in India - Mongabay-India
2026-05-08 23:51:47,364 | WARNING | ARTICLE REJECTED | REASON=Low confidence | TITLE=Champhai district in Mizoram is now a hotspot for wildlife trafficking in India - Mongabay-India
2026-05-08 23:51:51,526 | WARNING | ARTICLE REJECTED | REASON=Validation failure | TITLE=WORLD ENVIRONMENT DAY 2021-INDIA’S COMMITMENT TOWARDS STOPPING ILLEGAL WILDLIFE TRAFFICKING - WWF India
2026-05-08 23:51:54,953 | INFO | ML PREDICTION | PREDICTION=other | CONFIDENCE=64.79 | TITLE=India’s Wildlife Trafficking Epidemic - The Diplomat – Asia-Pacific
2026-05-08 23:51:55,072 | INFO | SEMANTIC SCORE | SCORE=70.59 | TITLE=India’s Wildlife Trafficking Epidemic - The Diplomat – Asia-Pacific
2026-05-08 23:51:58,426 | WARNING | ARTICLE REJECTED | REASON=Duplicate article | TITLE=India’s Wildlife Trafficking Epidemic - The Diplomat – Asia-Pacific
2026-05-08 23:52:03,601 | INFO | ML PREDICTION | PREDICTION=crime | CONFIDENCE=58.11 | TITLE=Can AI help India fight against wildlife trafficking and animal poaching? - IndiaAI
2026-05-08 23:52:03,731 | INFO | SEMANTIC SCORE | SCORE=52.5 | TITLE=Can AI help India fight against wildlife trafficking and animal poaching? - IndiaAI
2026-05-08 23:52:03,732 | WARNING | ARTICLE REJECTED | REASON=Low confidence | TITLE=Can AI help India fight against wildlife trafficking and animal poaching? - IndiaAI
2026-05-08 23:52:08,713 | INFO | ML PREDICTION | PREDICTION=other | CONFIDENCE=51.68 | TITLE=Major crackdown on illegal wildlife trade: 226 protected animals seized at Mumbai's Crawford Market - Mid-day
2026-05-08 23:52:08,853 | INFO | SEMANTIC SCORE | SCORE=70.63 | TITLE=Major crackdown on illegal wildlife trade: 226 protected animals seized at Mumbai's Crawford Market - Mid-day
2026-05-08 23:52:08,855 | WARNING | ARTICLE REJECTED | REASON=Low confidence | TITLE=Major crackdown on illegal wildlife trade: 226 protected animals seized at Mumbai's Crawford Market - Mid-day
2026-05-08 23:52:12,852 | WARNING | ARTICLE REJECTED | REASON=Validated | TITLE=Factsheet on Indian Spiny-tailed Lizard in illegal wildlife trade - Wildlife Trade Report from TRAFFIC - Traffic.org
2026-05-08 23:52:17,584 | WARNING | ARTICLE REJECTED | REASON=Validation failure | TITLE=‘Not all animals migrate by choice’ campaign launched to raise awareness on illegal wildlife trade - PIB
2026-05-08 23:52:21,472 | WARNING | ARTICLE REJECTED | REASON=Validated | TITLE=INDIA'S PANGOLIN BURIED IN ILLEGAL WILDLIFE TRADE: Over 1200 were poached and trafficked from - WWF India
2026-05-08 23:52:25,497 | WARNING | ARTICLE REJECTED | REASON=Validated | TITLE=Factsheet on India’s Red Sanders in illegal wildlife trade - Traffic.org
2026-05-08 23:52:31,182 | WARNING | ARTICLE REJECTED | REASON=Validated | TITLE=TRAFFIC initiative in India warns against buying illegal wildlife products - Traffic.org
2026-05-08 23:52:35,124 | WARNING | ARTICLE REJECTED | REASON=Validation failure | TITLE=Who’s Hoo? How to identify owls in illegal wildlife trade this International Owl Awareness Day - WWF India
2026-05-08 23:52:39,521 | INFO | ML PREDICTION | PREDICTION=other | CONFIDENCE=50.37 | TITLE=Smuggling of Exotic and Endangered Species From Myanmar Increasing - The Diplomat – Asia-Pacific
2026-05-08 23:52:39,648 | INFO | SEMANTIC SCORE | SCORE=52.65 | TITLE=Smuggling of Exotic and Endangered Species From Myanmar Increasing - The Diplomat – Asia-Pacific
2026-05-08 23:52:39,650 | WARNING | ARTICLE REJECTED | REASON=Low confidence | TITLE=Smuggling of Exotic and Endangered Species From Myanmar Increasing - The Diplomat – Asia-Pacific
2026-05-08 23:52:44,021 | WARNING | ARTICLE REJECTED | REASON=Validated | TITLE=Factsheet on India’s Agarwood in illegal wildlife trade - Traffic.org
2026-05-08 23:52:48,451 | INFO | ML PREDICTION | PREDICTION=other | CONFIDENCE=56.92 | TITLE=Wildlife crime goes digital, WCCB increases vigilance - The New Indian Express
2026-05-08 23:52:48,574 | INFO | SEMANTIC SCORE | SCORE=56.28 | TITLE=Wildlife crime goes digital, WCCB increases vigilance - The New Indian Express
2026-05-08 23:52:48,576 | WARNING | ARTICLE REJECTED | REASON=Low confidence | TITLE=Wildlife crime goes digital, WCCB increases vigilance - The New Indian Express
2026-05-08 23:52:53,945 | INFO | ML PREDICTION | PREDICTION=other | CONFIDENCE=66.31 | TITLE=Bhutan, India, Nepal to counter wildlife trafficking - The Times of India
2026-05-08 23:52:54,067 | INFO | SEMANTIC SCORE | SCORE=54.07 | TITLE=Bhutan, India, Nepal to counter wildlife trafficking - The Times of India
2026-05-08 23:52:54,069 | WARNING | ARTICLE REJECTED | REASON=Low confidence | TITLE=Bhutan, India, Nepal to counter wildlife trafficking - The Times of India
2026-05-08 23:52:58,599 | WARNING | ARTICLE REJECTED | REASON=Validated | TITLE=Indian Customs Department installs illegal wildlife trade displays at Delhi International Airport - Traffic.org
2026-05-08 23:53:05,576 | INFO | ML PREDICTION | PREDICTION=other | CONFIDENCE=63.71 | TITLE=A community leads protection of the pangolin in a critical illegal trade corridor - Mongabay-India
2026-05-08 23:53:05,659 | INFO | SEMANTIC SCORE | SCORE=64.77 | TITLE=A community leads protection of the pangolin in a critical illegal trade corridor - Mongabay-India
2026-05-08 23:53:05,660 | WARNING | ARTICLE REJECTED | REASON=Low confidence | TITLE=A community leads protection of the pangolin in a critical illegal trade corridor - Mongabay-India
2026-05-08 23:53:09,117 | INFO | ML PREDICTION | PREDICTION=crime | CONFIDENCE=50.46 | TITLE=Why NCRB Data Understates Wildlife Crime in India - Frontline Magazine
2026-05-08 23:53:09,155 | INFO | SEMANTIC SCORE | SCORE=56.1 | TITLE=Why NCRB Data Understates Wildlife Crime in India - Frontline Magazine
2026-05-08 23:53:09,156 | WARNING | ARTICLE REJECTED | REASON=Low confidence | TITLE=Why NCRB Data Understates Wildlife Crime in India - Frontline Magazine
2026-05-08 23:53:11,188 | WARNING | ARTICLE REJECTED | REASON=Validated | TITLE=Rising illegal wildlife trade across Himalayan countries threatens the mountain ecosystem - Mongabay-India
2026-05-08 23:53:13,949 | WARNING | ARTICLE REJECTED | REASON=Validated | TITLE=The anatomy of illicit wildlife trade In India - Dailyhunt
2026-05-08 23:53:17,015 | INFO | ML PREDICTION | PREDICTION=crime | CONFIDENCE=62.68 | TITLE=First CBI Prosecuted Wildlife Crime Case in India - usthadian.com
2026-05-08 23:53:17,118 | INFO | SEMANTIC SCORE | SCORE=62.72 | TITLE=First CBI Prosecuted Wildlife Crime Case in India - usthadian.com
2026-05-08 23:53:17,119 | WARNING | ARTICLE REJECTED | REASON=Low confidence | TITLE=First CBI Prosecuted Wildlife Crime Case in India - usthadian.com
2026-05-08 23:53:19,645 | WARNING | ARTICLE REJECTED | REASON=Validated | TITLE=Global rules, local gaps: Why CITES can’t help curb India’s domestic wildlife trade - Down To Earth
2026-05-08 23:53:23,391 | INFO | ML PREDICTION | PREDICTION=other | CONFIDENCE=50.69 | TITLE=Mumbai Illegal Wildlife Trade: Four Arrested with Ambergris Worth Lakhs Near Virar - lokmattimes.com
2026-05-08 23:53:23,436 | INFO | SEMANTIC SCORE | SCORE=65.82 | TITLE=Mumbai Illegal Wildlife Trade: Four Arrested with Ambergris Worth Lakhs Near Virar - lokmattimes.com
2026-05-08 23:53:23,437 | WARNING | ARTICLE REJECTED | REASON=Low confidence | TITLE=Mumbai Illegal Wildlife Trade: Four Arrested with Ambergris Worth Lakhs Near Virar - lokmattimes.com
2026-05-08 23:53:26,497 | INFO | ML PREDICTION | PREDICTION=other | CONFIDENCE=60.21 | TITLE=In unfamiliar lands: Trafficking of exotic wildlife species in India - WWF India
2026-05-08 23:53:26,654 | INFO | SEMANTIC SCORE | SCORE=71.19 | TITLE=In unfamiliar lands: Trafficking of exotic wildlife species in India - WWF India
2026-05-08 23:53:30,084 | WARNING | ARTICLE REJECTED | REASON=Duplicate article | TITLE=In unfamiliar lands: Trafficking of exotic wildlife species in India - WWF India
2026-05-08 23:53:34,147 | WARNING | ARTICLE REJECTED | REASON=Validation failure | TITLE=Workshop in Bagdogra Targets Wildlife Trafficking - Arunachal24
2026-05-08 23:53:39,614 | INFO | ML PREDICTION | PREDICTION=other | CONFIDENCE=58.21 | TITLE=Shift of wildlife trafficking to the North East–Myanmar corridor - INSIGHTS IAS
2026-05-08 23:53:39,729 | INFO | SEMANTIC SCORE | SCORE=74.97 | TITLE=Shift of wildlife trafficking to the North East–Myanmar corridor - INSIGHTS IAS
2026-05-08 23:53:43,080 | WARNING | ARTICLE REJECTED | REASON=Duplicate article | TITLE=Shift of wildlife trafficking to the North East–Myanmar corridor - INSIGHTS IAS
2026-05-08 23:53:46,653 | INFO | ML PREDICTION | PREDICTION=other | CONFIDENCE=53.1 | TITLE=Brazil police seize devices from bird expert in trafficking probe linked to Vantara zoo - news - Mongabay
2026-05-08 23:53:46,784 | INFO | SEMANTIC SCORE | SCORE=48.29 | TITLE=Brazil police seize devices from bird expert in trafficking probe linked to Vantara zoo - news - Mongabay
2026-05-08 23:53:46,786 | WARNING | ARTICLE REJECTED | REASON=Low confidence | TITLE=Brazil police seize devices from bird expert in trafficking probe linked to Vantara zoo - news - Mongabay
2026-05-08 23:53:50,456 | INFO | ML PREDICTION | PREDICTION=other | CONFIDENCE=70.92 | TITLE=Operation Thunder, Highlights, Trends, Legal Framework - Vajiram & Ravi
2026-05-08 23:53:50,581 | INFO | SEMANTIC SCORE | SCORE=25.72 | TITLE=Operation Thunder, Highlights, Trends, Legal Framework - Vajiram & Ravi
2026-05-08 23:53:50,583 | WARNING | ARTICLE REJECTED | REASON=Low confidence | TITLE=Operation Thunder, Highlights, Trends, Legal Framework - Vajiram & Ravi
2026-05-08 23:53:55,023 | WARNING | ARTICLE REJECTED | REASON=Validated | TITLE=Indian Softshell Turtle Rescue Highlights Illegal Wildlife Trade - GK Today
2026-05-08 23:54:00,138 | WARNING | ARTICLE REJECTED | REASON=Validated | TITLE=Snake Venom Trail Uncovers Alleged Illegal Exotic Wildlife Trade In Ahmedabad Flat - Vibes Of India
2026-05-08 23:54:05,031 | WARNING | ARTICLE REJECTED | REASON=Validated | TITLE=Woman held with 2 kg pangolin scales in Jharkhand, exposing India’s link to a global wildlife trade - Telegraph India
2026-05-08 23:54:09,458 | WARNING | ARTICLE REJECTED | REASON=Validated | TITLE=NE border attracts MP, Maharashtra poachers - The New Indian Express
2026-05-08 23:54:14,418 | INFO | ML PREDICTION | PREDICTION=crime | CONFIDENCE=55.63 | TITLE=Three arrested for illegal wildlife trade in Nakodar - The Tribune
2026-05-08 23:54:14,462 | INFO | SEMANTIC SCORE | SCORE=64.24 | TITLE=Three arrested for illegal wildlife trade in Nakodar - The Tribune
2026-05-08 23:54:14,463 | WARNING | ARTICLE REJECTED | REASON=Low confidence | TITLE=Three arrested for illegal wildlife trade in Nakodar - The Tribune
2026-05-08 23:54:17,580 | INFO | ML PREDICTION | PREDICTION=crime | CONFIDENCE=50.68 | TITLE=World Pangolin Day 2026: 500,000+ pangolins seized globally between 2016 and 2024 - Down To Earth
2026-05-08 23:54:17,665 | INFO | SEMANTIC SCORE | SCORE=68.27 | TITLE=World Pangolin Day 2026: 500,000+ pangolins seized globally between 2016 and 2024 - Down To Earth
2026-05-08 23:54:17,667 | WARNING | ARTICLE REJECTED | REASON=Low confidence | TITLE=World Pangolin Day 2026: 500,000+ pangolins seized globally between 2016 and 2024 - Down To Earth
2026-05-08 23:54:20,912 | WARNING | ARTICLE REJECTED | REASON=Validated | TITLE=India defends animal imports, calls wildlife governance ‘unmatched’ - Mongabay-India
2026-05-08 23:54:23,928 | INFO | ML PREDICTION | PREDICTION=crime | CONFIDENCE=69.77 | TITLE=631 Live Turtles Rescued in Odisha’s Malkangiri During Wildlife Smuggling Crackdown; Seven Arrested - pragativadi.com
2026-05-08 23:54:23,970 | INFO | SEMANTIC SCORE | SCORE=55.2 | TITLE=631 Live Turtles Rescued in Odisha’s Malkangiri During Wildlife Smuggling Crackdown; Seven Arrested - pragativadi.com
2026-05-08 23:54:23,971 | WARNING | ARTICLE REJECTED | REASON=Low confidence | TITLE=631 Live Turtles Rescued in Odisha’s Malkangiri During Wildlife Smuggling Crackdown; Seven Arrested - pragativadi.com
2026-05-08 23:54:27,134 | INFO | ML PREDICTION | PREDICTION=crime | CONFIDENCE=60.35 | TITLE=Over 100 Parrots Seized in Major Forest Department Crackdown in Jamshedpur, Smuggler Arrested - The Avenue Mail
2026-05-08 23:54:27,176 | INFO | SEMANTIC SCORE | SCORE=62.24 | TITLE=Over 100 Parrots Seized in Major Forest Department Crackdown in Jamshedpur, Smuggler Arrested - The Avenue Mail
2026-05-08 23:54:33,145 | INFO | DATABASE SAVE | INCIDENT=CLUSTER-20260508235433
2026-05-08 23:54:33,146 | INFO | ARTICLE ACCEPTED | CONFIDENCE=65.85 | TITLE=Over 100 Parrots Seized in Major Forest Department Crackdown in Jamshedpur, Smuggler Arrested - The Avenue Mail
2026-05-08 23:54:37,379 | INFO | ML PREDICTION | PREDICTION=other | CONFIDENCE=51.92 | TITLE=Banned wildlife trade busted: Three arrested for wildlife trophy possession; Investigation hints at a wid - The Times of India
2026-05-08 23:54:37,425 | INFO | SEMANTIC SCORE | SCORE=68.93 | TITLE=Banned wildlife trade busted: Three arrested for wildlife trophy possession; Investigation hints at a wid - The Times of India
2026-05-08 23:54:37,426 | WARNING | ARTICLE REJECTED | REASON=Low confidence | TITLE=Banned wildlife trade busted: Three arrested for wildlife trophy possession; Investigation hints at a wid - The Times of India
2026-05-08 23:54:40,461 | WARNING | ARTICLE REJECTED | REASON=Validated | TITLE=Exotic reptiles in illegal wildlife trade in India - WWF India
2026-05-08 23:54:42,706 | INFO | ML PREDICTION | PREDICTION=other | CONFIDENCE=51.53 | TITLE=Authorities make shocking discovery after busting smuggling ring — here's what they found - The Cool Down
2026-05-08 23:54:42,759 | INFO | SEMANTIC SCORE | SCORE=38.16 | TITLE=Authorities make shocking discovery after busting smuggling ring — here's what they found - The Cool Down
2026-05-08 23:54:42,760 | WARNING | ARTICLE REJECTED | REASON=Low confidence | TITLE=Authorities make shocking discovery after busting smuggling ring — here's what they found - The Cool Down
2026-05-08 23:54:44,820 | INFO | ML PREDICTION | PREDICTION=other | CONFIDENCE=66.95 | TITLE=[Explainer] Why is India a major hub for wildlife trafficking? - Mongabay-India
2026-05-08 23:54:44,866 | INFO | SEMANTIC SCORE | SCORE=55.34 | TITLE=[Explainer] Why is India a major hub for wildlife trafficking? - Mongabay-India
2026-05-08 23:54:44,867 | WARNING | ARTICLE REJECTED | REASON=Low confidence | TITLE=[Explainer] Why is India a major hub for wildlife trafficking? - Mongabay-India
2026-05-08 23:54:47,351 | INFO | ML PREDICTION | PREDICTION=other | CONFIDENCE=62.81 | TITLE=Tougher action to curb Southeast Asia-India wildlife smuggling by air - Traffic.org
2026-05-08 23:54:47,412 | INFO | SEMANTIC SCORE | SCORE=56.64 | TITLE=Tougher action to curb Southeast Asia-India wildlife smuggling by air - Traffic.org
2026-05-08 23:54:47,413 | WARNING | ARTICLE REJECTED | REASON=Low confidence | TITLE=Tougher action to curb Southeast Asia-India wildlife smuggling by air - Traffic.org
2026-05-08 23:54:50,651 | WARNING | ARTICLE REJECTED | REASON=Validation failure | TITLE=Increase in gibbon trafficking into India has conservationists worried - news - Mongabay
2026-05-08 23:54:52,725 | WARNING | ARTICLE REJECTED | REASON=Validated | TITLE=Tame the trade - Down To Earth
2026-05-08 23:54:55,045 | WARNING | ARTICLE REJECTED | REASON=Validated | TITLE=Stop wildlife imports to India until proper checks in place: CITES report - Vision IAS
2026-05-08 23:54:58,584 | WARNING | ARTICLE REJECTED | REASON=Validated | TITLE=In Deep Water: India's Sea Cucumbers in Illegal Wildlife Trade - Traffic.org
2026-05-08 23:55:00,991 | WARNING | ARTICLE REJECTED | REASON=Validated | TITLE=ADDING TEETH TO WILDLIFE LAW ENFORCEMENT - WWF India
2026-05-08 23:55:04,465 | WARNING | ARTICLE REJECTED | REASON=Validated | TITLE=How India’s Wildlife Import System Became A Gateway For Gaps - Madras Courier
2026-05-08 23:55:08,305 | WARNING | ARTICLE REJECTED | REASON=Validated | TITLE=Global biodiversity assessment counters Supreme Court’s clean chit to Vantara - Mongabay-India
2026-05-08 23:55:11,808 | WARNING | ARTICLE REJECTED | REASON=Validated | TITLE=India's Pangolins buried in Illegal Wildlife Trade - Wildlife Trade Report from TRAFFIC - Traffic.org
2026-05-08 23:55:15,608 | WARNING | ARTICLE REJECTED | REASON=Validated | TITLE=INDIA AND NEPAL MEET TO ADDRESS CHALLENGES TO CURBING ILLEGAL WILDLIFE TRADE - WWF India
2026-05-08 23:55:19,546 | INFO | ML PREDICTION | PREDICTION=other | CONFIDENCE=50.33 | TITLE=Strengthening law enforcement capacity to curb wildlife crime in Madhya Pradesh - WWF India
2026-05-08 23:55:19,678 | INFO | SEMANTIC SCORE | SCORE=59.41 | TITLE=Strengthening law enforcement capacity to curb wildlife crime in Madhya Pradesh - WWF India
2026-05-08 23:55:19,679 | WARNING | ARTICLE REJECTED | REASON=Low confidence | TITLE=Strengthening law enforcement capacity to curb wildlife crime in Madhya Pradesh - WWF India
2026-05-08 23:55:23,304 | WARNING | ARTICLE REJECTED | REASON=Validated | TITLE=NGO Flags Rise in Illegal Wildlife Trade Guised as ‘Zoo Transfers’, Including to India - TheWire.in
2026-05-08 23:55:28,444 | WARNING | ARTICLE REJECTED | REASON=Validated | TITLE=Factsheet on Indian Spiny-tailed Lizard in illegal wildlife trade - Wildlife Trade Report from TRAFFIC - Traffic.org
2026-05-08 23:55:33,144 | INFO | ML PREDICTION | PREDICTION=other | CONFIDENCE=77.53 | TITLE=BHUTAN, INDIA, AND NEPAL COLLABORATE TO COUNTER WILDLIFE TRAFFICKING IN SOUTH ASIA - WWF India
2026-05-08 23:55:33,231 | INFO | SEMANTIC SCORE | SCORE=57.18 | TITLE=BHUTAN, INDIA, AND NEPAL COLLABORATE TO COUNTER WILDLIFE TRAFFICKING IN SOUTH ASIA - WWF India
2026-05-08 23:55:34,830 | WARNING | ARTICLE REJECTED | REASON=Duplicate article | TITLE=BHUTAN, INDIA, AND NEPAL COLLABORATE TO COUNTER WILDLIFE TRAFFICKING IN SOUTH ASIA - WWF India
2026-05-08 23:55:37,773 | WARNING | ARTICLE REJECTED | REASON=Validation failure | TITLE=World Environment Day 2021-India’s Commitment Towards Stopping Illegal Wildlife Trafficking - Welcome to the United Nations
2026-05-08 23:55:40,306 | WARNING | ARTICLE REJECTED | REASON=Validated | TITLE=Factsheet on India’s Red Sanders in illegal wildlife trade - Traffic.org
2026-05-08 23:55:43,641 | WARNING | ARTICLE REJECTED | REASON=Validated | TITLE=Excess Baggage: How wildlife is trafficked by air in and out of India - Mongabay-India
2026-05-08 23:55:46,562 | WARNING | ARTICLE REJECTED | REASON=Validated | TITLE=Factsheet on India’s Agarwood in illegal wildlife trade - Traffic.org
2026-05-08 23:55:48,708 | WARNING | ARTICLE REJECTED | REASON=Validated | TITLE=Factsheet: Netted In Illegal Wildlife Trade - Sharks of India - Traffic.org
2026-05-08 23:55:52,471 | INFO | ML PREDICTION | PREDICTION=other | CONFIDENCE=51.48 | TITLE=How India is curbing wildlife trafficking - DD News
2026-05-08 23:55:52,533 | INFO | SEMANTIC SCORE | SCORE=62.23 | TITLE=How India is curbing wildlife trafficking - DD News
2026-05-08 23:55:52,534 | WARNING | ARTICLE REJECTED | REASON=Low confidence | TITLE=How India is curbing wildlife trafficking - DD News
2026-05-08 23:55:55,814 | INFO | ML PREDICTION | PREDICTION=crime | CONFIDENCE=56.99 | TITLE=Illegal wildlife trade busted from Crawford Market, man arrested - The Times of India
2026-05-08 23:55:55,852 | INFO | SEMANTIC SCORE | SCORE=71.81 | TITLE=Illegal wildlife trade busted from Crawford Market, man arrested - The Times of India
2026-05-08 23:55:55,853 | WARNING | ARTICLE REJECTED | REASON=Low confidence | TITLE=Illegal wildlife trade busted from Crawford Market, man arrested - The Times of India
2026-05-08 23:55:58,804 | WARNING | ARTICLE REJECTED | REASON=Validated | TITLE=TRAFFIC initiative in India warns against buying illegal wildlife products - Traffic.org
2026-05-08 23:56:02,287 | INFO | ML PREDICTION | PREDICTION=other | CONFIDENCE=63.92 | TITLE=High Flying: Insight Into Wildlife Trafficking Through India's Airports - Wildlife Trade Report from TRAFFIC - Traffic.org
2026-05-08 23:56:02,366 | INFO | SEMANTIC SCORE | SCORE=67.33 | TITLE=High Flying: Insight Into Wildlife Trafficking Through India's Airports - Wildlife Trade Report from TRAFFIC - Traffic.org
2026-05-08 23:56:03,881 | WARNING | ARTICLE REJECTED | REASON=Duplicate article | TITLE=High Flying: Insight Into Wildlife Trafficking Through India's Airports - Wildlife Trade Report from TRAFFIC - Traffic.org
2026-05-08 23:56:06,470 | WARNING | ARTICLE REJECTED | REASON=Validation failure | TITLE=Who’s Hoo? How to identify owls in illegal wildlife trade this International Owl Awareness Day - WWF India
2026-05-08 23:56:08,547 | WARNING | ARTICLE REJECTED | REASON=Validated | TITLE=Factsheet on Orchids in India's illegal wildlife trade - Wildlife Trade Report from TRAFFIC - Traffic.org
2026-05-08 23:56:11,668 | WARNING | ARTICLE REJECTED | REASON=Validated | TITLE=CITES Report Urges India to Halt Wildlife Imports Pending Stronger Checks - Vajiram & Ravi
2026-05-08 23:56:15,397 | WARNING | ARTICLE REJECTED | REASON=Validated | TITLE=Stop wildlife imports to India until proper checks in place: CITES report - The Indian Express
2026-05-08 23:56:18,668 | WARNING | ARTICLE REJECTED | REASON=Validated | TITLE=A mutating crisis - Down To Earth
2026-05-08 23:56:21,844 | INFO | ML PREDICTION | PREDICTION=crime | CONFIDENCE=58.95 | TITLE=Delivery boy arrested in Mumbai with endangered baby gibbons in illegal wildlife trade case - The Times of India
2026-05-08 23:56:21,920 | INFO | SEMANTIC SCORE | SCORE=43.17 | TITLE=Delivery boy arrested in Mumbai with endangered baby gibbons in illegal wildlife trade case - The Times of India
2026-05-08 23:56:21,921 | WARNING | ARTICLE REJECTED | REASON=Low confidence | TITLE=Delivery boy arrested in Mumbai with endangered baby gibbons in illegal wildlife trade case - The Times of India
2026-05-08 23:56:25,007 | INFO | ML PREDICTION | PREDICTION=other | CONFIDENCE=57.04 | TITLE=WILDLIFE CRIME CONTROL BUREAU FROM INDIA AND NEPAL MEET TO STRENGTHEN COLLABORATION FOR CURBING - WWF India
2026-05-08 23:56:25,053 | INFO | SEMANTIC SCORE | SCORE=50.3 | TITLE=WILDLIFE CRIME CONTROL BUREAU FROM INDIA AND NEPAL MEET TO STRENGTHEN COLLABORATION FOR CURBING - WWF India
2026-05-08 23:56:25,054 | WARNING | ARTICLE REJECTED | REASON=Low confidence | TITLE=WILDLIFE CRIME CONTROL BUREAU FROM INDIA AND NEPAL MEET TO STRENGTHEN COLLABORATION FOR CURBING - WWF India
2026-05-08 23:56:28,802 | WARNING | ARTICLE REJECTED | REASON=Validated | TITLE=INDIA'S PANGOLIN BURIED IN ILLEGAL WILDLIFE TRADE: Over 1200 were poached and trafficked from - WWF India
2026-05-08 23:56:32,204 | WARNING | ARTICLE REJECTED | REASON=Validation failure | TITLE=‘Not all animals migrate by choice’ campaign launched to raise awareness on illegal wildlife trade - PIB
2026-05-08 23:56:35,297 | WARNING | ARTICLE REJECTED | REASON=Validation failure | TITLE=WORLD ENVIRONMENT DAY 2021-INDIA’S COMMITMENT TOWARDS STOPPING ILLEGAL WILDLIFE TRAFFICKING - WWF India
2026-05-08 23:56:39,530 | INFO | ML PREDICTION | PREDICTION=other | CONFIDENCE=64.79 | TITLE=India’s Wildlife Trafficking Epidemic - The Diplomat – Asia-Pacific
2026-05-08 23:56:39,571 | INFO | SEMANTIC SCORE | SCORE=70.59 | TITLE=India’s Wildlife Trafficking Epidemic - The Diplomat – Asia-Pacific
2026-05-08 23:56:40,901 | WARNING | ARTICLE REJECTED | REASON=Duplicate article | TITLE=India’s Wildlife Trafficking Epidemic - The Diplomat – Asia-Pacific
2026-05-08 23:56:43,622 | INFO | ML PREDICTION | PREDICTION=crime | CONFIDENCE=64.34 | TITLE=DRI Seizes Leopard Skin Trophy In Bhopal, 3 Arrested In Wildlife Smuggling Bust - Republic World
2026-05-08 23:56:43,682 | INFO | SEMANTIC SCORE | SCORE=69.37 | TITLE=DRI Seizes Leopard Skin Trophy In Bhopal, 3 Arrested In Wildlife Smuggling Bust - Republic World
2026-05-08 23:56:48,734 | INFO | DATABASE SAVE | INCIDENT=CLUSTER-20260508235648
2026-05-08 23:56:48,734 | INFO | ARTICLE ACCEPTED | CONFIDENCE=65.98 | TITLE=DRI Seizes Leopard Skin Trophy In Bhopal, 3 Arrested In Wildlife Smuggling Bust - Republic World
2026-05-08 23:56:52,749 | WARNING | ARTICLE REJECTED | REASON=Validated | TITLE=Superstitious Beliefs – Another Source of Demand in India’s Illegal Wildlife Trade - The Wire Science
2026-05-08 23:56:54,738 | INFO | ML PREDICTION | PREDICTION=other | CONFIDENCE=67.63 | TITLE=Illegal trade of Red Pandas in India and across borders - Wildlife Trade Report from TRAFFIC - Traffic.org
2026-05-08 23:56:54,820 | INFO | SEMANTIC SCORE | SCORE=60.6 | TITLE=Illegal trade of Red Pandas in India and across borders - Wildlife Trade Report from TRAFFIC - Traffic.org
2026-05-08 23:56:54,821 | WARNING | ARTICLE REJECTED | REASON=Low confidence | TITLE=Illegal trade of Red Pandas in India and across borders - Wildlife Trade Report from TRAFFIC - Traffic.org
2026-05-08 23:56:58,045 | INFO | ML PREDICTION | PREDICTION=crime | CONFIDENCE=63.08 | TITLE=Decoding solutions: curbing online wildlife crime in India - Traffic.org
2026-05-08 23:56:58,100 | INFO | SEMANTIC SCORE | SCORE=60.7 | TITLE=Decoding solutions: curbing online wildlife crime in India - Traffic.org
2026-05-08 23:56:58,101 | WARNING | ARTICLE REJECTED | REASON=Low confidence | TITLE=Decoding solutions: curbing online wildlife crime in India - Traffic.org
2026-05-08 23:57:02,154 | INFO | ML PREDICTION | PREDICTION=crime | CONFIDENCE=60.44 | TITLE=Nepal collaborates with neighbors to gain wildlife crime intel but struggles with enforcement - news - Mongabay
2026-05-08 23:57:02,225 | INFO | SEMANTIC SCORE | SCORE=54.57 | TITLE=Nepal collaborates with neighbors to gain wildlife crime intel but struggles with enforcement - news - Mongabay
2026-05-08 23:57:02,226 | WARNING | ARTICLE REJECTED | REASON=Low confidence | TITLE=Nepal collaborates with neighbors to gain wildlife crime intel but struggles with enforcement - news - Mongabay
2026-05-08 23:57:05,201 | INFO | ML PREDICTION | PREDICTION=other | CONFIDENCE=72.54 | TITLE=First of its kind project launches new tools to combat Wildlife Trafficking In India’s Airports - Traffic.org
2026-05-08 23:57:05,253 | INFO | SEMANTIC SCORE | SCORE=65.95 | TITLE=First of its kind project launches new tools to combat Wildlife Trafficking In India’s Airports - Traffic.org
2026-05-08 23:57:06,791 | WARNING | ARTICLE REJECTED | REASON=Duplicate article | TITLE=First of its kind project launches new tools to combat Wildlife Trafficking In India’s Airports - Traffic.org
2026-05-08 23:57:08,727 | WARNING | ARTICLE REJECTED | REASON=Validated | TITLE=After Vantara Visit, CITES Raps India, Says No More Imports of Endangered Wildlife Until Compliance - TheWire.in
2026-05-08 23:57:12,763 | WARNING | ARTICLE REJECTED | REASON=Validated | TITLE=There are major issues surrounding legal wildlife trade that have been overlooked - Down To Earth
2026-05-08 23:57:16,462 | WARNING | ARTICLE REJECTED | REASON=Validated | TITLE=Illegal wildlife trade a global threat: FATF report - The Hindu
2026-05-08 23:57:20,500 | WARNING | ARTICLE REJECTED | REASON=Validated | TITLE=Factsheet on India’s caterpillar fungus in illegal wildlife trade - Traffic.org
2026-05-08 23:57:23,973 | INFO | ML PREDICTION | PREDICTION=other | CONFIDENCE=56.92 | TITLE=Wildlife crime goes digital, WCCB increases vigilance - The New Indian Express
2026-05-08 23:57:24,072 | INFO | SEMANTIC SCORE | SCORE=56.28 | TITLE=Wildlife crime goes digital, WCCB increases vigilance - The New Indian Express
2026-05-08 23:57:24,074 | WARNING | ARTICLE REJECTED | REASON=Low confidence | TITLE=Wildlife crime goes digital, WCCB increases vigilance - The New Indian Express
2026-05-08 23:57:27,437 | WARNING | ARTICLE REJECTED | REASON=Validated | TITLE=Amazon, eBay involved in illegal wildlife trade: Indian government - news - Mongabay
2026-05-08 23:57:30,313 | INFO | ML PREDICTION | PREDICTION=other | CONFIDENCE=51.01 | TITLE=How India Is Using AI to Stop Poaching: 5 Tech Initiatives Protecting Wildlife - The Better India
2026-05-08 23:57:30,385 | INFO | SEMANTIC SCORE | SCORE=44.32 | TITLE=How India Is Using AI to Stop Poaching: 5 Tech Initiatives Protecting Wildlife - The Better India
2026-05-08 23:57:30,385 | WARNING | ARTICLE REJECTED | REASON=Low confidence | TITLE=How India Is Using AI to Stop Poaching: 5 Tech Initiatives Protecting Wildlife - The Better India
2026-05-08 23:57:34,051 | WARNING | ARTICLE REJECTED | REASON=Validated | TITLE=Indian Customs Department extends support: Installs informative displays on illegal wildlife t - WWF India
2026-05-08 23:57:37,224 | WARNING | ARTICLE REJECTED | REASON=Validated | TITLE=From policy to practice: Evaluating India’s approach to exotic wildlife trade under CITES - The Leaflet
2026-05-08 23:57:40,866 | INFO | ML PREDICTION | PREDICTION=other | CONFIDENCE=71.38 | TITLE=FIRST OF ITS KIND PROJECT LAUNCHES NEW TOOLS TO COMBAT WILDLIFE TRAFFICKING IN INDIA’S AIRPORT - WWF India
2026-05-08 23:57:40,937 | INFO | SEMANTIC SCORE | SCORE=60.22 | TITLE=FIRST OF ITS KIND PROJECT LAUNCHES NEW TOOLS TO COMBAT WILDLIFE TRAFFICKING IN INDIA’S AIRPORT - WWF India
2026-05-08 23:57:42,330 | WARNING | ARTICLE REJECTED | REASON=Duplicate article | TITLE=FIRST OF ITS KIND PROJECT LAUNCHES NEW TOOLS TO COMBAT WILDLIFE TRAFFICKING IN INDIA’S AIRPORT - WWF India
2026-05-08 23:57:45,388 | INFO | ML PREDICTION | PREDICTION=other | CONFIDENCE=63.59 | TITLE=SOUTH ASIAN COUNTRIES MEET AGAIN TO STRENGTHEN EFFORTS TO CURB WILDLIFE TRAFFICKING - WWF India
2026-05-08 23:57:45,453 | INFO | SEMANTIC SCORE | SCORE=43.61 | TITLE=SOUTH ASIAN COUNTRIES MEET AGAIN TO STRENGTHEN EFFORTS TO CURB WILDLIFE TRAFFICKING - WWF India
2026-05-08 23:57:45,454 | WARNING | ARTICLE REJECTED | REASON=Low confidence | TITLE=SOUTH ASIAN COUNTRIES MEET AGAIN TO STRENGTHEN EFFORTS TO CURB WILDLIFE TRAFFICKING - WWF India
2026-05-08 23:57:49,113 | INFO | ML PREDICTION | PREDICTION=other | CONFIDENCE=70.66 | TITLE=ENFORCEMENT AGENCIES TRAIN TOGETHER TO STOP WILDLIFE TRAFFICKING ACROSS INDIA’S HIMALAYAS - WWF India
2026-05-08 23:57:49,227 | INFO | SEMANTIC SCORE | SCORE=61.13 | TITLE=ENFORCEMENT AGENCIES TRAIN TOGETHER TO STOP WILDLIFE TRAFFICKING ACROSS INDIA’S HIMALAYAS - WWF India
2026-05-08 23:57:50,589 | WARNING | ARTICLE REJECTED | REASON=Duplicate article | TITLE=ENFORCEMENT AGENCIES TRAIN TOGETHER TO STOP WILDLIFE TRAFFICKING ACROSS INDIA’S HIMALAYAS - WWF India
2026-05-08 23:57:52,991 | WARNING | ARTICLE REJECTED | REASON=Validated | TITLE=TRAFFIC warns against buying illegal wildlife products - WWF India
2026-05-08 23:57:56,423 | INFO | ML PREDICTION | PREDICTION=other | CONFIDENCE=70.35 | TITLE=US and India Co-operate to Combat Illegal Trade in Wildlife - Traffic.org
2026-05-08 23:57:56,494 | INFO | SEMANTIC SCORE | SCORE=66.85 | TITLE=US and India Co-operate to Combat Illegal Trade in Wildlife - Traffic.org
2026-05-08 23:57:57,916 | WARNING | ARTICLE REJECTED | REASON=Duplicate article | TITLE=US and India Co-operate to Combat Illegal Trade in Wildlife - Traffic.org
2026-05-08 23:58:01,208 | WARNING | ARTICLE REJECTED | REASON=Validated | TITLE=Indian Customs Department installs illegal wildlife trade displays at Delhi International Airport - Traffic.org
2026-05-08 23:58:05,318 | WARNING | ARTICLE REJECTED | REASON=Validated | TITLE=India’s endangered tigers are being sold in Myanmar for lust potions and dark myths - The Economic Times
2026-05-08 23:58:09,047 | INFO | ML PREDICTION | PREDICTION=other | CONFIDENCE=53.14 | TITLE=Joint operation cracks down on illegal wildlife trade in Gujarat's Valsad; three held - ANI News
2026-05-08 23:58:09,088 | INFO | SEMANTIC SCORE | SCORE=54.27 | TITLE=Joint operation cracks down on illegal wildlife trade in Gujarat's Valsad; three held - ANI News
2026-05-08 23:58:09,089 | WARNING | ARTICLE REJECTED | REASON=Low confidence | TITLE=Joint operation cracks down on illegal wildlife trade in Gujarat's Valsad; three held - ANI News
2026-05-08 23:58:12,804 | WARNING | ARTICLE REJECTED | REASON=Validated | TITLE=Tortoises and Freshwater Turtles Under Siege - Wildlife Trade Report from TRAFFIC - Traffic.org
2026-05-08 23:58:15,764 | WARNING | ARTICLE REJECTED | REASON=Validated | TITLE=EIGHT WILDLIFE SNIFFER DOGS SHARPEN THEIR 'PAWSOME' SKILLS TO HELP CURB ILLEGAL WILDLIFE TRADE - WWF India
2026-05-08 23:58:18,777 | WARNING | ARTICLE REJECTED | REASON=Validation failure | TITLE=Who’s Hoo? How to identify owls in illegal wildlife trade this International Owl Awareness Day - Traffic.org
2026-05-08 23:58:22,265 | INFO | ML PREDICTION | PREDICTION=other | CONFIDENCE=80.79 | TITLE=SEA CUCUMBER IN DEEP WATERS: NEW STUDY REVEALS WORRYING ILLEGAL TRADE IN INDIA - WWF India
2026-05-08 23:58:22,307 | INFO | SEMANTIC SCORE | SCORE=39.71 | TITLE=SEA CUCUMBER IN DEEP WATERS: NEW STUDY REVEALS WORRYING ILLEGAL TRADE IN INDIA - WWF India
2026-05-08 23:58:27,118 | INFO | DATABASE SAVE | INCIDENT=CLUSTER-20260508235827
2026-05-08 23:58:27,118 | INFO | ARTICLE ACCEPTED | CONFIDENCE=61.31 | TITLE=SEA CUCUMBER IN DEEP WATERS: NEW STUDY REVEALS WORRYING ILLEGAL TRADE IN INDIA - WWF India
2026-05-08 23:58:32,517 | INFO | ML PREDICTION | PREDICTION=other | CONFIDENCE=56.06 | TITLE=Karnataka Forest Department prepare to curb illegal wildlife trade online - Traffic.org
2026-05-08 23:58:32,630 | INFO | SEMANTIC SCORE | SCORE=61.22 | TITLE=Karnataka Forest Department prepare to curb illegal wildlife trade online - Traffic.org
2026-05-08 23:58:32,631 | WARNING | ARTICLE REJECTED | REASON=Low confidence | TITLE=Karnataka Forest Department prepare to curb illegal wildlife trade online - Traffic.org
2026-05-08 23:58:36,295 | WARNING | ARTICLE REJECTED | REASON=Validated | TITLE=AGARWOOD IN ILLEGAL WILDLIFE TRADE - WWF India
2026-05-08 23:58:38,660 | INFO | ML PREDICTION | PREDICTION=crime | CONFIDENCE=59.5 | TITLE=522 reports of wildlife poaching and trade in 2020 from India, 51 from Karnataka - The Hindu
2026-05-08 23:58:38,739 | INFO | SEMANTIC SCORE | SCORE=52.76 | TITLE=522 reports of wildlife poaching and trade in 2020 from India, 51 from Karnataka - The Hindu
2026-05-08 23:58:38,741 | WARNING | ARTICLE REJECTED | REASON=Low confidence | TITLE=522 reports of wildlife poaching and trade in 2020 from India, 51 from Karnataka - The Hindu
2026-05-08 23:58:42,217 | WARNING | ARTICLE REJECTED | REASON=Validated | TITLE=CATERPILLAR FUNGUS IN ILLEGAL WILDLIFE TRADE - WWF India
2026-05-08 23:58:45,295 | WARNING | ARTICLE REJECTED | REASON=Validated | TITLE=Kangaroos in the street and a suitcase of iguanas: India’s exotic pet problem - The Guardian
2026-05-08 23:58:47,994 | WARNING | ARTICLE REJECTED | REASON=Validation failure | TITLE=Conservationists focus on illegal trade of India's poorly-known wildlife species - Traffic.org
2026-05-08 23:58:50,921 | WARNING | ARTICLE REJECTED | REASON=Validated | TITLE=Nearly 6,000 pangolins in illegal wildlife trade in India since 2009 finds TRAFFIC’s latest stu - WWF India
2026-05-08 23:58:54,417 | WARNING | ARTICLE REJECTED | REASON=Validated | TITLE=Using citizen science to track illegal wildlife trade in the Himalayas - Mongabay-India
2026-05-08 23:58:57,313 | WARNING | ARTICLE REJECTED | REASON=Validated | TITLE=Nearly 6,000 pangolins in illegal wildlife trade in India since 2009 - Traffic.org
2026-05-08 23:59:00,362 | WARNING | ARTICLE REJECTED | REASON=Validated | TITLE=India steps up efforts to combat wildlife trade - news - Mongabay
2026-05-08 23:59:02,717 | WARNING | ARTICLE REJECTED | REASON=Validated | TITLE=Cyber monitoring to curb illegal wildlife trade on virtual markets: Wildlife officials learn n - WWF India
2026-05-08 23:59:07,138 | WARNING | ARTICLE REJECTED | REASON=Validated | TITLE=New poster on commonly trafficked exotic parrots in India to support Wildlife Law Enforcement e - WWF India
2026-05-08 23:59:10,712 | WARNING | ARTICLE REJECTED | REASON=Validated | TITLE=In India, an elephant wins freedom from tourist rides and the illegal wildlife trade - Humane World for Animals
2026-05-08 23:59:14,095 | INFO | ML PREDICTION | PREDICTION=other | CONFIDENCE=50.37 | TITLE=Smuggling of Exotic and Endangered Species From Myanmar Increasing - The Diplomat – Asia-Pacific
2026-05-08 23:59:14,197 | INFO | SEMANTIC SCORE | SCORE=52.65 | TITLE=Smuggling of Exotic and Endangered Species From Myanmar Increasing - The Diplomat – Asia-Pacific
2026-05-08 23:59:14,199 | WARNING | ARTICLE REJECTED | REASON=Low confidence | TITLE=Smuggling of Exotic and Endangered Species From Myanmar Increasing - The Diplomat – Asia-Pacific
2026-05-08 23:59:21,054 | INFO | ML PREDICTION | PREDICTION=other | CONFIDENCE=63.71 | TITLE=A community leads protection of the pangolin in a critical illegal trade corridor - Mongabay-India
2026-05-08 23:59:21,130 | INFO | SEMANTIC SCORE | SCORE=64.77 | TITLE=A community leads protection of the pangolin in a critical illegal trade corridor - Mongabay-India
2026-05-08 23:59:21,131 | WARNING | ARTICLE REJECTED | REASON=Low confidence | TITLE=A community leads protection of the pangolin in a critical illegal trade corridor - Mongabay-India
2026-05-08 23:59:24,839 | INFO | ML PREDICTION | PREDICTION=other | CONFIDENCE=62.81 | TITLE=Tougher action to curb Southeast Asia-India wildlife smuggling by air - Traffic.org
2026-05-08 23:59:24,887 | INFO | SEMANTIC SCORE | SCORE=56.64 | TITLE=Tougher action to curb Southeast Asia-India wildlife smuggling by air - Traffic.org
2026-05-08 23:59:24,888 | WARNING | ARTICLE REJECTED | REASON=Low confidence | TITLE=Tougher action to curb Southeast Asia-India wildlife smuggling by air - Traffic.org
2026-05-08 23:59:27,988 | INFO | ML PREDICTION | PREDICTION=crime | CONFIDENCE=74.11 | TITLE=Exotic wildlife smuggling resurfaces: 49 species seized in 2 days at Chennai Airport - The Times of India
2026-05-08 23:59:28,034 | INFO | SEMANTIC SCORE | SCORE=61.37 | TITLE=Exotic wildlife smuggling resurfaces: 49 species seized in 2 days at Chennai Airport - The Times of India
2026-05-08 23:59:29,494 | WARNING | ARTICLE REJECTED | REASON=Duplicate article | TITLE=Exotic wildlife smuggling resurfaces: 49 species seized in 2 days at Chennai Airport - The Times of India
2026-05-08 23:59:33,507 | WARNING | ARTICLE REJECTED | REASON=Validation failure | TITLE=Workshop in Bagdogra Targets Wildlife Trafficking - Arunachal24
2026-05-08 23:59:37,860 | WARNING | ARTICLE REJECTED | REASON=Validated | TITLE=Rising illegal wildlife trade across Himalayan countries threatens the mountain ecosystem - Mongabay-India
2026-05-08 23:59:40,740 | WARNING | ARTICLE REJECTED | REASON=Validated | TITLE=Maharashtra to set up sniffer dog squads to crack down on wildlife trade - Mid-day
2026-05-08 23:59:45,176 | WARNING | ARTICLE REJECTED | REASON=Validated | TITLE=Exotic reptiles in illegal wildlife trade in India - WWF India
2026-05-08 23:59:47,792 | WARNING | ARTICLE REJECTED | REASON=Validated | TITLE=Global rules, local gaps: Why CITES can’t help curb India’s domestic wildlife trade - Down To Earth
2026-05-08 23:59:50,779 | INFO | ML PREDICTION | PREDICTION=crime | CONFIDENCE=65.91 | TITLE=DRI seizes 16.5 kg pangolin scales, busts inter-state wildlife trafficking syndicate | Mumbai news - Hindustan Times
2026-05-08 23:59:50,851 | INFO | SEMANTIC SCORE | SCORE=53.6 | TITLE=DRI seizes 16.5 kg pangolin scales, busts inter-state wildlife trafficking syndicate | Mumbai news - Hindustan Times
2026-05-08 23:59:50,852 | WARNING | ARTICLE REJECTED | REASON=Low confidence | TITLE=DRI seizes 16.5 kg pangolin scales, busts inter-state wildlife trafficking syndicate | Mumbai news - Hindustan Times
2026-05-08 23:59:54,068 | INFO | ML PREDICTION | PREDICTION=crime | CONFIDENCE=63.3 | TITLE=India: Exotic apes seized at Mumbai airport - DW.com
2026-05-08 23:59:54,099 | INFO | SEMANTIC SCORE | SCORE=50.04 | TITLE=India: Exotic apes seized at Mumbai airport - DW.com
2026-05-08 23:59:54,099 | WARNING | ARTICLE REJECTED | REASON=Low confidence | TITLE=India: Exotic apes seized at Mumbai airport - DW.com
2026-05-08 23:59:56,713 | WARNING | ARTICLE REJECTED | REASON=Validated | TITLE=The anatomy of illicit wildlife trade In India - Dailyhunt
2026-05-08 23:59:59,727 | WARNING | ARTICLE REJECTED | REASON=Validated | TITLE=NE border attracts MP, Maharashtra poachers - The New Indian Express
2026-05-09 00:00:02,853 | WARNING | ARTICLE REJECTED | REASON=Validated | TITLE=Customs seize exotic animals smuggled from Bangkok at Bengaluru airport - The Hindu
2026-05-09 00:00:06,237 | INFO | ML PREDICTION | PREDICTION=other | CONFIDENCE=58.21 | TITLE=Shift of wildlife trafficking to the North East–Myanmar corridor - INSIGHTS IAS
2026-05-09 00:00:06,355 | INFO | SEMANTIC SCORE | SCORE=74.97 | TITLE=Shift of wildlife trafficking to the North East–Myanmar corridor - INSIGHTS IAS
2026-05-09 00:00:08,151 | WARNING | ARTICLE REJECTED | REASON=Duplicate article | TITLE=Shift of wildlife trafficking to the North East–Myanmar corridor - INSIGHTS IAS
2026-05-09 00:00:12,874 | INFO | ML PREDICTION | PREDICTION=other | CONFIDENCE=53.1 | TITLE=Brazil police seize devices from bird expert in trafficking probe linked to Vantara zoo - news - Mongabay
2026-05-09 00:00:12,913 | INFO | SEMANTIC SCORE | SCORE=48.29 | TITLE=Brazil police seize devices from bird expert in trafficking probe linked to Vantara zoo - news - Mongabay
2026-05-09 00:00:12,914 | WARNING | ARTICLE REJECTED | REASON=Low confidence | TITLE=Brazil police seize devices from bird expert in trafficking probe linked to Vantara zoo - news - Mongabay
2026-05-09 00:00:16,951 | INFO | ML PREDICTION | PREDICTION=crime | CONFIDENCE=66.69 | TITLE=Jamshedpur Forest Officials Eye Kolkata Kingpin in Wildlife Smuggling Bust - The Times of India
2026-05-09 00:00:17,021 | INFO | SEMANTIC SCORE | SCORE=54.46 | TITLE=Jamshedpur Forest Officials Eye Kolkata Kingpin in Wildlife Smuggling Bust - The Times of India
2026-05-09 00:00:17,022 | WARNING | ARTICLE REJECTED | REASON=Low confidence | TITLE=Jamshedpur Forest Officials Eye Kolkata Kingpin in Wildlife Smuggling Bust - The Times of India
2026-05-09 00:00:20,047 | INFO | ML PREDICTION | PREDICTION=other | CONFIDENCE=65.76 | TITLE=Unique species in air passenger baggage exposes global reach of Thailand-India wild life smuggling - Traffic.org
2026-05-09 00:00:20,097 | INFO | SEMANTIC SCORE | SCORE=50.3 | TITLE=Unique species in air passenger baggage exposes global reach of Thailand-India wild life smuggling - Traffic.org
2026-05-09 00:00:20,097 | WARNING | ARTICLE REJECTED | REASON=Low confidence | TITLE=Unique species in air passenger baggage exposes global reach of Thailand-India wild life smuggling - Traffic.org
2026-05-09 00:00:24,661 | WARNING | ARTICLE REJECTED | REASON=Validated | TITLE=Smuggled, suffocated, and sold - Mumbai Mirror
2026-05-09 00:00:29,420 | WARNING | ARTICLE REJECTED | REASON=Validated | TITLE=India defends animal imports, calls wildlife governance ‘unmatched’ - Mongabay-India
2026-05-09 00:00:32,558 | INFO | ML PREDICTION | PREDICTION=crime | CONFIDENCE=63.89 | TITLE=CBI court sends 6 to 2 years in jail for wildlife smuggling - The Times of India
2026-05-09 00:00:32,713 | INFO | SEMANTIC SCORE | SCORE=48.08 | TITLE=CBI court sends 6 to 2 years in jail for wildlife smuggling - The Times of India
2026-05-09 00:00:32,714 | WARNING | ARTICLE REJECTED | REASON=Low confidence | TITLE=CBI court sends 6 to 2 years in jail for wildlife smuggling - The Times of India
2026-05-09 00:00:36,989 | INFO | ML PREDICTION | PREDICTION=crime | CONFIDENCE=73.34 | TITLE=Kerala: Forest officials bust wildlife trafficking gang trying to sell tiger skin, claws, teeth; 7 held - The Times of India
2026-05-09 00:00:37,095 | INFO | SEMANTIC SCORE | SCORE=60.94 | TITLE=Kerala: Forest officials bust wildlife trafficking gang trying to sell tiger skin, claws, teeth; 7 held - The Times of India
2026-05-09 00:00:38,670 | WARNING | ARTICLE REJECTED | REASON=Duplicate article | TITLE=Kerala: Forest officials bust wildlife trafficking gang trying to sell tiger skin, claws, teeth; 7 held - The Times of India
2026-05-09 00:00:42,766 | INFO | ML PREDICTION | PREDICTION=crime | CONFIDENCE=59.13 | TITLE=Taiwanese teen caught smuggling 30 tortoises under her clothes at Thai airport - India Today
2026-05-09 00:00:42,801 | INFO | SEMANTIC SCORE | SCORE=46.57 | TITLE=Taiwanese teen caught smuggling 30 tortoises under her clothes at Thai airport - India Today
2026-05-09 00:00:42,802 | WARNING | ARTICLE REJECTED | REASON=Low confidence | TITLE=Taiwanese teen caught smuggling 30 tortoises under her clothes at Thai airport - India Today
2026-05-09 00:00:45,669 | WARNING | ARTICLE REJECTED | REASON=Validated | TITLE=CITES withdraws recommendation to suspend trade of endangered species to India - Mongabay-India
2026-05-09 00:00:49,379 | INFO | ML PREDICTION | PREDICTION=crime | CONFIDENCE=74.89 | TITLE=Woman wanted by Interpol for trafficking tiger parts arrested in India - BBC
2026-05-09 00:00:49,434 | INFO | SEMANTIC SCORE | SCORE=45.46 | TITLE=Woman wanted by Interpol for trafficking tiger parts arrested in India - BBC
2026-05-09 00:00:50,979 | WARNING | ARTICLE REJECTED | REASON=Duplicate article | TITLE=Woman wanted by Interpol for trafficking tiger parts arrested in India - BBC
2026-05-09 00:00:53,198 | INFO | ML PREDICTION | PREDICTION=other | CONFIDENCE=63.2 | TITLE=Decade-old case gets fresh life as woman at centre of India’s biggest wildlife trafficking operation is arrested - The Indian Express
2026-05-09 00:00:53,258 | INFO | SEMANTIC SCORE | SCORE=44.88 | TITLE=Decade-old case gets fresh life as woman at centre of India’s biggest wildlife trafficking operation is arrested - The Indian Express
2026-05-09 00:00:54,688 | WARNING | ARTICLE REJECTED | REASON=Duplicate article | TITLE=Decade-old case gets fresh life as woman at centre of India’s biggest wildlife trafficking operation is arrested - The Indian Express
2026-05-09 00:00:58,141 | INFO | ML PREDICTION | PREDICTION=crime | CONFIDENCE=55.63 | TITLE=Three arrested for illegal wildlife trade in Nakodar - The Tribune
2026-05-09 00:00:58,187 | INFO | SEMANTIC SCORE | SCORE=64.24 | TITLE=Three arrested for illegal wildlife trade in Nakodar - The Tribune
2026-05-09 00:00:58,188 | WARNING | ARTICLE REJECTED | REASON=Low confidence | TITLE=Three arrested for illegal wildlife trade in Nakodar - The Tribune
2026-05-09 00:01:01,636 | WARNING | ARTICLE REJECTED | REASON=Validated | TITLE=Threat to wildlife: Wildlife trafficker apprehended with illegal animal parts; Ongoing efforts to dismant - The Times of India
2026-05-09 00:01:05,468 | INFO | ML PREDICTION | PREDICTION=crime | CONFIDENCE=68.0 | TITLE=Wildlife smuggling bust: 154 exotic animals, including 4 baby anacondas seized at Mumbai airport; woman a - The Times of India
2026-05-09 00:01:05,529 | INFO | SEMANTIC SCORE | SCORE=59.13 | TITLE=Wildlife smuggling bust: 154 exotic animals, including 4 baby anacondas seized at Mumbai airport; woman a - The Times of India
2026-05-09 00:01:05,530 | WARNING | ARTICLE REJECTED | REASON=Low confidence | TITLE=Wildlife smuggling bust: 154 exotic animals, including 4 baby anacondas seized at Mumbai airport; woman a - The Times of India
2026-05-09 00:01:08,694 | INFO | ML PREDICTION | PREDICTION=other | CONFIDENCE=50.76 | TITLE=Vanishing Wings: Exposing the organised radical syndicates behind the wildlife trafficking crisis of Bharat - Organiser
2026-05-09 00:01:08,757 | INFO | SEMANTIC SCORE | SCORE=67.98 | TITLE=Vanishing Wings: Exposing the organised radical syndicates behind the wildlife trafficking crisis of Bharat - Organiser
2026-05-09 00:01:08,757 | WARNING | ARTICLE REJECTED | REASON=Low confidence | TITLE=Vanishing Wings: Exposing the organised radical syndicates behind the wildlife trafficking crisis of Bharat - Organiser
2026-05-09 00:01:11,211 | INFO | ML PREDICTION | PREDICTION=other | CONFIDENCE=70.39 | TITLE=Animal Trafficking Reaches Record High In 2025: Interpol - NDTV
2026-05-09 00:01:11,286 | INFO | SEMANTIC SCORE | SCORE=65.89 | TITLE=Animal Trafficking Reaches Record High In 2025: Interpol - NDTV
2026-05-09 00:01:12,725 | WARNING | ARTICLE REJECTED | REASON=Duplicate article | TITLE=Animal Trafficking Reaches Record High In 2025: Interpol - NDTV
2026-05-09 00:01:16,295 | INFO | ML PREDICTION | PREDICTION=crime | CONFIDENCE=57.92 | TITLE=24 protected Ibex seized in Manipur, two held in cross-border wildlife smuggling bust - India Today NE
2026-05-09 00:01:16,343 | INFO | SEMANTIC SCORE | SCORE=44.88 | TITLE=24 protected Ibex seized in Manipur, two held in cross-border wildlife smuggling bust - India Today NE
2026-05-09 00:01:16,343 | WARNING | ARTICLE REJECTED | REASON=Low confidence | TITLE=24 protected Ibex seized in Manipur, two held in cross-border wildlife smuggling bust - India Today NE
2026-05-09 00:01:19,703 | INFO | ML PREDICTION | PREDICTION=other | CONFIDENCE=51.92 | TITLE=Banned wildlife trade busted: Three arrested for wildlife trophy possession; Investigation hints at a wid - The Times of India
2026-05-09 00:01:19,821 | INFO | SEMANTIC SCORE | SCORE=68.93 | TITLE=Banned wildlife trade busted: Three arrested for wildlife trophy possession; Investigation hints at a wid - The Times of India
2026-05-09 00:01:19,822 | WARNING | ARTICLE REJECTED | REASON=Low confidence | TITLE=Banned wildlife trade busted: Three arrested for wildlife trophy possession; Investigation hints at a wid - The Times of India
2026-05-09 00:01:22,383 | INFO | ML PREDICTION | PREDICTION=crime | CONFIDENCE=68.03 | TITLE=Kochi airport turns hub for exotic wildlife smuggling from Thailand - The Times of India
2026-05-09 00:01:22,476 | INFO | SEMANTIC SCORE | SCORE=38.71 | TITLE=Kochi airport turns hub for exotic wildlife smuggling from Thailand - The Times of India
2026-05-09 00:01:22,478 | WARNING | ARTICLE REJECTED | REASON=Low confidence | TITLE=Kochi airport turns hub for exotic wildlife smuggling from Thailand - The Times of India
2026-05-09 00:01:24,347 | INFO | ML PREDICTION | PREDICTION=crime | CONFIDENCE=51.14 | TITLE=Air passenger caught smuggling 31 exotic reptiles — including pythons and water dragons - The Cool Down
2026-05-09 00:01:24,395 | INFO | SEMANTIC SCORE | SCORE=56.46 | TITLE=Air passenger caught smuggling 31 exotic reptiles — including pythons and water dragons - The Cool Down
2026-05-09 00:01:24,396 | WARNING | ARTICLE REJECTED | REASON=Low confidence | TITLE=Air passenger caught smuggling 31 exotic reptiles — including pythons and water dragons - The Cool Down
2026-05-09 00:01:27,412 | INFO | ML PREDICTION | PREDICTION=crime | CONFIDENCE=64.34 | TITLE=DRI Seizes Leopard Skin Trophy In Bhopal, 3 Arrested In Wildlife Smuggling Bust - Republic World
2026-05-09 00:01:27,464 | INFO | SEMANTIC SCORE | SCORE=69.37 | TITLE=DRI Seizes Leopard Skin Trophy In Bhopal, 3 Arrested In Wildlife Smuggling Bust - Republic World
2026-05-09 00:01:28,848 | WARNING | ARTICLE REJECTED | REASON=Duplicate article | TITLE=DRI Seizes Leopard Skin Trophy In Bhopal, 3 Arrested In Wildlife Smuggling Bust - Republic World
2026-05-09 00:01:32,343 | INFO | ML PREDICTION | PREDICTION=crime | CONFIDENCE=57.23 | TITLE=Trichy Customs arrest passenger for smuggling 48 exotic wildlife species - ANI News
2026-05-09 00:01:32,426 | INFO | SEMANTIC SCORE | SCORE=55.69 | TITLE=Trichy Customs arrest passenger for smuggling 48 exotic wildlife species - ANI News
2026-05-09 00:01:32,427 | WARNING | ARTICLE REJECTED | REASON=Low confidence | TITLE=Trichy Customs arrest passenger for smuggling 48 exotic wildlife species - ANI News
2026-05-09 00:01:35,924 | INFO | ML PREDICTION | PREDICTION=crime | CONFIDENCE=69.77 | TITLE=631 Live Turtles Rescued in Odisha’s Malkangiri During Wildlife Smuggling Crackdown; Seven Arrested - pragativadi.com
2026-05-09 00:01:36,083 | INFO | SEMANTIC SCORE | SCORE=55.2 | TITLE=631 Live Turtles Rescued in Odisha’s Malkangiri During Wildlife Smuggling Crackdown; Seven Arrested - pragativadi.com
2026-05-09 00:01:36,084 | WARNING | ARTICLE REJECTED | REASON=Low confidence | TITLE=631 Live Turtles Rescued in Odisha’s Malkangiri During Wildlife Smuggling Crackdown; Seven Arrested - pragativadi.com
2026-05-09 00:01:39,354 | WARNING | ARTICLE REJECTED | REASON=Validated | TITLE=How India’s Wildlife Import System Became A Gateway For Gaps - Madras Courier
2026-05-09 00:01:42,969 | INFO | ML PREDICTION | PREDICTION=other | CONFIDENCE=56.27 | TITLE=Malaysia steps up action against smuggling of wildlife in passenger luggage between Southeast Asia, India - Asia News Network
2026-05-09 00:01:43,045 | INFO | SEMANTIC SCORE | SCORE=41.9 | TITLE=Malaysia steps up action against smuggling of wildlife in passenger luggage between Southeast Asia, India - Asia News Network
2026-05-09 00:01:43,047 | WARNING | ARTICLE REJECTED | REASON=Low confidence | TITLE=Malaysia steps up action against smuggling of wildlife in passenger luggage between Southeast Asia, India - Asia News Network
2026-05-09 00:01:46,447 | INFO | ML PREDICTION | PREDICTION=crime | CONFIDENCE=58.19 | TITLE=Wildlife Trafficking: Permanent Officers at KIA Airport - Deccan Herald
2026-05-09 00:01:46,485 | INFO | SEMANTIC SCORE | SCORE=71.69 | TITLE=Wildlife Trafficking: Permanent Officers at KIA Airport - Deccan Herald
2026-05-09 00:01:46,486 | WARNING | ARTICLE REJECTED | REASON=Low confidence | TITLE=Wildlife Trafficking: Permanent Officers at KIA Airport - Deccan Herald
2026-05-09 00:01:48,914 | INFO | ML PREDICTION | PREDICTION=crime | CONFIDENCE=68.53 | TITLE=Jamshedpur Wildlife Smuggling Bust: Parrots, Cockatiels, Deer Antler Seized, Three Arrested - The Times of India
2026-05-09 00:01:49,001 | INFO | SEMANTIC SCORE | SCORE=65.68 | TITLE=Jamshedpur Wildlife Smuggling Bust: Parrots, Cockatiels, Deer Antler Seized, Three Arrested - The Times of India
2026-05-09 00:01:50,385 | WARNING | ARTICLE REJECTED | REASON=Duplicate article | TITLE=Jamshedpur Wildlife Smuggling Bust: Parrots, Cockatiels, Deer Antler Seized, Three Arrested - The Times of India
2026-05-09 00:01:53,983 | INFO | ML PREDICTION | PREDICTION=crime | CONFIDENCE=57.96 | TITLE=350 exotic animals trafficked from Bangkok seized at Pune, Mumbai airports in two months | Hindustan Times - Hindustan Times
2026-05-09 00:01:54,062 | INFO | SEMANTIC SCORE | SCORE=57.27 | TITLE=350 exotic animals trafficked from Bangkok seized at Pune, Mumbai airports in two months | Hindustan Times - Hindustan Times
2026-05-09 00:01:54,064 | WARNING | ARTICLE REJECTED | REASON=Low confidence | TITLE=350 exotic animals trafficked from Bangkok seized at Pune, Mumbai airports in two months | Hindustan Times - Hindustan Times
2026-05-09 00:01:57,662 | INFO | ML PREDICTION | PREDICTION=other | CONFIDENCE=51.66 | TITLE=Pune Customs Caught ₹60-Crore Drug and Wildlife Smuggling Material in Nine Months - The Bridge Chronicle
2026-05-09 00:01:57,765 | INFO | SEMANTIC SCORE | SCORE=56.42 | TITLE=Pune Customs Caught ₹60-Crore Drug and Wildlife Smuggling Material in Nine Months - The Bridge Chronicle
2026-05-09 00:01:57,766 | WARNING | ARTICLE REJECTED | REASON=Low confidence | TITLE=Pune Customs Caught ₹60-Crore Drug and Wildlife Smuggling Material in Nine Months - The Bridge Chronicle
2026-05-09 00:02:00,844 | WARNING | ARTICLE REJECTED | REASON=Validated | TITLE=After Ambani zoo probe, wildlife body reverses call to curb animal imports to India - Reuters
2026-05-09 00:02:04,851 | WARNING | ARTICLE REJECTED | REASON=Validated | TITLE=Woman held with 2 kg pangolin scales in Jharkhand, exposing India’s link to a global wildlife trade - Telegraph India
2026-05-09 00:02:08,252 | INFO | ML PREDICTION | PREDICTION=crime | CONFIDENCE=51.01 | TITLE=Wildlife crime cases in India decline significantly: Govt - Deccan Herald
2026-05-09 00:02:08,296 | INFO | SEMANTIC SCORE | SCORE=58.47 | TITLE=Wildlife crime cases in India decline significantly: Govt - Deccan Herald
2026-05-09 00:02:08,297 | WARNING | ARTICLE REJECTED | REASON=Low confidence | TITLE=Wildlife crime cases in India decline significantly: Govt - Deccan Herald
2026-05-09 00:02:11,195 | INFO | ML PREDICTION | PREDICTION=crime | CONFIDENCE=64.14 | TITLE=9 cases of wildlife smuggling unearthed at Mumbai Airport in 6 months | Mumbai news - Hindustan Times
2026-05-09 00:02:11,263 | INFO | SEMANTIC SCORE | SCORE=56.83 | TITLE=9 cases of wildlife smuggling unearthed at Mumbai Airport in 6 months | Mumbai news - Hindustan Times
2026-05-09 00:02:11,264 | WARNING | ARTICLE REJECTED | REASON=Low confidence | TITLE=9 cases of wildlife smuggling unearthed at Mumbai Airport in 6 months | Mumbai news - Hindustan Times
2026-05-09 00:02:15,301 | WARNING | ARTICLE REJECTED | REASON=Validated | TITLE=Snake Venom Trail Uncovers Alleged Illegal Exotic Wildlife Trade In Ahmedabad Flat - Vibes Of India
2026-05-09 00:02:18,026 | INFO | ML PREDICTION | PREDICTION=crime | CONFIDENCE=69.93 | TITLE=Darke Lama: Kingpin of South Asia's wildlife trafficking network, now wanted by Interpol in 2015 MP tiger - The Times of India
2026-05-09 00:02:18,079 | INFO | SEMANTIC SCORE | SCORE=73.15 | TITLE=Darke Lama: Kingpin of South Asia's wildlife trafficking network, now wanted by Interpol in 2015 MP tiger - The Times of India
2026-05-09 00:02:19,498 | WARNING | ARTICLE REJECTED | REASON=Duplicate article | TITLE=Darke Lama: Kingpin of South Asia's wildlife trafficking network, now wanted by Interpol in 2015 MP tiger - The Times of India
2026-05-09 00:02:22,470 | WARNING | ARTICLE REJECTED | REASON=Validated | TITLE=SSB nabs Nepal duo with animal body parts - Telegraph India
2026-05-09 00:02:26,343 | INFO | ML PREDICTION | PREDICTION=crime | CONFIDENCE=72.44 | TITLE=Global tiger trafficking crisis worsens with nine big cats seized monthly - AP News
2026-05-09 00:02:26,392 | INFO | SEMANTIC SCORE | SCORE=48.19 | TITLE=Global tiger trafficking crisis worsens with nine big cats seized monthly - AP News
2026-05-09 00:02:27,785 | WARNING | ARTICLE REJECTED | REASON=Duplicate article | TITLE=Global tiger trafficking crisis worsens with nine big cats seized monthly - AP News
2026-05-09 00:02:30,920 | WARNING | ARTICLE REJECTED | REASON=Validated | TITLE=When iguanas, cuscus, snakes are smuggled into Bengaluru - Deccan Herald
2026-05-09 00:02:33,936 | INFO | ML PREDICTION | PREDICTION=other | CONFIDENCE=55.56 | TITLE=Mumbai Customs Foils Wildlife Smuggling Attempt, Seizes Exotic Animals Including Anaconda Hidden In Trolley Bag - Republic World
2026-05-09 00:02:33,999 | INFO | SEMANTIC SCORE | SCORE=63.26 | TITLE=Mumbai Customs Foils Wildlife Smuggling Attempt, Seizes Exotic Animals Including Anaconda Hidden In Trolley Bag - Republic World
2026-05-09 00:02:34,000 | WARNING | ARTICLE REJECTED | REASON=Low confidence | TITLE=Mumbai Customs Foils Wildlife Smuggling Attempt, Seizes Exotic Animals Including Anaconda Hidden In Trolley Bag - Republic World
2026-05-09 00:02:37,802 | WARNING | ARTICLE REJECTED | REASON=Validated | TITLE=Passenger held at Mumbai airport with 60 exotic wildlife smuggled from Bangkok - The Times of India
2026-05-09 00:02:40,943 | INFO | ML PREDICTION | PREDICTION=other | CONFIDENCE=66.95 | TITLE=[Explainer] Why is India a major hub for wildlife trafficking? - Mongabay-India
2026-05-09 00:02:41,003 | INFO | SEMANTIC SCORE | SCORE=55.34 | TITLE=[Explainer] Why is India a major hub for wildlife trafficking? - Mongabay-India
2026-05-09 00:02:41,004 | WARNING | ARTICLE REJECTED | REASON=Low confidence | TITLE=[Explainer] Why is India a major hub for wildlife trafficking? - Mongabay-India
2026-05-09 00:02:44,134 | INFO | ML PREDICTION | PREDICTION=other | CONFIDENCE=79.99 | TITLE=Gujarat: Wildlife trade racket busted, Indian star tortoises and rose-ringed parakeets rescued - The Hans India
2026-05-09 00:02:44,183 | INFO | SEMANTIC SCORE | SCORE=54.52 | TITLE=Gujarat: Wildlife trade racket busted, Indian star tortoises and rose-ringed parakeets rescued - The Hans India
2026-05-09 00:02:45,554 | WARNING | ARTICLE REJECTED | REASON=Duplicate article | TITLE=Gujarat: Wildlife trade racket busted, Indian star tortoises and rose-ringed parakeets rescued - The Hans India
2026-05-09 00:02:49,430 | INFO | ML PREDICTION | PREDICTION=crime | CONFIDENCE=83.21 | TITLE=Wildlife Smuggling: Man Arrested at Kempegowda Airport - Deccan Herald
2026-05-09 00:02:49,474 | INFO | SEMANTIC SCORE | SCORE=61.18 | TITLE=Wildlife Smuggling: Man Arrested at Kempegowda Airport - Deccan Herald
2026-05-09 00:02:55,203 | INFO | DATABASE SAVE | INCIDENT=CLUSTER-20260509000255
2026-05-09 00:02:55,203 | INFO | ARTICLE ACCEPTED | CONFIDENCE=72.96 | TITLE=Wildlife Smuggling: Man Arrested at Kempegowda Airport - Deccan Herald
2026-05-09 00:02:58,302 | INFO | ML PREDICTION | PREDICTION=other | CONFIDENCE=53.52 | TITLE=Wildlife Smuggling Trail: Rare Species Seized At Ahmedabad Airport - Vibes Of India
2026-05-09 00:02:58,405 | INFO | SEMANTIC SCORE | SCORE=63.42 | TITLE=Wildlife Smuggling Trail: Rare Species Seized At Ahmedabad Airport - Vibes Of India
2026-05-09 00:02:58,406 | WARNING | ARTICLE REJECTED | REASON=Low confidence | TITLE=Wildlife Smuggling Trail: Rare Species Seized At Ahmedabad Airport - Vibes Of India
2026-05-09 00:03:01,682 | WARNING | ARTICLE REJECTED | REASON=Validated | TITLE=CITES Report Urges India to Halt Wildlife Imports Pending Stronger Checks - Vajiram & Ravi
2026-05-09 00:03:05,117 | INFO | ML PREDICTION | PREDICTION=crime | CONFIDENCE=58.95 | TITLE=Delivery boy arrested in Mumbai with endangered baby gibbons in illegal wildlife trade case - The Times of India
2026-05-09 00:03:05,230 | INFO | SEMANTIC SCORE | SCORE=43.17 | TITLE=Delivery boy arrested in Mumbai with endangered baby gibbons in illegal wildlife trade case - The Times of India
2026-05-09 00:03:05,231 | WARNING | ARTICLE REJECTED | REASON=Low confidence | TITLE=Delivery boy arrested in Mumbai with endangered baby gibbons in illegal wildlife trade case - The Times of India
2026-05-09 00:03:08,494 | INFO | ML PREDICTION | PREDICTION=other | CONFIDENCE=60.24 | TITLE=Wildlife smuggling: Meghalaya turns up the heat on Indo-Bangladesh border - Syllad
2026-05-09 00:03:08,542 | INFO | SEMANTIC SCORE | SCORE=48.4 | TITLE=Wildlife smuggling: Meghalaya turns up the heat on Indo-Bangladesh border - Syllad
2026-05-09 00:03:08,543 | WARNING | ARTICLE REJECTED | REASON=Low confidence | TITLE=Wildlife smuggling: Meghalaya turns up the heat on Indo-Bangladesh border - Syllad
2026-05-09 00:03:14,652 | INFO | ML PREDICTION | PREDICTION=crime | CONFIDENCE=61.25 | TITLE=Mumbai Customs Officials Foil Major Wildlife Trafficking At Airport, 61 Live Animals Seized - Republic World
2026-05-09 00:03:14,696 | INFO | SEMANTIC SCORE | SCORE=61.53 | TITLE=Mumbai Customs Officials Foil Major Wildlife Trafficking At Airport, 61 Live Animals Seized - Republic World
2026-05-09 00:03:14,697 | WARNING | ARTICLE REJECTED | REASON=Low confidence | TITLE=Mumbai Customs Officials Foil Major Wildlife Trafficking At Airport, 61 Live Animals Seized - Republic World
2026-05-09 00:03:18,295 | INFO | ML PREDICTION | PREDICTION=crime | CONFIDENCE=66.78 | TITLE=Wildlife Smuggling Attempt: Man Flees Bengaluru Airport After Trying to Traffic Star Tortoises - Deccan Herald
2026-05-09 00:03:18,497 | INFO | SEMANTIC SCORE | SCORE=51.16 | TITLE=Wildlife Smuggling Attempt: Man Flees Bengaluru Airport After Trying to Traffic Star Tortoises - Deccan Herald
2026-05-09 00:03:18,498 | WARNING | ARTICLE REJECTED | REASON=Low confidence | TITLE=Wildlife Smuggling Attempt: Man Flees Bengaluru Airport After Trying to Traffic Star Tortoises - Deccan Herald
2026-05-09 00:03:21,589 | INFO | ML PREDICTION | PREDICTION=other | CONFIDENCE=63.9 | TITLE=Exotic wildlife smuggling linked to pet shops again in Tamil Nadu - The New Indian Express
2026-05-09 00:03:21,632 | INFO | SEMANTIC SCORE | SCORE=64.08 | TITLE=Exotic wildlife smuggling linked to pet shops again in Tamil Nadu - The New Indian Express
2026-05-09 00:03:21,633 | WARNING | ARTICLE REJECTED | REASON=Low confidence | TITLE=Exotic wildlife smuggling linked to pet shops again in Tamil Nadu - The New Indian Express
2026-05-09 00:03:25,278 | INFO | ML PREDICTION | PREDICTION=crime | CONFIDENCE=79.0 | TITLE=Wildlife smuggling bid foiled at Chennai airport; man arrested - The Times of India
2026-05-09 00:03:25,343 | INFO | SEMANTIC SCORE | SCORE=52.38 | TITLE=Wildlife smuggling bid foiled at Chennai airport; man arrested - The Times of India
2026-05-09 00:03:30,608 | INFO | DATABASE SAVE | INCIDENT=SMU-IND-20260508
2026-05-09 00:03:30,608 | INFO | ARTICLE ACCEPTED | CONFIDENCE=68.21 | TITLE=Wildlife smuggling bid foiled at Chennai airport; man arrested - The Times of India
2026-05-09 00:03:34,807 | INFO | ML PREDICTION | PREDICTION=other | CONFIDENCE=54.82 | TITLE=Snakes on a plane highlight Thailand-India wildlife trafficking, NGO reports - The Japan Times
2026-05-09 00:03:34,967 | INFO | SEMANTIC SCORE | SCORE=53.96 | TITLE=Snakes on a plane highlight Thailand-India wildlife trafficking, NGO reports - The Japan Times
2026-05-09 00:03:34,968 | WARNING | ARTICLE REJECTED | REASON=Low confidence | TITLE=Snakes on a plane highlight Thailand-India wildlife trafficking, NGO reports - The Japan Times
2026-05-09 00:03:38,384 | INFO | ML PREDICTION | PREDICTION=crime | CONFIDENCE=71.96 | TITLE=Authorities Thwart Wildlife Smuggling Attempt at Suvarnabhumi Airport - Nation Thailand
2026-05-09 00:03:38,451 | INFO | SEMANTIC SCORE | SCORE=62.45 | TITLE=Authorities Thwart Wildlife Smuggling Attempt at Suvarnabhumi Airport - Nation Thailand
2026-05-09 00:03:45,590 | INFO | DATABASE SAVE | INCIDENT=CLUSTER-20260509000345
2026-05-09 00:03:45,591 | INFO | ARTICLE ACCEPTED | CONFIDENCE=63.72 | TITLE=Authorities Thwart Wildlife Smuggling Attempt at Suvarnabhumi Airport - Nation Thailand
2026-05-09 00:03:49,836 | INFO | ML PREDICTION | PREDICTION=crime | CONFIDENCE=56.61 | TITLE=From narcotics to exotic animals, Mizoram grapples with smuggling issues - The Times of India
2026-05-09 00:03:49,884 | INFO | SEMANTIC SCORE | SCORE=40.94 | TITLE=From narcotics to exotic animals, Mizoram grapples with smuggling issues - The Times of India
2026-05-09 00:03:49,885 | WARNING | ARTICLE REJECTED | REASON=Low confidence | TITLE=From narcotics to exotic animals, Mizoram grapples with smuggling issues - The Times of India
2026-05-09 00:03:53,093 | INFO | ML PREDICTION | PREDICTION=other | CONFIDENCE=51.01 | TITLE=How India Is Using AI to Stop Poaching: 5 Tech Initiatives Protecting Wildlife - The Better India
2026-05-09 00:03:53,173 | INFO | SEMANTIC SCORE | SCORE=44.32 | TITLE=How India Is Using AI to Stop Poaching: 5 Tech Initiatives Protecting Wildlife - The Better India
2026-05-09 00:03:53,174 | WARNING | ARTICLE REJECTED | REASON=Low confidence | TITLE=How India Is Using AI to Stop Poaching: 5 Tech Initiatives Protecting Wildlife - The Better India
2026-05-09 00:03:56,309 | INFO | ML PREDICTION | PREDICTION=other | CONFIDENCE=63.75 | TITLE=Wildlife seized from Thais linked to Indian smugglers - Bangkok Post
2026-05-09 00:03:56,368 | INFO | SEMANTIC SCORE | SCORE=62.81 | TITLE=Wildlife seized from Thais linked to Indian smugglers - Bangkok Post
2026-05-09 00:03:56,370 | WARNING | ARTICLE REJECTED | REASON=Low confidence | TITLE=Wildlife seized from Thais linked to Indian smugglers - Bangkok Post
2026-05-09 00:03:59,165 | WARNING | ARTICLE REJECTED | REASON=Validation failure | TITLE=Increase in gibbon trafficking into India has conservationists worried - news - Mongabay
2026-05-09 00:04:01,874 | WARNING | ARTICLE REJECTED | REASON=Validated | TITLE=After Vantara Visit, CITES Raps India, Says No More Imports of Endangered Wildlife Until Compliance - TheWire.in
2026-05-09 00:04:04,988 | WARNING | ARTICLE REJECTED | REASON=Validated | TITLE=Bengaluru overtakes Chennai in number of seizures of exotic wildlife species - The New Indian Express
2026-05-09 00:04:08,727 | WARNING | ARTICLE REJECTED | REASON=Validated | TITLE=Wildlife smugglers face flight ban; airlines to foot deportation bill - Mid-day
2026-05-09 00:04:13,465 | INFO | ML PREDICTION | PREDICTION=crime | CONFIDENCE=70.29 | TITLE=Passenger Arrested At Mumbai Airport For Smuggling 54 Exotic Animals - NDTV
2026-05-09 00:04:13,566 | INFO | SEMANTIC SCORE | SCORE=50.92 | TITLE=Passenger Arrested At Mumbai Airport For Smuggling 54 Exotic Animals - NDTV
2026-05-09 00:04:23,569 | INFO | DATABASE SAVE | INCIDENT=CLUSTER-20260509000423
2026-05-09 00:04:23,569 | INFO | ARTICLE ACCEPTED | CONFIDENCE=63.42 | TITLE=Passenger Arrested At Mumbai Airport For Smuggling 54 Exotic Animals - NDTV
2026-05-09 00:04:27,914 | INFO | ML PREDICTION | PREDICTION=other | CONFIDENCE=68.33 | TITLE=Illegal wildlife trade linked to pet shop busted in Mangaluru, four arrested - The New Indian Express
2026-05-09 00:04:27,986 | INFO | SEMANTIC SCORE | SCORE=66.02 | TITLE=Illegal wildlife trade linked to pet shop busted in Mangaluru, four arrested - The New Indian Express
2026-05-09 00:04:29,605 | WARNING | ARTICLE REJECTED | REASON=Duplicate article | TITLE=Illegal wildlife trade linked to pet shop busted in Mangaluru, four arrested - The New Indian Express
2026-05-09 00:04:32,628 | INFO | ML PREDICTION | PREDICTION=crime | CONFIDENCE=79.29 | TITLE=Manas poaching case unravels global wildlife smuggling ring - The Times of India
2026-05-09 00:04:32,674 | INFO | SEMANTIC SCORE | SCORE=56.52 | TITLE=Manas poaching case unravels global wildlife smuggling ring - The Times of India
2026-05-09 00:04:34,318 | WARNING | ARTICLE REJECTED | REASON=Duplicate article | TITLE=Manas poaching case unravels global wildlife smuggling ring - The Times of India
2026-05-09 00:04:38,255 | WARNING | ARTICLE REJECTED | REASON=Validated | TITLE=Illegal pet trade in Nepal now shifting online, research suggests - news - Mongabay
2026-05-09 00:04:41,421 | INFO | ML PREDICTION | PREDICTION=crime | CONFIDENCE=56.36 | TITLE=Mumbai Customs Seizes 52 Exotic Reptiles In Major Wildlife Smuggling Bust - News18
2026-05-09 00:04:41,497 | INFO | SEMANTIC SCORE | SCORE=54.71 | TITLE=Mumbai Customs Seizes 52 Exotic Reptiles In Major Wildlife Smuggling Bust - News18
2026-05-09 00:04:41,498 | WARNING | ARTICLE REJECTED | REASON=Low confidence | TITLE=Mumbai Customs Seizes 52 Exotic Reptiles In Major Wildlife Smuggling Bust - News18
2026-05-09 00:04:44,633 | INFO | ML PREDICTION | PREDICTION=crime | CONFIDENCE=59.18 | TITLE=Officials uncover elephant tusks during undercover wildlife trafficking operation - Yahoo
2026-05-09 00:04:44,735 | INFO | SEMANTIC SCORE | SCORE=81.61 | TITLE=Officials uncover elephant tusks during undercover wildlife trafficking operation - Yahoo
2026-05-09 00:04:50,305 | INFO | DATABASE SAVE | INCIDENT=CLUSTER-20260509000450
2026-05-09 00:04:50,305 | INFO | ARTICLE ACCEPTED | CONFIDENCE=67.07 | TITLE=Officials uncover elephant tusks during undercover wildlife trafficking operation - Yahoo
2026-05-09 00:04:53,894 | INFO | ML PREDICTION | PREDICTION=crime | CONFIDENCE=52.12 | TITLE=Mumbai customs seizes 52 exotic reptiles in major wildlife smuggling bust - CNBC TV18
2026-05-09 00:04:53,936 | INFO | SEMANTIC SCORE | SCORE=55.45 | TITLE=Mumbai customs seizes 52 exotic reptiles in major wildlife smuggling bust - CNBC TV18
2026-05-09 00:04:53,936 | WARNING | ARTICLE REJECTED | REASON=Low confidence | TITLE=Mumbai customs seizes 52 exotic reptiles in major wildlife smuggling bust - CNBC TV18
2026-05-09 00:04:57,665 | INFO | ML PREDICTION | PREDICTION=crime | CONFIDENCE=59.43 | TITLE=Man smuggling 95 exotic animals, birds from Bangkok held at Mumbai airport - The Indian Express
2026-05-09 00:04:57,706 | INFO | SEMANTIC SCORE | SCORE=52.05 | TITLE=Man smuggling 95 exotic animals, birds from Bangkok held at Mumbai airport - The Indian Express
2026-05-09 00:04:57,707 | WARNING | ARTICLE REJECTED | REASON=Low confidence | TITLE=Man smuggling 95 exotic animals, birds from Bangkok held at Mumbai airport - The Indian Express
2026-05-09 00:05:01,774 | INFO | ML PREDICTION | PREDICTION=crime | CONFIDENCE=59.2 | TITLE=Exotic wildlife smuggling foiled at Kolkata Airport: Model caught with rare marsupials in luggage - Mathrubhumi English
2026-05-09 00:05:01,866 | INFO | SEMANTIC SCORE | SCORE=55.28 | TITLE=Exotic wildlife smuggling foiled at Kolkata Airport: Model caught with rare marsupials in luggage - Mathrubhumi English
2026-05-09 00:05:01,866 | WARNING | ARTICLE REJECTED | REASON=Low confidence | TITLE=Exotic wildlife smuggling foiled at Kolkata Airport: Model caught with rare marsupials in luggage - Mathrubhumi English
2026-05-09 00:05:05,373 | WARNING | ARTICLE REJECTED | REASON=Validated | TITLE=Sangtam Naga Resolution Strengthens Pangolin Protection in Northeast India - usthadian.com
2026-05-09 00:05:09,265 | WARNING | ARTICLE REJECTED | REASON=Validated | TITLE=81 monkeys and meth found in car driven by suspected wildlife smugglers, rangers in Thailand say - CBS News
2026-05-09 00:05:12,035 | INFO | ML PREDICTION | PREDICTION=other | CONFIDENCE=53.14 | TITLE=Joint operation cracks down on illegal wildlife trade in Gujarat's Valsad; three held - ANI News
2026-05-09 00:05:12,074 | INFO | SEMANTIC SCORE | SCORE=54.27 | TITLE=Joint operation cracks down on illegal wildlife trade in Gujarat's Valsad; three held - ANI News
2026-05-09 00:05:12,074 | WARNING | ARTICLE REJECTED | REASON=Low confidence | TITLE=Joint operation cracks down on illegal wildlife trade in Gujarat's Valsad; three held - ANI News
2026-05-09 00:05:14,768 | INFO | ML PREDICTION | PREDICTION=crime | CONFIDENCE=56.56 | TITLE=City-based social rights activist files complaint with DGP over international wildlife smuggling at Bengaluru Airport - Country and Politics
2026-05-09 00:05:14,811 | INFO | SEMANTIC SCORE | SCORE=47.44 | TITLE=City-based social rights activist files complaint with DGP over international wildlife smuggling at Bengaluru Airport - Country and Politics
2026-05-09 00:05:14,812 | WARNING | ARTICLE REJECTED | REASON=Low confidence | TITLE=City-based social rights activist files complaint with DGP over international wildlife smuggling at Bengaluru Airport - Country and Politics
2026-05-09 00:05:18,603 | INFO | ML PREDICTION | PREDICTION=other | CONFIDENCE=51.68 | TITLE=Major crackdown on illegal wildlife trade: 226 protected animals seized at Mumbai's Crawford Market - Mid-day
2026-05-09 00:05:18,676 | INFO | SEMANTIC SCORE | SCORE=70.63 | TITLE=Major crackdown on illegal wildlife trade: 226 protected animals seized at Mumbai's Crawford Market - Mid-day
2026-05-09 00:05:18,677 | WARNING | ARTICLE REJECTED | REASON=Low confidence | TITLE=Major crackdown on illegal wildlife trade: 226 protected animals seized at Mumbai's Crawford Market - Mid-day
2026-05-09 00:05:22,876 | INFO | ML PREDICTION | PREDICTION=other | CONFIDENCE=53.64 | TITLE=India sees surge in exotic wildlife smuggling - The Indian Express
2026-05-09 00:05:22,961 | INFO | SEMANTIC SCORE | SCORE=52.54 | TITLE=India sees surge in exotic wildlife smuggling - The Indian Express
2026-05-09 00:05:22,962 | WARNING | ARTICLE REJECTED | REASON=Low confidence | TITLE=India sees surge in exotic wildlife smuggling - The Indian Express
2026-05-09 00:05:26,616 | WARNING | ARTICLE REJECTED | REASON=Validated | TITLE=Excess Baggage: How wildlife is trafficked by air in and out of India - Mongabay-India
2026-05-09 00:05:29,954 | WARNING | ARTICLE REJECTED | REASON=Validated | TITLE=From policy to practice: Evaluating India’s approach to exotic wildlife trade under CITES - The Leaflet
2026-05-09 00:05:33,541 | WARNING | ARTICLE REJECTED | REASON=Validated | TITLE=In Deep Water: India's Sea Cucumbers in Illegal Wildlife Trade - Traffic.org
2026-05-09 00:05:36,105 | INFO | ML PREDICTION | PREDICTION=other | CONFIDENCE=77.53 | TITLE=BHUTAN, INDIA, AND NEPAL COLLABORATE TO COUNTER WILDLIFE TRAFFICKING IN SOUTH ASIA - WWF India
2026-05-09 00:05:36,262 | INFO | SEMANTIC SCORE | SCORE=57.18 | TITLE=BHUTAN, INDIA, AND NEPAL COLLABORATE TO COUNTER WILDLIFE TRAFFICKING IN SOUTH ASIA - WWF India
2026-05-09 00:05:37,899 | WARNING | ARTICLE REJECTED | REASON=Duplicate article | TITLE=BHUTAN, INDIA, AND NEPAL COLLABORATE TO COUNTER WILDLIFE TRAFFICKING IN SOUTH ASIA - WWF India
2026-05-09 00:05:41,069 | INFO | ML PREDICTION | PREDICTION=other | CONFIDENCE=65.01 | TITLE=Champhai district in Mizoram is now a hotspot for wildlife trafficking in India - Mongabay-India
2026-05-09 00:05:41,114 | INFO | SEMANTIC SCORE | SCORE=56.7 | TITLE=Champhai district in Mizoram is now a hotspot for wildlife trafficking in India - Mongabay-India
2026-05-09 00:05:41,115 | WARNING | ARTICLE REJECTED | REASON=Low confidence | TITLE=Champhai district in Mizoram is now a hotspot for wildlife trafficking in India - Mongabay-India
2026-05-09 00:05:43,849 | WARNING | ARTICLE REJECTED | REASON=Validated | TITLE=INDIA AND NEPAL MEET TO ADDRESS CHALLENGES TO CURBING ILLEGAL WILDLIFE TRADE - WWF India
2026-05-09 00:05:47,137 | INFO | ML PREDICTION | PREDICTION=other | CONFIDENCE=57.04 | TITLE=WILDLIFE CRIME CONTROL BUREAU FROM INDIA AND NEPAL MEET TO STRENGTHEN COLLABORATION FOR CURBING - WWF India
2026-05-09 00:05:47,201 | INFO | SEMANTIC SCORE | SCORE=50.3 | TITLE=WILDLIFE CRIME CONTROL BUREAU FROM INDIA AND NEPAL MEET TO STRENGTHEN COLLABORATION FOR CURBING - WWF India
2026-05-09 00:05:47,202 | WARNING | ARTICLE REJECTED | REASON=Low confidence | TITLE=WILDLIFE CRIME CONTROL BUREAU FROM INDIA AND NEPAL MEET TO STRENGTHEN COLLABORATION FOR CURBING - WWF India
2026-05-09 00:05:50,701 | WARNING | ARTICLE REJECTED | REASON=Validation failure | TITLE=World Environment Day 2021-India’s Commitment Towards Stopping Illegal Wildlife Trafficking - Welcome to the United Nations
2026-05-09 00:05:53,024 | INFO | ML PREDICTION | PREDICTION=other | CONFIDENCE=51.75 | TITLE=Flyer caught smuggling rare marmoset monkeys and other exotic animals in a suitcase: What makes these ani - The Times of India
2026-05-09 00:05:53,101 | INFO | SEMANTIC SCORE | SCORE=47.0 | TITLE=Flyer caught smuggling rare marmoset monkeys and other exotic animals in a suitcase: What makes these ani - The Times of India
2026-05-09 00:05:53,102 | WARNING | ARTICLE REJECTED | REASON=Low confidence | TITLE=Flyer caught smuggling rare marmoset monkeys and other exotic animals in a suitcase: What makes these ani - The Times of India
2026-05-09 00:05:57,068 | INFO | ML PREDICTION | PREDICTION=other | CONFIDENCE=51.48 | TITLE=How India is curbing wildlife trafficking - DD News
2026-05-09 00:05:57,106 | INFO | SEMANTIC SCORE | SCORE=62.23 | TITLE=How India is curbing wildlife trafficking - DD News
2026-05-09 00:05:57,107 | WARNING | ARTICLE REJECTED | REASON=Low confidence | TITLE=How India is curbing wildlife trafficking - DD News
2026-05-09 00:06:00,544 | WARNING | ARTICLE REJECTED | REASON=Validated | TITLE=After Ambani zoo probe, wildlife body reverses call to curb animal imports to India - The Straits Times
2026-05-09 00:06:06,142 | INFO | ML PREDICTION | PREDICTION=crime | CONFIDENCE=50.46 | TITLE=Why NCRB Data Understates Wildlife Crime in India - Frontline Magazine
2026-05-09 00:06:06,204 | INFO | SEMANTIC SCORE | SCORE=56.1 | TITLE=Why NCRB Data Understates Wildlife Crime in India - Frontline Magazine
2026-05-09 00:06:06,205 | WARNING | ARTICLE REJECTED | REASON=Low confidence | TITLE=Why NCRB Data Understates Wildlife Crime in India - Frontline Magazine
2026-05-09 00:06:08,400 | WARNING | ARTICLE REJECTED | REASON=Validated | TITLE=Rising illegal wildlife trade across Himalayan countries threatens the mountain ecosystem - Mongabay-India
2026-05-09 00:06:12,714 | INFO | ML PREDICTION | PREDICTION=crime | CONFIDENCE=66.71 | TITLE=Karnataka turtle poaching: 4 booked under Wildlife Act - Deccan Herald
2026-05-09 00:06:12,759 | INFO | SEMANTIC SCORE | SCORE=59.31 | TITLE=Karnataka turtle poaching: 4 booked under Wildlife Act - Deccan Herald
2026-05-09 00:06:12,760 | WARNING | ARTICLE REJECTED | REASON=Low confidence | TITLE=Karnataka turtle poaching: 4 booked under Wildlife Act - Deccan Herald
2026-05-09 00:06:16,008 | WARNING | ARTICLE REJECTED | REASON=Validated | TITLE=15 Most Poached Animals In 2025 | IFAW - International Fund for Animal Welfare | IFAW
2026-05-09 00:06:19,222 | WARNING | ARTICLE REJECTED | REASON=Validated | TITLE=200 big cats poached in 20 years, RTI reveals central India as hotspot - The Times of India
2026-05-09 00:06:21,420 | INFO | ML PREDICTION | PREDICTION=other | CONFIDENCE=51.01 | TITLE=How India Is Using AI to Stop Poaching: 5 Tech Initiatives Protecting Wildlife - The Better India
2026-05-09 00:06:21,462 | INFO | SEMANTIC SCORE | SCORE=44.32 | TITLE=How India Is Using AI to Stop Poaching: 5 Tech Initiatives Protecting Wildlife - The Better India
2026-05-09 00:06:21,462 | WARNING | ARTICLE REJECTED | REASON=Low confidence | TITLE=How India Is Using AI to Stop Poaching: 5 Tech Initiatives Protecting Wildlife - The Better India
2026-05-09 00:06:24,785 | WARNING | ARTICLE REJECTED | REASON=Validated | TITLE=NE border attracts MP, Maharashtra poachers - The New Indian Express
2026-05-09 00:06:27,163 | INFO | ML PREDICTION | PREDICTION=crime | CONFIDENCE=74.89 | TITLE=Woman wanted by Interpol for trafficking tiger parts arrested in India - BBC
2026-05-09 00:06:27,203 | INFO | SEMANTIC SCORE | SCORE=45.46 | TITLE=Woman wanted by Interpol for trafficking tiger parts arrested in India - BBC
2026-05-09 00:06:28,674 | WARNING | ARTICLE REJECTED | REASON=Duplicate article | TITLE=Woman wanted by Interpol for trafficking tiger parts arrested in India - BBC
2026-05-09 00:06:31,154 | WARNING | ARTICLE REJECTED | REASON=Validated | TITLE=How poachers targeted areas outside protected zones to traffic 100 tigers to Myanmar - Newslaundry
2026-05-09 00:06:35,082 | WARNING | ARTICLE REJECTED | REASON=Validated | TITLE=ADDING TEETH TO WILDLIFE LAW ENFORCEMENT - WWF India
2026-05-09 00:06:38,927 | INFO | ML PREDICTION | PREDICTION=other | CONFIDENCE=58.21 | TITLE=Shift of wildlife trafficking to the North East–Myanmar corridor - INSIGHTS IAS
2026-05-09 00:06:38,978 | INFO | SEMANTIC SCORE | SCORE=74.97 | TITLE=Shift of wildlife trafficking to the North East–Myanmar corridor - INSIGHTS IAS
2026-05-09 00:06:40,550 | WARNING | ARTICLE REJECTED | REASON=Duplicate article | TITLE=Shift of wildlife trafficking to the North East–Myanmar corridor - INSIGHTS IAS
2026-05-09 00:06:43,795 | INFO | ML PREDICTION | PREDICTION=crime | CONFIDENCE=51.17 | TITLE=Beyond poaching: Why habitat loss is the real crisis for India's wildlife - theweek.in
2026-05-09 00:06:43,868 | INFO | SEMANTIC SCORE | SCORE=45.21 | TITLE=Beyond poaching: Why habitat loss is the real crisis for India's wildlife - theweek.in
2026-05-09 00:06:43,869 | WARNING | ARTICLE REJECTED | REASON=Low confidence | TITLE=Beyond poaching: Why habitat loss is the real crisis for India's wildlife - theweek.in
2026-05-09 00:06:46,762 | WARNING | ARTICLE REJECTED | REASON=Validated | TITLE=A Wake-Up Call for India’s Wildlife Governance - Drishti IAS
2026-05-09 00:06:48,775 | WARNING | ARTICLE REJECTED | REASON=Validated | TITLE=Women guards of Kaziranga brave all challenges to protect wildlife in India - Global Voices
2026-05-09 00:06:50,786 | WARNING | ARTICLE REJECTED | REASON=Validated | TITLE=Tiger Mortality In India: Maharashtra Reported 41 Deaths In 2025 - Outlook Traveller
2026-05-09 00:06:53,097 | WARNING | ARTICLE REJECTED | REASON=Validated | TITLE=The case for a new legal framework to protect India’s wildlife and livelihoods [Commentary] - Mongabay-India
2026-05-09 00:06:57,388 | INFO | ML PREDICTION | PREDICTION=crime | CONFIDENCE=73.34 | TITLE=Kerala: Forest officials bust wildlife trafficking gang trying to sell tiger skin, claws, teeth; 7 held - The Times of India
2026-05-09 00:06:57,516 | INFO | SEMANTIC SCORE | SCORE=60.94 | TITLE=Kerala: Forest officials bust wildlife trafficking gang trying to sell tiger skin, claws, teeth; 7 held - The Times of India
2026-05-09 00:06:59,192 | WARNING | ARTICLE REJECTED | REASON=Duplicate article | TITLE=Kerala: Forest officials bust wildlife trafficking gang trying to sell tiger skin, claws, teeth; 7 held - The Times of India
2026-05-09 00:07:01,241 | INFO | ML PREDICTION | PREDICTION=crime | CONFIDENCE=61.65 | TITLE=This Tribe Turned a Poaching Hotspot Into a Wildlife Reserve Earning Rs 50 Lakh - The Better India
2026-05-09 00:07:01,301 | INFO | SEMANTIC SCORE | SCORE=44.85 | TITLE=This Tribe Turned a Poaching Hotspot Into a Wildlife Reserve Earning Rs 50 Lakh - The Better India
2026-05-09 00:07:01,302 | WARNING | ARTICLE REJECTED | REASON=Low confidence | TITLE=This Tribe Turned a Poaching Hotspot Into a Wildlife Reserve Earning Rs 50 Lakh - The Better India
2026-05-09 00:07:04,140 | INFO | ML PREDICTION | PREDICTION=crime | CONFIDENCE=80.63 | TITLE=Big wildlife poaching in Bastar: Tiger, leopard skins recovered, eight held - The Times of India
2026-05-09 00:07:04,201 | INFO | SEMANTIC SCORE | SCORE=53.84 | TITLE=Big wildlife poaching in Bastar: Tiger, leopard skins recovered, eight held - The Times of India
2026-05-09 00:07:10,982 | INFO | DATABASE SAVE | INCIDENT=CLUSTER-20260509000710
2026-05-09 00:07:10,982 | INFO | ARTICLE ACCEPTED | CONFIDENCE=69.47 | TITLE=Big wildlife poaching in Bastar: Tiger, leopard skins recovered, eight held - The Times of India
2026-05-09 00:07:16,141 | INFO | ML PREDICTION | PREDICTION=crime | CONFIDENCE=69.93 | TITLE=Darke Lama: Kingpin of South Asia's wildlife trafficking network, now wanted by Interpol in 2015 MP tiger - The Times of India
2026-05-09 00:07:16,189 | INFO | SEMANTIC SCORE | SCORE=73.15 | TITLE=Darke Lama: Kingpin of South Asia's wildlife trafficking network, now wanted by Interpol in 2015 MP tiger - The Times of India
2026-05-09 00:07:17,680 | WARNING | ARTICLE REJECTED | REASON=Duplicate article | TITLE=Darke Lama: Kingpin of South Asia's wildlife trafficking network, now wanted by Interpol in 2015 MP tiger - The Times of India
2026-05-09 00:07:21,083 | WARNING | ARTICLE REJECTED | REASON=Validated | TITLE=India arrests INTERPOL-wanted wildlife trafficker in Sikkim after coordinated chase - Telegraph India
2026-05-09 00:07:23,965 | INFO | ML PREDICTION | PREDICTION=crime | CONFIDENCE=77.34 | TITLE=Six Bawaria poachers get three years jail in landmark Tamil Nadu tiger poaching case - The New Indian Express
2026-05-09 00:07:24,025 | INFO | SEMANTIC SCORE | SCORE=56.9 | TITLE=Six Bawaria poachers get three years jail in landmark Tamil Nadu tiger poaching case - The New Indian Express
2026-05-09 00:07:44,020 | INFO | DATABASE SAVE | INCIDENT=CLUSTER-20260509000743
2026-05-09 00:07:44,020 | INFO | ARTICLE ACCEPTED | CONFIDENCE=64.74 | TITLE=Six Bawaria poachers get three years jail in landmark Tamil Nadu tiger poaching case - The New Indian Express
2026-05-09 00:07:49,099 | WARNING | ARTICLE REJECTED | REASON=Validated | TITLE=After 10-yr chase, wildlife sleuths nab the ‘ghost’ - The Times of India
2026-05-09 00:07:52,876 | INFO | ML PREDICTION | PREDICTION=other | CONFIDENCE=63.91 | TITLE=Wildlife Trust of India’s ‘Countering Pangolin Trafficking Project’ Is Cracking Down on Illegal Hunting - The Better India
2026-05-09 00:07:53,017 | INFO | SEMANTIC SCORE | SCORE=60.2 | TITLE=Wildlife Trust of India’s ‘Countering Pangolin Trafficking Project’ Is Cracking Down on Illegal Hunting - The Better India
2026-05-09 00:07:53,018 | WARNING | ARTICLE REJECTED | REASON=Low confidence | TITLE=Wildlife Trust of India’s ‘Countering Pangolin Trafficking Project’ Is Cracking Down on Illegal Hunting - The Better India
2026-05-09 00:07:57,064 | WARNING | ARTICLE REJECTED | REASON=Validated | TITLE=Madhya Pradesh's Tiger Crisis Deepens As Poachers Jailed, Death Count Soars - NDTV
2026-05-09 00:07:59,306 | INFO | ML PREDICTION | PREDICTION=other | CONFIDENCE=58.16 | TITLE=IUCN-TRAFFIC report praises ‘strengthened monitoring and surveillance’ for protecting India and Nepal’s rhinos from poaching - Down To Earth
2026-05-09 00:07:59,552 | INFO | SEMANTIC SCORE | SCORE=45.05 | TITLE=IUCN-TRAFFIC report praises ‘strengthened monitoring and surveillance’ for protecting India and Nepal’s rhinos from poaching - Down To Earth
2026-05-09 00:07:59,553 | WARNING | ARTICLE REJECTED | REASON=Low confidence | TITLE=IUCN-TRAFFIC report praises ‘strengthened monitoring and surveillance’ for protecting India and Nepal’s rhinos from poaching - Down To Earth
2026-05-09 00:08:03,156 | WARNING | ARTICLE REJECTED | REASON=Validated | TITLE=How Hyderabad Scientists Are Using DNA Technology To Track Wildlife Poachers Across India - ETV Bharat
2026-05-09 00:08:05,965 | WARNING | ARTICLE REJECTED | REASON=Validated | TITLE=India’s wildlife sanctuaries are using elephants as bulldozers to fight poachers - qz.com
2026-05-09 00:08:09,493 | WARNING | ARTICLE REJECTED | REASON=Validated | TITLE=Two decades after civil unrest, wildlife makes a steady recovery - Mongabay-India
2026-05-09 00:08:12,122 | INFO | ML PREDICTION | PREDICTION=crime | CONFIDENCE=59.77 | TITLE=Why wildlife activists have criticised Chhattisgarh forest wing's call to boycott poaching accused - India Today
2026-05-09 00:08:12,227 | INFO | SEMANTIC SCORE | SCORE=55.41 | TITLE=Why wildlife activists have criticised Chhattisgarh forest wing's call to boycott poaching accused - India Today
2026-05-09 00:08:12,228 | WARNING | ARTICLE REJECTED | REASON=Low confidence | TITLE=Why wildlife activists have criticised Chhattisgarh forest wing's call to boycott poaching accused - India Today
2026-05-09 00:08:14,616 | WARNING | ARTICLE REJECTED | REASON=Validated | TITLE=Meet the women working to protect India’s wildlife - YourStory.com
2026-05-09 00:08:17,165 | INFO | ML PREDICTION | PREDICTION=crime | CONFIDENCE=75.38 | TITLE=Tiger and leopard deaths contradict govt’s no-poaching claim, says HC - The Times of India
2026-05-09 00:08:17,255 | INFO | SEMANTIC SCORE | SCORE=47.92 | TITLE=Tiger and leopard deaths contradict govt’s no-poaching claim, says HC - The Times of India
2026-05-09 00:08:23,684 | INFO | DATABASE SAVE | INCIDENT=CLUSTER-20260509000823
2026-05-09 00:08:23,684 | INFO | ARTICLE ACCEPTED | CONFIDENCE=61.07 | TITLE=Tiger and leopard deaths contradict govt’s no-poaching claim, says HC - The Times of India
2026-05-09 00:08:28,174 | INFO | ML PREDICTION | PREDICTION=crime | CONFIDENCE=82.77 | TITLE=Woman wanted in 2013 Akot tiger poaching case held - The Times of India
2026-05-09 00:08:28,261 | INFO | SEMANTIC SCORE | SCORE=44.64 | TITLE=Woman wanted in 2013 Akot tiger poaching case held - The Times of India
2026-05-09 00:08:37,151 | INFO | DATABASE SAVE | INCIDENT=CLUSTER-20260509000837
2026-05-09 00:08:37,151 | INFO | ARTICLE ACCEPTED | CONFIDENCE=63.78 | TITLE=Woman wanted in 2013 Akot tiger poaching case held - The Times of India
2026-05-09 00:08:42,115 | INFO | ML PREDICTION | PREDICTION=other | CONFIDENCE=66.68 | TITLE=Video | NDTV World Summit | Vivek Menon, Founder of Wildlife Trust of India Talks About Poaching Concerns - NDTV
2026-05-09 00:08:42,177 | INFO | SEMANTIC SCORE | SCORE=45.1 | TITLE=Video | NDTV World Summit | Vivek Menon, Founder of Wildlife Trust of India Talks About Poaching Concerns - NDTV
2026-05-09 00:08:42,178 | WARNING | ARTICLE REJECTED | REASON=Low confidence | TITLE=Video | NDTV World Summit | Vivek Menon, Founder of Wildlife Trust of India Talks About Poaching Concerns - NDTV
2026-05-09 00:08:46,312 | INFO | ML PREDICTION | PREDICTION=crime | CONFIDENCE=74.06 | TITLE=61 arrested in tri-state wildlife crime crackdown as forest teams seize pangolin scales, skins - Telegraph India
2026-05-09 00:08:46,527 | INFO | SEMANTIC SCORE | SCORE=71.94 | TITLE=61 arrested in tri-state wildlife crime crackdown as forest teams seize pangolin scales, skins - Telegraph India
2026-05-09 00:08:49,142 | WARNING | ARTICLE REJECTED | REASON=Duplicate article | TITLE=61 arrested in tri-state wildlife crime crackdown as forest teams seize pangolin scales, skins - Telegraph India
2026-05-09 00:08:52,138 | INFO | ML PREDICTION | PREDICTION=crime | CONFIDENCE=56.33 | TITLE=Instagram post leads to arrest of two in wildlife poaching case in Telangana - The New Indian Express
2026-05-09 00:08:52,186 | INFO | SEMANTIC SCORE | SCORE=46.8 | TITLE=Instagram post leads to arrest of two in wildlife poaching case in Telangana - The New Indian Express
2026-05-09 00:08:52,187 | WARNING | ARTICLE REJECTED | REASON=Low confidence | TITLE=Instagram post leads to arrest of two in wildlife poaching case in Telangana - The New Indian Express
2026-05-09 00:08:55,119 | INFO | ML PREDICTION | PREDICTION=crime | CONFIDENCE=55.25 | TITLE=In major move against poaching, ZSI develops hair-based ID for all Indian mongoose species - The Times of India
2026-05-09 00:08:55,171 | INFO | SEMANTIC SCORE | SCORE=32.5 | TITLE=In major move against poaching, ZSI develops hair-based ID for all Indian mongoose species - The Times of India
2026-05-09 00:08:55,171 | WARNING | ARTICLE REJECTED | REASON=Low confidence | TITLE=In major move against poaching, ZSI develops hair-based ID for all Indian mongoose species - The Times of India
2026-05-09 00:08:58,201 | WARNING | ARTICLE REJECTED | REASON=Validated | TITLE=How Anil Mistry Went From Poacher to Saving 70 Tigers in Sundarbans - The Better India
2026-05-09 00:09:00,906 | INFO | ML PREDICTION | PREDICTION=crime | CONFIDENCE=65.68 | TITLE=Half of tiger carcass found in Karnataka's MM Hills Wildlife Sanctuary, poaching suspected - The New Indian Express
2026-05-09 00:09:01,009 | INFO | SEMANTIC SCORE | SCORE=60.03 | TITLE=Half of tiger carcass found in Karnataka's MM Hills Wildlife Sanctuary, poaching suspected - The New Indian Express
2026-05-09 00:09:01,011 | WARNING | ARTICLE REJECTED | REASON=Low confidence | TITLE=Half of tiger carcass found in Karnataka's MM Hills Wildlife Sanctuary, poaching suspected - The New Indian Express
2026-05-09 00:09:04,645 | INFO | ML PREDICTION | PREDICTION=crime | CONFIDENCE=65.92 | TITLE=State to get new anti poaching units, 27.6 crore sanctioned - The Times of India
2026-05-09 00:09:04,760 | INFO | SEMANTIC SCORE | SCORE=32.22 | TITLE=State to get new anti poaching units, 27.6 crore sanctioned - The Times of India
2026-05-09 00:09:04,761 | WARNING | ARTICLE REJECTED | REASON=Low confidence | TITLE=State to get new anti poaching units, 27.6 crore sanctioned - The Times of India
2026-05-09 00:09:08,435 | INFO | ML PREDICTION | PREDICTION=crime | CONFIDENCE=66.52 | TITLE=Locals pledge to end wildlife offences in Odisha village infamous for poaching - The Statesman
2026-05-09 00:09:08,484 | INFO | SEMANTIC SCORE | SCORE=45.82 | TITLE=Locals pledge to end wildlife offences in Odisha village infamous for poaching - The Statesman
2026-05-09 00:09:08,485 | WARNING | ARTICLE REJECTED | REASON=Low confidence | TITLE=Locals pledge to end wildlife offences in Odisha village infamous for poaching - The Statesman
2026-05-09 00:09:11,512 | INFO | ML PREDICTION | PREDICTION=other | CONFIDENCE=70.61 | TITLE=Zero Rhinos Poached in India’s Stronghold for the Second Year on Record - Good News Network
2026-05-09 00:09:11,593 | INFO | SEMANTIC SCORE | SCORE=52.15 | TITLE=Zero Rhinos Poached in India’s Stronghold for the Second Year on Record - Good News Network
2026-05-09 00:09:11,594 | WARNING | ARTICLE REJECTED | REASON=Low confidence | TITLE=Zero Rhinos Poached in India’s Stronghold for the Second Year on Record - Good News Network
2026-05-09 00:09:14,283 | WARNING | ARTICLE REJECTED | REASON=Validated | TITLE=Latest rhino assessment finds two species recovering, but three continue to decline - news - Mongabay
2026-05-09 00:09:18,668 | INFO | ML PREDICTION | PREDICTION=crime | CONFIDENCE=86.31 | TITLE=Indias apex tiger body flags poaching across reserves - The Tribune
2026-05-09 00:09:18,712 | INFO | SEMANTIC SCORE | SCORE=48.17 | TITLE=Indias apex tiger body flags poaching across reserves - The Tribune
2026-05-09 00:09:28,064 | INFO | DATABASE SAVE | INCIDENT=CLUSTER-20260509000928
2026-05-09 00:09:28,064 | INFO | ARTICLE ACCEPTED | CONFIDENCE=66.61 | TITLE=Indias apex tiger body flags poaching across reserves - The Tribune
2026-05-09 00:09:32,878 | WARNING | ARTICLE REJECTED | REASON=Validation failure | TITLE=Wildlife Conservation Projects in India, List, Challenges, Impact - Vajiram & Ravi
2026-05-09 00:09:36,541 | WARNING | ARTICLE REJECTED | REASON=Validation failure | TITLE=Tiger population tells success of India’s wildlife conservation story but challenges remain - The Times of India
2026-05-09 00:09:39,937 | INFO | ML PREDICTION | PREDICTION=other | CONFIDENCE=55.35 | TITLE=Bhitarkanika National Park on high alert to prevent poaching during Christmas-New Year - The Times of India
2026-05-09 00:09:40,029 | INFO | SEMANTIC SCORE | SCORE=36.16 | TITLE=Bhitarkanika National Park on high alert to prevent poaching during Christmas-New Year - The Times of India
2026-05-09 00:09:40,030 | WARNING | ARTICLE REJECTED | REASON=Low confidence | TITLE=Bhitarkanika National Park on high alert to prevent poaching during Christmas-New Year - The Times of India
2026-05-09 00:09:43,194 | INFO | ML PREDICTION | PREDICTION=crime | CONFIDENCE=82.33 | TITLE=Man, son held for poaching Pangolin - The Times of India
2026-05-09 00:09:43,258 | INFO | SEMANTIC SCORE | SCORE=32.3 | TITLE=Man, son held for poaching Pangolin - The Times of India
2026-05-09 00:09:43,259 | WARNING | ARTICLE REJECTED | REASON=Low confidence | TITLE=Man, son held for poaching Pangolin - The Times of India
2026-05-09 00:09:45,784 | INFO | ML PREDICTION | PREDICTION=other | CONFIDENCE=66.72 | TITLE=Elephant found shot dead near India–Bhutan border, poaching suspected in Raimona National Park Zone - India Today NE
2026-05-09 00:09:45,863 | INFO | SEMANTIC SCORE | SCORE=48.02 | TITLE=Elephant found shot dead near India–Bhutan border, poaching suspected in Raimona National Park Zone - India Today NE
2026-05-09 00:09:45,864 | WARNING | ARTICLE REJECTED | REASON=Low confidence | TITLE=Elephant found shot dead near India–Bhutan border, poaching suspected in Raimona National Park Zone - India Today NE
2026-05-09 00:09:50,431 | INFO | ML PREDICTION | PREDICTION=other | CONFIDENCE=66.95 | TITLE=[Explainer] Why is India a major hub for wildlife trafficking? - Mongabay-India
2026-05-09 00:09:50,478 | INFO | SEMANTIC SCORE | SCORE=55.34 | TITLE=[Explainer] Why is India a major hub for wildlife trafficking? - Mongabay-India
2026-05-09 00:09:50,479 | WARNING | ARTICLE REJECTED | REASON=Low confidence | TITLE=[Explainer] Why is India a major hub for wildlife trafficking? - Mongabay-India
2026-05-09 00:09:52,957 | INFO | ML PREDICTION | PREDICTION=crime | CONFIDENCE=54.31 | TITLE=From blackbuck seizure to syndicate bust: MP wildlife crime probe uncovers cross-border hunts - The Economic Times
2026-05-09 00:09:53,006 | INFO | SEMANTIC SCORE | SCORE=55.52 | TITLE=From blackbuck seizure to syndicate bust: MP wildlife crime probe uncovers cross-border hunts - The Economic Times
2026-05-09 00:09:53,007 | WARNING | ARTICLE REJECTED | REASON=Low confidence | TITLE=From blackbuck seizure to syndicate bust: MP wildlife crime probe uncovers cross-border hunts - The Economic Times
2026-05-09 00:09:56,173 | INFO | ML PREDICTION | PREDICTION=crime | CONFIDENCE=74.63 | TITLE=Over 1,000 country-made guns seized from poachers in Similipal in 2 yers: Officials - The Times of India
2026-05-09 00:09:56,225 | INFO | SEMANTIC SCORE | SCORE=43.89 | TITLE=Over 1,000 country-made guns seized from poachers in Similipal in 2 yers: Officials - The Times of India
2026-05-09 00:09:56,225 | WARNING | ARTICLE REJECTED | REASON=Low confidence | TITLE=Over 1,000 country-made guns seized from poachers in Similipal in 2 yers: Officials - The Times of India
2026-05-09 00:10:00,088 | INFO | ML PREDICTION | PREDICTION=crime | CONFIDENCE=76.31 | TITLE=India Wildlife News: Two Arrested for Deer Poaching in Karnataka - Deccan Herald
2026-05-09 00:10:00,180 | INFO | SEMANTIC SCORE | SCORE=62.88 | TITLE=India Wildlife News: Two Arrested for Deer Poaching in Karnataka - Deccan Herald
2026-05-09 00:10:09,063 | INFO | DATABASE SAVE | INCIDENT=CLUSTER-20260509001009
2026-05-09 00:10:09,063 | INFO | ARTICLE ACCEPTED | CONFIDENCE=70.02 | TITLE=India Wildlife News: Two Arrested for Deer Poaching in Karnataka - Deccan Herald
2026-05-09 00:10:13,491 | WARNING | ARTICLE REJECTED | REASON=Validated | TITLE=How Drones Have Been Protecting Rhinos in Kaziranga Since 2017 - The Better India
2026-05-09 00:10:16,215 | INFO | ML PREDICTION | PREDICTION=other | CONFIDENCE=50.92 | TITLE=How a 24x7 Forest Station in Andaman Is Fighting Wildlife Crime & Saving Animals - The Better India
2026-05-09 00:10:16,272 | INFO | SEMANTIC SCORE | SCORE=44.39 | TITLE=How a 24x7 Forest Station in Andaman Is Fighting Wildlife Crime & Saving Animals - The Better India
2026-05-09 00:10:16,272 | WARNING | ARTICLE REJECTED | REASON=Low confidence | TITLE=How a 24x7 Forest Station in Andaman Is Fighting Wildlife Crime & Saving Animals - The Better India
2026-05-09 00:10:19,626 | WARNING | ARTICLE REJECTED | REASON=Validated | TITLE=Critically endangered Bengal Florican poached and consumed in Assam, social media posts trigger outrage - India Today NE
2026-05-09 00:10:22,157 | INFO | ML PREDICTION | PREDICTION=crime | CONFIDENCE=67.17 | TITLE=Operation Falcon: Assam’s Zero Rhino Poaching Success in 2025 - INSIGHTS IAS
2026-05-09 00:10:22,204 | INFO | SEMANTIC SCORE | SCORE=49.38 | TITLE=Operation Falcon: Assam’s Zero Rhino Poaching Success in 2025 - INSIGHTS IAS
2026-05-09 00:10:22,204 | WARNING | ARTICLE REJECTED | REASON=Low confidence | TITLE=Operation Falcon: Assam’s Zero Rhino Poaching Success in 2025 - INSIGHTS IAS
2026-05-09 00:10:26,637 | WARNING | ARTICLE REJECTED | REASON=Validated | TITLE=Inside CCMB Hyderabad—where scientists turn elephant blood, tiger bones into criminal evidence - ThePrint
2026-05-09 00:10:28,740 | INFO | ML PREDICTION | PREDICTION=crime | CONFIDENCE=79.29 | TITLE=Manas poaching case unravels global wildlife smuggling ring - The Times of India
2026-05-09 00:10:28,789 | INFO | SEMANTIC SCORE | SCORE=56.52 | TITLE=Manas poaching case unravels global wildlife smuggling ring - The Times of India
2026-05-09 00:10:31,202 | WARNING | ARTICLE REJECTED | REASON=Duplicate article | TITLE=Manas poaching case unravels global wildlife smuggling ring - The Times of India
2026-05-09 00:10:33,960 | INFO | ML PREDICTION | PREDICTION=crime | CONFIDENCE=70.67 | TITLE=Tiger poaching network, that spread from west to east India, busted - Mongabay-India
2026-05-09 00:10:34,010 | INFO | SEMANTIC SCORE | SCORE=52.43 | TITLE=Tiger poaching network, that spread from west to east India, busted - Mongabay-India
2026-05-09 00:10:44,161 | INFO | DATABASE SAVE | INCIDENT=CLUSTER-20260509001044
2026-05-09 00:10:44,162 | INFO | ARTICLE ACCEPTED | CONFIDENCE=64.06 | TITLE=Tiger poaching network, that spread from west to east India, busted - Mongabay-India
2026-05-09 00:10:48,292 | INFO | ML PREDICTION | PREDICTION=crime | CONFIDENCE=72.41 | TITLE=Reported wildlife poaching in India more than doubles during COVID-19 lockdown - Traffic.org
2026-05-09 00:10:48,357 | INFO | SEMANTIC SCORE | SCORE=59.23 | TITLE=Reported wildlife poaching in India more than doubles during COVID-19 lockdown - Traffic.org
2026-05-09 00:10:56,388 | INFO | DATABASE SAVE | INCIDENT=POA-IND-20260509
2026-05-09 00:10:56,389 | INFO | ARTICLE ACCEPTED | CONFIDENCE=62.97 | TITLE=Reported wildlife poaching in India more than doubles during COVID-19 lockdown - Traffic.org
2026-05-09 00:11:01,195 | INFO | ML PREDICTION | PREDICTION=crime | CONFIDENCE=67.41 | TITLE=Poaching threats rise in Ranthambore after recovery of bones of three tigers - The New Indian Express
2026-05-09 00:11:01,284 | INFO | SEMANTIC SCORE | SCORE=50.89 | TITLE=Poaching threats rise in Ranthambore after recovery of bones of three tigers - The New Indian Express
2026-05-09 00:11:01,285 | WARNING | ARTICLE REJECTED | REASON=Low confidence | TITLE=Poaching threats rise in Ranthambore after recovery of bones of three tigers - The New Indian Express
2026-05-09 00:11:04,594 | INFO | ML PREDICTION | PREDICTION=crime | CONFIDENCE=80.42 | TITLE=Bones seized from poachers show 3 tigers killed in MP-Raj corridor - The Times of India
2026-05-09 00:11:04,653 | INFO | SEMANTIC SCORE | SCORE=55.11 | TITLE=Bones seized from poachers show 3 tigers killed in MP-Raj corridor - The Times of India
2026-05-09 00:11:14,052 | INFO | DATABASE SAVE | INCIDENT=CLUSTER-20260509001113
2026-05-09 00:11:14,053 | INFO | ARTICLE ACCEPTED | CONFIDENCE=65.74 | TITLE=Bones seized from poachers show 3 tigers killed in MP-Raj corridor - The Times of India
2026-05-09 00:11:18,515 | INFO | ML PREDICTION | PREDICTION=other | CONFIDENCE=56.6 | TITLE=Belgian Malinois to help check wildlife crimes in Ranthambore - The Times of India
2026-05-09 00:11:18,616 | INFO | SEMANTIC SCORE | SCORE=47.5 | TITLE=Belgian Malinois to help check wildlife crimes in Ranthambore - The Times of India
2026-05-09 00:11:18,618 | WARNING | ARTICLE REJECTED | REASON=Low confidence | TITLE=Belgian Malinois to help check wildlife crimes in Ranthambore - The Times of India
2026-05-09 00:11:22,051 | WARNING | ARTICLE REJECTED | REASON=Validated | TITLE=India is fighting its ivory poachers with a powerful tech weapon. - Global Initiative against Transnational Organized Crime (GI-TOC)
2026-05-09 00:11:25,055 | WARNING | ARTICLE REJECTED | REASON=Validated | TITLE=India’s tiger numbers are bouncing back - Nature
2026-05-09 00:11:30,363 | WARNING | ARTICLE REJECTED | REASON=Validated | TITLE=Vivek Menon’s Journey to Protect Elephants With 101 Corridors in India - The Better India
2026-05-09 00:11:34,189 | WARNING | ARTICLE REJECTED | REASON=Validated | TITLE=Radheshyam Bishnoi, defender of wildlife in Thar, ‘gone too soon’ [Obituary] - Mongabay-India
2026-05-09 00:11:37,825 | INFO | ML PREDICTION | PREDICTION=crime | CONFIDENCE=74.55 | TITLE=Decline in tiger prey due to civil unrest, deforestation, poaching: New report | India News - Hindustan Times
2026-05-09 00:11:37,950 | INFO | SEMANTIC SCORE | SCORE=53.7 | TITLE=Decline in tiger prey due to civil unrest, deforestation, poaching: New report | India News - Hindustan Times
2026-05-09 00:11:53,983 | INFO | DATABASE SAVE | INCIDENT=CLUSTER-20260509001153
2026-05-09 00:11:53,983 | INFO | ARTICLE ACCEPTED | CONFIDENCE=62.38 | TITLE=Decline in tiger prey due to civil unrest, deforestation, poaching: New report | India News - Hindustan Times
2026-05-09 00:11:57,362 | WARNING | ARTICLE REJECTED | REASON=Validation failure | TITLE=Increase in gibbon trafficking into India has conservationists worried - news - Mongabay
2026-05-09 00:11:59,643 | INFO | ML PREDICTION | PREDICTION=crime | CONFIDENCE=72.09 | TITLE=First-Ever Poaching Case Involving Indian Flapshell Turtles Registered In Malkangiri - Ommcom News
2026-05-09 00:11:59,702 | INFO | SEMANTIC SCORE | SCORE=58.43 | TITLE=First-Ever Poaching Case Involving Indian Flapshell Turtles Registered In Malkangiri - Ommcom News
2026-05-09 00:12:08,469 | INFO | DATABASE SAVE | INCIDENT=CLUSTER-20260509001208
2026-05-09 00:12:08,469 | INFO | ARTICLE ACCEPTED | CONFIDENCE=62.57 | TITLE=First-Ever Poaching Case Involving Indian Flapshell Turtles Registered In Malkangiri - Ommcom News
2026-05-09 00:12:12,885 | INFO | ML PREDICTION | PREDICTION=other | CONFIDENCE=54.82 | TITLE=Snakes on a plane highlight Thailand-India wildlife trafficking, NGO reports - The Japan Times
2026-05-09 00:12:13,035 | INFO | SEMANTIC SCORE | SCORE=53.96 | TITLE=Snakes on a plane highlight Thailand-India wildlife trafficking, NGO reports - The Japan Times
2026-05-09 00:12:13,036 | WARNING | ARTICLE REJECTED | REASON=Low confidence | TITLE=Snakes on a plane highlight Thailand-India wildlife trafficking, NGO reports - The Japan Times
2026-05-09 00:12:15,805 | INFO | ML PREDICTION | PREDICTION=other | CONFIDENCE=51.48 | TITLE=How India is curbing wildlife trafficking - DD News
2026-05-09 00:12:15,894 | INFO | SEMANTIC SCORE | SCORE=62.23 | TITLE=How India is curbing wildlife trafficking - DD News
2026-05-09 00:12:15,898 | WARNING | ARTICLE REJECTED | REASON=Low confidence | TITLE=How India is curbing wildlife trafficking - DD News
2026-05-09 00:12:18,731 | INFO | ML PREDICTION | PREDICTION=crime | CONFIDENCE=55.7 | TITLE=106 AND NOT OUT: SNIFFER DOGS TACKLING WILDLIFE POACHING CROSS 100 AS NEWEST RECRUITS GRADUATE - WWF India
2026-05-09 00:12:18,840 | INFO | SEMANTIC SCORE | SCORE=57.32 | TITLE=106 AND NOT OUT: SNIFFER DOGS TACKLING WILDLIFE POACHING CROSS 100 AS NEWEST RECRUITS GRADUATE - WWF India
2026-05-09 00:12:18,841 | WARNING | ARTICLE REJECTED | REASON=Low confidence | TITLE=106 AND NOT OUT: SNIFFER DOGS TACKLING WILDLIFE POACHING CROSS 100 AS NEWEST RECRUITS GRADUATE - WWF India
2026-05-09 00:12:20,613 | INFO | ML PREDICTION | PREDICTION=other | CONFIDENCE=77.53 | TITLE=BHUTAN, INDIA, AND NEPAL COLLABORATE TO COUNTER WILDLIFE TRAFFICKING IN SOUTH ASIA - WWF India
2026-05-09 00:12:20,662 | INFO | SEMANTIC SCORE | SCORE=57.18 | TITLE=BHUTAN, INDIA, AND NEPAL COLLABORATE TO COUNTER WILDLIFE TRAFFICKING IN SOUTH ASIA - WWF India
2026-05-09 00:12:23,085 | WARNING | ARTICLE REJECTED | REASON=Duplicate article | TITLE=BHUTAN, INDIA, AND NEPAL COLLABORATE TO COUNTER WILDLIFE TRAFFICKING IN SOUTH ASIA - WWF India
2026-05-09 00:12:26,016 | INFO | ML PREDICTION | PREDICTION=crime | CONFIDENCE=68.06 | TITLE=Wildlife poaching in India more than doubles during lockdown: Report - Business Standard
2026-05-09 00:12:26,067 | INFO | SEMANTIC SCORE | SCORE=60.69 | TITLE=Wildlife poaching in India more than doubles during lockdown: Report - Business Standard
2026-05-09 00:12:26,068 | WARNING | ARTICLE REJECTED | REASON=Low confidence | TITLE=Wildlife poaching in India more than doubles during lockdown: Report - Business Standard
2026-05-09 00:12:28,763 | INFO | ML PREDICTION | PREDICTION=crime | CONFIDENCE=63.08 | TITLE=How DNA detectives are unmasking wildlife crime in India - Nature
2026-05-09 00:12:28,851 | INFO | SEMANTIC SCORE | SCORE=55.67 | TITLE=How DNA detectives are unmasking wildlife crime in India - Nature
2026-05-09 00:12:28,853 | WARNING | ARTICLE REJECTED | REASON=Low confidence | TITLE=How DNA detectives are unmasking wildlife crime in India - Nature
2026-05-09 00:12:32,407 | INFO | ML PREDICTION | PREDICTION=other | CONFIDENCE=59.24 | TITLE=India Has an Elephant Poaching Problem. Alia Bhatt's New Series Takes a Closer Look - Time Magazine
2026-05-09 00:12:32,544 | INFO | SEMANTIC SCORE | SCORE=34.99 | TITLE=India Has an Elephant Poaching Problem. Alia Bhatt's New Series Takes a Closer Look - Time Magazine
2026-05-09 00:12:32,545 | WARNING | ARTICLE REJECTED | REASON=Low confidence | TITLE=India Has an Elephant Poaching Problem. Alia Bhatt's New Series Takes a Closer Look - Time Magazine
2026-05-09 00:12:36,217 | WARNING | ARTICLE REJECTED | REASON=Validation failure | TITLE=India’s Wildlife Conservation Milestones - PIB
2026-05-09 00:12:41,229 | INFO | ML PREDICTION | PREDICTION=other | CONFIDENCE=57.04 | TITLE=WILDLIFE CRIME CONTROL BUREAU FROM INDIA AND NEPAL MEET TO STRENGTHEN COLLABORATION FOR CURBING - WWF India
2026-05-09 00:12:41,373 | INFO | SEMANTIC SCORE | SCORE=50.3 | TITLE=WILDLIFE CRIME CONTROL BUREAU FROM INDIA AND NEPAL MEET TO STRENGTHEN COLLABORATION FOR CURBING - WWF India
2026-05-09 00:12:41,374 | WARNING | ARTICLE REJECTED | REASON=Low confidence | TITLE=WILDLIFE CRIME CONTROL BUREAU FROM INDIA AND NEPAL MEET TO STRENGTHEN COLLABORATION FOR CURBING - WWF India
2026-05-09 00:12:47,130 | INFO | ML PREDICTION | PREDICTION=crime | CONFIDENCE=58.11 | TITLE=Can AI help India fight against wildlife trafficking and animal poaching? - IndiaAI
2026-05-09 00:12:47,271 | INFO | SEMANTIC SCORE | SCORE=52.5 | TITLE=Can AI help India fight against wildlife trafficking and animal poaching? - IndiaAI
2026-05-09 00:12:47,272 | WARNING | ARTICLE REJECTED | REASON=Low confidence | TITLE=Can AI help India fight against wildlife trafficking and animal poaching? - IndiaAI
2026-05-09 00:12:51,593 | INFO | ML PREDICTION | PREDICTION=crime | CONFIDENCE=86.29 | TITLE='Bone glue' craze driving tiger poaching in central India; MP poacher arrested - The Times of India
2026-05-09 00:12:51,783 | INFO | SEMANTIC SCORE | SCORE=56.72 | TITLE='Bone glue' craze driving tiger poaching in central India; MP poacher arrested - The Times of India
2026-05-09 00:13:18,773 | INFO | DATABASE SAVE | INCIDENT=CLUSTER-20260509001318
2026-05-09 00:13:18,773 | INFO | ARTICLE ACCEPTED | CONFIDENCE=73.16 | TITLE='Bone glue' craze driving tiger poaching in central India; MP poacher arrested - The Times of India
2026-05-09 00:13:24,893 | INFO | ML PREDICTION | PREDICTION=crime | CONFIDENCE=59.32 | TITLE=Operation Jia: How IFS Officer Sanjeev Sharma Led Himachal’s Biggest Wildlife Poaching Bust - Indianmasterminds
2026-05-09 00:13:25,062 | INFO | SEMANTIC SCORE | SCORE=49.74 | TITLE=Operation Jia: How IFS Officer Sanjeev Sharma Led Himachal’s Biggest Wildlife Poaching Bust - Indianmasterminds
2026-05-09 00:13:25,063 | WARNING | ARTICLE REJECTED | REASON=Low confidence | TITLE=Operation Jia: How IFS Officer Sanjeev Sharma Led Himachal’s Biggest Wildlife Poaching Bust - Indianmasterminds
2026-05-09 00:13:29,164 | INFO | ML PREDICTION | PREDICTION=crime | CONFIDENCE=77.16 | TITLE=Poaching by organised gangs down, but ‘accidental’ deaths persist - The Times of India
2026-05-09 00:13:29,334 | INFO | SEMANTIC SCORE | SCORE=39.28 | TITLE=Poaching by organised gangs down, but ‘accidental’ deaths persist - The Times of India
2026-05-09 00:13:56,861 | INFO | DATABASE SAVE | INCIDENT=CLUSTER-20260509001356
2026-05-09 00:13:56,862 | INFO | ARTICLE ACCEPTED | CONFIDENCE=63.36 | TITLE=Poaching by organised gangs down, but ‘accidental’ deaths persist - The Times of India
2026-05-09 00:14:01,893 | INFO | ML PREDICTION | PREDICTION=crime | CONFIDENCE=81.44 | TITLE=India becoming global tiger poaching hotspot - DW.com
2026-05-09 00:14:02,026 | INFO | SEMANTIC SCORE | SCORE=49.8 | TITLE=India becoming global tiger poaching hotspot - DW.com
2026-05-09 00:14:08,913 | WARNING | ARTICLE REJECTED | REASON=Duplicate article | TITLE=India becoming global tiger poaching hotspot - DW.com
2026-05-09 00:14:13,920 | INFO | ML PREDICTION | PREDICTION=other | CONFIDENCE=70.66 | TITLE=ENFORCEMENT AGENCIES TRAIN TOGETHER TO STOP WILDLIFE TRAFFICKING ACROSS INDIA’S HIMALAYAS - WWF India
2026-05-09 00:14:14,047 | INFO | SEMANTIC SCORE | SCORE=61.13 | TITLE=ENFORCEMENT AGENCIES TRAIN TOGETHER TO STOP WILDLIFE TRAFFICKING ACROSS INDIA’S HIMALAYAS - WWF India
2026-05-09 00:14:20,452 | WARNING | ARTICLE REJECTED | REASON=Duplicate article | TITLE=ENFORCEMENT AGENCIES TRAIN TOGETHER TO STOP WILDLIFE TRAFFICKING ACROSS INDIA’S HIMALAYAS - WWF India
2026-05-09 00:14:25,438 | INFO | ML PREDICTION | PREDICTION=crime | CONFIDENCE=59.5 | TITLE=522 reports of wildlife poaching and trade in 2020 from India, 51 from Karnataka - The Hindu
2026-05-09 00:14:25,593 | INFO | SEMANTIC SCORE | SCORE=52.76 | TITLE=522 reports of wildlife poaching and trade in 2020 from India, 51 from Karnataka - The Hindu
2026-05-09 00:14:25,595 | WARNING | ARTICLE REJECTED | REASON=Low confidence | TITLE=522 reports of wildlife poaching and trade in 2020 from India, 51 from Karnataka - The Hindu
2026-05-09 00:14:31,139 | INFO | ML PREDICTION | PREDICTION=other | CONFIDENCE=63.59 | TITLE=SOUTH ASIAN COUNTRIES MEET AGAIN TO STRENGTHEN EFFORTS TO CURB WILDLIFE TRAFFICKING - WWF India
2026-05-09 00:14:31,281 | INFO | SEMANTIC SCORE | SCORE=43.61 | TITLE=SOUTH ASIAN COUNTRIES MEET AGAIN TO STRENGTHEN EFFORTS TO CURB WILDLIFE TRAFFICKING - WWF India
2026-05-09 00:14:31,282 | WARNING | ARTICLE REJECTED | REASON=Low confidence | TITLE=SOUTH ASIAN COUNTRIES MEET AGAIN TO STRENGTHEN EFFORTS TO CURB WILDLIFE TRAFFICKING - WWF India
2026-05-09 00:14:36,807 | INFO | ML PREDICTION | PREDICTION=crime | CONFIDENCE=66.23 | TITLE=106 and Not Out: Sniffer Dogs Tackling Wildlife Poaching Passes 100 As Newest Recruits Graduate - Traffic.org
2026-05-09 00:14:36,988 | INFO | SEMANTIC SCORE | SCORE=56.32 | TITLE=106 and Not Out: Sniffer Dogs Tackling Wildlife Poaching Passes 100 As Newest Recruits Graduate - Traffic.org
2026-05-09 00:14:36,989 | WARNING | ARTICLE REJECTED | REASON=Low confidence | TITLE=106 and Not Out: Sniffer Dogs Tackling Wildlife Poaching Passes 100 As Newest Recruits Graduate - Traffic.org
2026-05-09 00:14:42,878 | INFO | ML PREDICTION | PREDICTION=other | CONFIDENCE=56.29 | TITLE=Gripping docuseries "Poacher" examines shadowy world of elephant poaching in India - International Fund for Animal Welfare | IFAW
2026-05-09 00:14:43,072 | INFO | SEMANTIC SCORE | SCORE=48.51 | TITLE=Gripping docuseries "Poacher" examines shadowy world of elephant poaching in India - International Fund for Animal Welfare | IFAW
2026-05-09 00:14:43,074 | WARNING | ARTICLE REJECTED | REASON=Low confidence | TITLE=Gripping docuseries "Poacher" examines shadowy world of elephant poaching in India - International Fund for Animal Welfare | IFAW
2026-05-09 00:14:48,492 | WARNING | ARTICLE REJECTED | REASON=Validation failure | TITLE=World Environment Day 2021-India’s Commitment Towards Stopping Illegal Wildlife Trafficking - Welcome to the United Nations
2026-05-09 00:14:51,119 | WARNING | ARTICLE REJECTED | REASON=Validated | TITLE=Can Tech Stop Animal Poachers in Their Tracks? - Mother Jones
2026-05-09 00:14:57,160 | INFO | ML PREDICTION | PREDICTION=crime | CONFIDENCE=89.23 | TITLE=Wildlife Bureau Issues 'Red Alert' Against Poaching Gangs Active In Tiger Reserves - NDTV
2026-05-09 00:14:57,296 | INFO | SEMANTIC SCORE | SCORE=56.5 | TITLE=Wildlife Bureau Issues 'Red Alert' Against Poaching Gangs Active In Tiger Reserves - NDTV
2026-05-09 00:15:07,703 | INFO | DATABASE SAVE | INCIDENT=CLUSTER-20260509001507
2026-05-09 00:15:07,704 | INFO | ARTICLE ACCEPTED | CONFIDENCE=74.56 | TITLE=Wildlife Bureau Issues 'Red Alert' Against Poaching Gangs Active In Tiger Reserves - NDTV
2026-05-09 00:15:11,271 | WARNING | ARTICLE REJECTED | REASON=Validated | TITLE=A mutating crisis - Down To Earth
2026-05-09 00:15:13,951 | INFO | ML PREDICTION | PREDICTION=crime | CONFIDENCE=58.63 | TITLE=Crackdown on wildlife poaching, Pune forest dept seizes weapons, ammo and meat - The Indian Express
2026-05-09 00:15:14,093 | INFO | SEMANTIC SCORE | SCORE=53.1 | TITLE=Crackdown on wildlife poaching, Pune forest dept seizes weapons, ammo and meat - The Indian Express
2026-05-09 00:15:14,094 | WARNING | ARTICLE REJECTED | REASON=Low confidence | TITLE=Crackdown on wildlife poaching, Pune forest dept seizes weapons, ammo and meat - The Indian Express
2026-05-09 00:15:18,207 | WARNING | ARTICLE REJECTED | REASON=Validated | TITLE=Illegal pangolin trade continues unabated in India - Nature
2026-05-09 00:15:22,358 | WARNING | ARTICLE REJECTED | REASON=Validated | TITLE=India's Pangolins buried in Illegal Wildlife Trade - Wildlife Trade Report from TRAFFIC - Traffic.org
2026-05-09 00:15:26,005 | INFO | ML PREDICTION | PREDICTION=crime | CONFIDENCE=60.22 | TITLE=Jaldapara leads India’s fight against wildlife crime - Tehelka
2026-05-09 00:15:26,105 | INFO | SEMANTIC SCORE | SCORE=46.93 | TITLE=Jaldapara leads India’s fight against wildlife crime - Tehelka
2026-05-09 00:15:26,106 | WARNING | ARTICLE REJECTED | REASON=Low confidence | TITLE=Jaldapara leads India’s fight against wildlife crime - Tehelka
2026-05-09 00:15:28,978 | INFO | ML PREDICTION | PREDICTION=crime | CONFIDENCE=56.41 | TITLE=Pobitora Wildlife Sanctuary In Assam Achieves 11 Years Of Zero Rhino Poaching - Outlook Traveller
2026-05-09 00:15:29,124 | INFO | SEMANTIC SCORE | SCORE=64.51 | TITLE=Pobitora Wildlife Sanctuary In Assam Achieves 11 Years Of Zero Rhino Poaching - Outlook Traveller
2026-05-09 00:15:29,125 | WARNING | ARTICLE REJECTED | REASON=Low confidence | TITLE=Pobitora Wildlife Sanctuary In Assam Achieves 11 Years Of Zero Rhino Poaching - Outlook Traveller
2026-05-09 00:15:31,883 | WARNING | ARTICLE REJECTED | REASON=Validation failure | TITLE=WORLD ENVIRONMENT DAY 2021-INDIA’S COMMITMENT TOWARDS STOPPING ILLEGAL WILDLIFE TRAFFICKING - WWF India
2026-05-09 00:15:36,634 | WARNING | ARTICLE REJECTED | REASON=Validated | TITLE=200 big cats poached in 20 years, RTI reveals central India as hotspot - The Times of India
2026-05-09 00:15:39,210 | WARNING | ARTICLE REJECTED | REASON=Validated | TITLE=Legendary Tigers of India | Poachers Return: How Trust Made India’s Tigers Vulnerable | Nature - PBS
2026-05-09 00:15:42,899 | WARNING | ARTICLE REJECTED | REASON=Validated | TITLE=How poachers targeted areas outside protected zones to traffic 100 tigers to Myanmar - Newslaundry
2026-05-09 00:15:45,539 | INFO | ML PREDICTION | PREDICTION=crime | CONFIDENCE=76.57 | TITLE=Supreme Court seeks response from Centre for CBI probe into tiger poaching ring - The Hindu
2026-05-09 00:15:45,607 | INFO | SEMANTIC SCORE | SCORE=30.69 | TITLE=Supreme Court seeks response from Centre for CBI probe into tiger poaching ring - The Hindu
2026-05-09 00:15:45,608 | WARNING | ARTICLE REJECTED | REASON=Low confidence | TITLE=Supreme Court seeks response from Centre for CBI probe into tiger poaching ring - The Hindu
2026-05-09 00:15:48,727 | INFO | ML PREDICTION | PREDICTION=crime | CONFIDENCE=82.98 | TITLE=Odisha loses another melanistic tiger to poaching; nine arrested - Business Standard
2026-05-09 00:15:48,770 | INFO | SEMANTIC SCORE | SCORE=39.54 | TITLE=Odisha loses another melanistic tiger to poaching; nine arrested - Business Standard
2026-05-09 00:16:00,277 | INFO | DATABASE SAVE | INCIDENT=CLUSTER-20260509001600
2026-05-09 00:16:00,277 | INFO | ARTICLE ACCEPTED | CONFIDENCE=66.35 | TITLE=Odisha loses another melanistic tiger to poaching; nine arrested - Business Standard
2026-05-09 00:16:03,975 | WARNING | ARTICLE REJECTED | REASON=Validated | TITLE=Madhya Pradesh's Tiger Crisis Deepens As Poachers Jailed, Death Count Soars - NDTV
2026-05-09 00:16:06,517 | INFO | ML PREDICTION | PREDICTION=crime | CONFIDENCE=80.25 | TITLE=Six get three years in jail for tiger poaching in Maharashtra’s Pench Reserve - ThePrint
2026-05-09 00:16:06,575 | INFO | SEMANTIC SCORE | SCORE=53.09 | TITLE=Six get three years in jail for tiger poaching in Maharashtra’s Pench Reserve - ThePrint
2026-05-09 00:16:20,645 | INFO | DATABASE SAVE | INCIDENT=CLUSTER-20260509001620
2026-05-09 00:16:20,645 | INFO | ARTICLE ACCEPTED | CONFIDENCE=65.05 | TITLE=Six get three years in jail for tiger poaching in Maharashtra’s Pench Reserve - ThePrint
2026-05-09 00:16:26,867 | INFO | ML PREDICTION | PREDICTION=crime | CONFIDENCE=76.04 | TITLE=Corbett Tiger Poaching: CBI Names Officers, State Says Nothing Happened - The Probe
2026-05-09 00:16:26,945 | INFO | SEMANTIC SCORE | SCORE=52.23 | TITLE=Corbett Tiger Poaching: CBI Names Officers, State Says Nothing Happened - The Probe
2026-05-09 00:16:37,217 | INFO | DATABASE SAVE | INCIDENT=CLUSTER-20260509001637
2026-05-09 00:16:37,218 | INFO | ARTICLE ACCEPTED | CONFIDENCE=62.69 | TITLE=Corbett Tiger Poaching: CBI Names Officers, State Says Nothing Happened - The Probe
2026-05-09 00:16:41,099 | WARNING | ARTICLE REJECTED | REASON=Validation failure | TITLE=Tiger conservation: NTCA move to close death cases raises concerns in India - Deccan Herald
2026-05-09 00:16:44,698 | INFO | ML PREDICTION | PREDICTION=crime | CONFIDENCE=67.14 | TITLE=CBI probe into poaching in Corbett Tiger Reserve: SC issues notice to Centre, Uttarakhand government - The New Indian Express
2026-05-09 00:16:44,756 | INFO | SEMANTIC SCORE | SCORE=50.14 | TITLE=CBI probe into poaching in Corbett Tiger Reserve: SC issues notice to Centre, Uttarakhand government - The New Indian Express
2026-05-09 00:16:44,756 | WARNING | ARTICLE REJECTED | REASON=Low confidence | TITLE=CBI probe into poaching in Corbett Tiger Reserve: SC issues notice to Centre, Uttarakhand government - The New Indian Express
2026-05-09 00:16:47,942 | INFO | ML PREDICTION | PREDICTION=crime | CONFIDENCE=77.02 | TITLE=Poaching alarm near Ranthambhore: Seized bones show three tigers killed - The Indian Express
2026-05-09 00:16:48,085 | INFO | SEMANTIC SCORE | SCORE=53.47 | TITLE=Poaching alarm near Ranthambhore: Seized bones show three tigers killed - The Indian Express
2026-05-09 00:16:59,349 | INFO | DATABASE SAVE | INCIDENT=CLUSTER-20260509001659
2026-05-09 00:16:59,349 | INFO | ARTICLE ACCEPTED | CONFIDENCE=67.55 | TITLE=Poaching alarm near Ranthambhore: Seized bones show three tigers killed - The Indian Express
2026-05-09 00:17:02,834 | INFO | ML PREDICTION | PREDICTION=crime | CONFIDENCE=83.84 | TITLE=Is poaching the reason behind rising tiger deaths in Madhya Pradesh? - India Today
2026-05-09 00:17:02,898 | INFO | SEMANTIC SCORE | SCORE=57.96 | TITLE=Is poaching the reason behind rising tiger deaths in Madhya Pradesh? - India Today
2026-05-09 00:17:28,589 | INFO | DATABASE SAVE | INCIDENT=POA-IND-20260509
2026-05-09 00:17:28,589 | INFO | ARTICLE ACCEPTED | CONFIDENCE=68.31 | TITLE=Is poaching the reason behind rising tiger deaths in Madhya Pradesh? - India Today
2026-05-09 00:17:32,767 | INFO | ML PREDICTION | PREDICTION=crime | CONFIDENCE=76.09 | TITLE=Supreme Court seeks Centre’s response on plea for CBI probe into tiger poaching | India News - Hindustan Times
2026-05-09 00:17:32,834 | INFO | SEMANTIC SCORE | SCORE=32.28 | TITLE=Supreme Court seeks Centre’s response on plea for CBI probe into tiger poaching | India News - Hindustan Times
2026-05-09 00:17:32,835 | WARNING | ARTICLE REJECTED | REASON=Low confidence | TITLE=Supreme Court seeks Centre’s response on plea for CBI probe into tiger poaching | India News - Hindustan Times
2026-05-09 00:17:34,839 | INFO | ML PREDICTION | PREDICTION=crime | CONFIDENCE=88.65 | TITLE=9 arrested in melanistic tiger poaching case - The Times of India
2026-05-09 00:17:34,882 | INFO | SEMANTIC SCORE | SCORE=61.8 | TITLE=9 arrested in melanistic tiger poaching case - The Times of India
2026-05-09 00:17:53,448 | INFO | DATABASE SAVE | INCIDENT=POA-IND-20260509
2026-05-09 00:17:53,449 | INFO | ARTICLE ACCEPTED | CONFIDENCE=75.87 | TITLE=9 arrested in melanistic tiger poaching case - The Times of India
2026-05-09 00:17:58,386 | WARNING | ARTICLE REJECTED | REASON=Validated | TITLE=Tiger Poached, Carcass Buried. A 'Gulf War' Claim Follows 23 Days Later - NDTV
2026-05-09 00:18:02,781 | INFO | ML PREDICTION | PREDICTION=crime | CONFIDENCE=77.34 | TITLE=Six Bawaria poachers get three years jail in landmark Tamil Nadu tiger poaching case - The New Indian Express
2026-05-09 00:18:02,894 | INFO | SEMANTIC SCORE | SCORE=56.9 | TITLE=Six Bawaria poachers get three years jail in landmark Tamil Nadu tiger poaching case - The New Indian Express
2026-05-09 00:18:07,714 | WARNING | ARTICLE REJECTED | REASON=Duplicate article | TITLE=Six Bawaria poachers get three years jail in landmark Tamil Nadu tiger poaching case - The New Indian Express
2026-05-09 00:18:12,815 | INFO | ML PREDICTION | PREDICTION=crime | CONFIDENCE=75.99 | TITLE=PIL in SC seeks CBI investigation into tiger poaching network - The Times of India
2026-05-09 00:18:12,930 | INFO | SEMANTIC SCORE | SCORE=43.66 | TITLE=PIL in SC seeks CBI investigation into tiger poaching network - The Times of India
2026-05-09 00:18:46,797 | INFO | DATABASE SAVE | INCIDENT=CLUSTER-20260509001846
2026-05-09 00:18:46,798 | INFO | ARTICLE ACCEPTED | CONFIDENCE=73.09 | TITLE=PIL in SC seeks CBI investigation into tiger poaching network - The Times of India
2026-05-09 00:18:54,515 | INFO | ML PREDICTION | PREDICTION=crime | CONFIDENCE=71.8 | TITLE=Bail Plea Withdrawn In Trans-Border Tiger Poaching Case As High Court Signals Rejection - The Times of India
2026-05-09 00:18:54,707 | INFO | SEMANTIC SCORE | SCORE=42.19 | TITLE=Bail Plea Withdrawn In Trans-Border Tiger Poaching Case As High Court Signals Rejection - The Times of India
2026-05-09 00:18:54,709 | WARNING | ARTICLE REJECTED | REASON=Low confidence | TITLE=Bail Plea Withdrawn In Trans-Border Tiger Poaching Case As High Court Signals Rejection - The Times of India
2026-05-09 00:19:00,448 | INFO | ML PREDICTION | PREDICTION=crime | CONFIDENCE=69.93 | TITLE=Darke Lama: Kingpin of South Asia's wildlife trafficking network, now wanted by Interpol in 2015 MP tiger - The Times of India
2026-05-09 00:19:00,629 | INFO | SEMANTIC SCORE | SCORE=73.15 | TITLE=Darke Lama: Kingpin of South Asia's wildlife trafficking network, now wanted by Interpol in 2015 MP tiger - The Times of India
2026-05-09 00:19:08,583 | WARNING | ARTICLE REJECTED | REASON=Duplicate article | TITLE=Darke Lama: Kingpin of South Asia's wildlife trafficking network, now wanted by Interpol in 2015 MP tiger - The Times of India
2026-05-09 00:19:13,115 | INFO | ML PREDICTION | PREDICTION=crime | CONFIDENCE=80.63 | TITLE=Big wildlife poaching in Bastar: Tiger, leopard skins recovered, eight held - The Times of India
2026-05-09 00:19:13,272 | INFO | SEMANTIC SCORE | SCORE=53.84 | TITLE=Big wildlife poaching in Bastar: Tiger, leopard skins recovered, eight held - The Times of India
2026-05-09 00:19:18,641 | WARNING | ARTICLE REJECTED | REASON=Duplicate article | TITLE=Big wildlife poaching in Bastar: Tiger, leopard skins recovered, eight held - The Times of India
2026-05-09 00:19:22,449 | INFO | ML PREDICTION | PREDICTION=crime | CONFIDENCE=82.77 | TITLE=Woman wanted in 2013 Akot tiger poaching case held - The Times of India
2026-05-09 00:19:22,606 | INFO | SEMANTIC SCORE | SCORE=44.64 | TITLE=Woman wanted in 2013 Akot tiger poaching case held - The Times of India
2026-05-09 00:19:30,197 | WARNING | ARTICLE REJECTED | REASON=Duplicate article | TITLE=Woman wanted in 2013 Akot tiger poaching case held - The Times of India
2026-05-09 00:19:34,376 | WARNING | ARTICLE REJECTED | REASON=Validated | TITLE=54 Tiger Deaths In Madhya Pradesh In 2025, Most Since Project Tiger Launch - NDTV
2026-05-09 00:19:38,203 | INFO | ML PREDICTION | PREDICTION=crime | CONFIDENCE=67.91 | TITLE=End of the hunt: ‘Mini Veerappan’ trapped at Mysuru Railway Station over brutal tiger poaching case - The Indian Express
2026-05-09 00:19:38,402 | INFO | SEMANTIC SCORE | SCORE=47.1 | TITLE=End of the hunt: ‘Mini Veerappan’ trapped at Mysuru Railway Station over brutal tiger poaching case - The Indian Express
2026-05-09 00:19:38,403 | WARNING | ARTICLE REJECTED | REASON=Low confidence | TITLE=End of the hunt: ‘Mini Veerappan’ trapped at Mysuru Railway Station over brutal tiger poaching case - The Indian Express
2026-05-09 00:19:43,271 | INFO | ML PREDICTION | PREDICTION=crime | CONFIDENCE=74.89 | TITLE=Woman wanted by Interpol for trafficking tiger parts arrested in India - BBC
2026-05-09 00:19:43,425 | INFO | SEMANTIC SCORE | SCORE=45.46 | TITLE=Woman wanted by Interpol for trafficking tiger parts arrested in India - BBC
2026-05-09 00:19:51,677 | WARNING | ARTICLE REJECTED | REASON=Duplicate article | TITLE=Woman wanted by Interpol for trafficking tiger parts arrested in India - BBC
2026-05-09 00:19:56,464 | INFO | ML PREDICTION | PREDICTION=crime | CONFIDENCE=61.99 | TITLE=MP nabs Interpol-wanted tiger trafficker in midnight raid on Indo–China border after 10-year hunt - The Times of India
2026-05-09 00:19:56,918 | INFO | SEMANTIC SCORE | SCORE=43.89 | TITLE=MP nabs Interpol-wanted tiger trafficker in midnight raid on Indo–China border after 10-year hunt - The Times of India
2026-05-09 00:19:56,919 | WARNING | ARTICLE REJECTED | REASON=Low confidence | TITLE=MP nabs Interpol-wanted tiger trafficker in midnight raid on Indo–China border after 10-year hunt - The Times of India
2026-05-09 00:20:01,959 | INFO | ML PREDICTION | PREDICTION=crime | CONFIDENCE=85.75 | TITLE=Tiger found dead with paw missing in Madhya Pradesh, poaching suspected - The Hindu
2026-05-09 00:20:02,205 | INFO | SEMANTIC SCORE | SCORE=60.46 | TITLE=Tiger found dead with paw missing in Madhya Pradesh, poaching suspected - The Hindu
2026-05-09 00:20:17,025 | INFO | DATABASE SAVE | INCIDENT=CLUSTER-20260509002016
2026-05-09 00:20:17,025 | INFO | ARTICLE ACCEPTED | CONFIDENCE=71.01 | TITLE=Tiger found dead with paw missing in Madhya Pradesh, poaching suspected - The Hindu
2026-05-09 00:20:22,864 | INFO | ML PREDICTION | PREDICTION=crime | CONFIDENCE=63.79 | TITLE=SC seeks responses of Centre, NTCA on PIL alleging organised tiger poaching, illegal wildlife racket - The New Indian Express
2026-05-09 00:20:22,995 | INFO | SEMANTIC SCORE | SCORE=42.05 | TITLE=SC seeks responses of Centre, NTCA on PIL alleging organised tiger poaching, illegal wildlife racket - The New Indian Express
2026-05-09 00:20:22,996 | WARNING | ARTICLE REJECTED | REASON=Low confidence | TITLE=SC seeks responses of Centre, NTCA on PIL alleging organised tiger poaching, illegal wildlife racket - The New Indian Express
2026-05-09 00:20:25,532 | INFO | ML PREDICTION | PREDICTION=crime | CONFIDENCE=71.83 | TITLE=Supreme Court Seeks Response From Union On PIL For CBI Probe Into Tiger Poaching - Live Law
2026-05-09 00:20:25,581 | INFO | SEMANTIC SCORE | SCORE=29.34 | TITLE=Supreme Court Seeks Response From Union On PIL For CBI Probe Into Tiger Poaching - Live Law
2026-05-09 00:20:25,582 | WARNING | ARTICLE REJECTED | REASON=Low confidence | TITLE=Supreme Court Seeks Response From Union On PIL For CBI Probe Into Tiger Poaching - Live Law
2026-05-09 00:20:28,922 | INFO | ML PREDICTION | PREDICTION=crime | CONFIDENCE=73.34 | TITLE=Kerala: Forest officials bust wildlife trafficking gang trying to sell tiger skin, claws, teeth; 7 held - The Times of India
2026-05-09 00:20:29,008 | INFO | SEMANTIC SCORE | SCORE=60.94 | TITLE=Kerala: Forest officials bust wildlife trafficking gang trying to sell tiger skin, claws, teeth; 7 held - The Times of India
2026-05-09 00:20:31,694 | WARNING | ARTICLE REJECTED | REASON=Duplicate article | TITLE=Kerala: Forest officials bust wildlife trafficking gang trying to sell tiger skin, claws, teeth; 7 held - The Times of India
2026-05-09 00:20:34,995 | WARNING | ARTICLE REJECTED | REASON=Validation failure | TITLE=Legendary Tigers of India documentary review: A tip-toe through a tiger reserve that serves as a clarion call against poaching - Cinema Express
2026-05-09 00:20:38,827 | INFO | ML PREDICTION | PREDICTION=crime | CONFIDENCE=86.31 | TITLE=Indias apex tiger body flags poaching across reserves - The Tribune
2026-05-09 00:20:38,871 | INFO | SEMANTIC SCORE | SCORE=48.17 | TITLE=Indias apex tiger body flags poaching across reserves - The Tribune
2026-05-09 00:20:41,604 | WARNING | ARTICLE REJECTED | REASON=Duplicate article | TITLE=Indias apex tiger body flags poaching across reserves - The Tribune
2026-05-09 00:20:45,136 | WARNING | ARTICLE REJECTED | REASON=Validated | TITLE=Tiger Mortality In India: Maharashtra Reported 41 Deaths In 2025 - Outlook Traveller
2026-05-09 00:20:47,646 | INFO | ML PREDICTION | PREDICTION=crime | CONFIDENCE=75.38 | TITLE=Tiger and leopard deaths contradict govt’s no-poaching claim, says HC - The Times of India
2026-05-09 00:20:47,728 | INFO | SEMANTIC SCORE | SCORE=47.92 | TITLE=Tiger and leopard deaths contradict govt’s no-poaching claim, says HC - The Times of India
2026-05-09 00:20:50,807 | WARNING | ARTICLE REJECTED | REASON=Duplicate article | TITLE=Tiger and leopard deaths contradict govt’s no-poaching claim, says HC - The Times of India
2026-05-09 00:20:53,505 | INFO | ML PREDICTION | PREDICTION=crime | CONFIDENCE=63.88 | TITLE=Uttarakhand activist seeks lifting of SC stay to revive CBI probe into Corbett tiger poaching - The New Indian Express
2026-05-09 00:20:53,594 | INFO | SEMANTIC SCORE | SCORE=40.25 | TITLE=Uttarakhand activist seeks lifting of SC stay to revive CBI probe into Corbett tiger poaching - The New Indian Express
2026-05-09 00:20:53,595 | WARNING | ARTICLE REJECTED | REASON=Low confidence | TITLE=Uttarakhand activist seeks lifting of SC stay to revive CBI probe into Corbett tiger poaching - The New Indian Express
2026-05-09 00:20:56,002 | INFO | ML PREDICTION | PREDICTION=crime | CONFIDENCE=81.07 | TITLE=SC seeks Centre's response on plea alleging organised tiger poaching in Madhya Pradesh, Maharashtra - ANI News
2026-05-09 00:20:56,053 | INFO | SEMANTIC SCORE | SCORE=41.91 | TITLE=SC seeks Centre's response on plea alleging organised tiger poaching in Madhya Pradesh, Maharashtra - ANI News
2026-05-09 00:21:08,040 | INFO | DATABASE SAVE | INCIDENT=CLUSTER-20260509002107
2026-05-09 00:21:08,040 | INFO | ARTICLE ACCEPTED | CONFIDENCE=62.11 | TITLE=SC seeks Centre's response on plea alleging organised tiger poaching in Madhya Pradesh, Maharashtra - ANI News
2026-05-09 00:21:12,237 | INFO | ML PREDICTION | PREDICTION=crime | CONFIDENCE=85.68 | TITLE=Chhattisgarh HC takes cognizance of illegal tiger poaching in Revti Forest | SCC Times - SCC Online
2026-05-09 00:21:12,294 | INFO | SEMANTIC SCORE | SCORE=53.96 | TITLE=Chhattisgarh HC takes cognizance of illegal tiger poaching in Revti Forest | SCC Times - SCC Online
2026-05-09 00:21:25,867 | INFO | DATABASE SAVE | INCIDENT=CLUSTER-20260509002125
2026-05-09 00:21:25,867 | INFO | ARTICLE ACCEPTED | CONFIDENCE=68.03 | TITLE=Chhattisgarh HC takes cognizance of illegal tiger poaching in Revti Forest | SCC Times - SCC Online
2026-05-09 00:21:30,105 | WARNING | ARTICLE REJECTED | REASON=Validated | TITLE=Internat’l tiger poacher ‘Kalla Bawriya’ gets 4 years in jail - The Times of India
2026-05-09 00:21:33,047 | WARNING | ARTICLE REJECTED | REASON=Validated | TITLE=Radio-collared tiger poached, MP forest staff blame it on tech glitch due to Iran war - The Tribune
2026-05-09 00:21:34,821 | INFO | ML PREDICTION | PREDICTION=crime | CONFIDENCE=58.82 | TITLE=Activist urges Supreme Court to revive stalled 2016 Corbett poaching probe - India Today
2026-05-09 00:21:34,870 | INFO | SEMANTIC SCORE | SCORE=35.45 | TITLE=Activist urges Supreme Court to revive stalled 2016 Corbett poaching probe - India Today
2026-05-09 00:21:34,870 | WARNING | ARTICLE REJECTED | REASON=Low confidence | TITLE=Activist urges Supreme Court to revive stalled 2016 Corbett poaching probe - India Today
2026-05-09 00:21:37,877 | WARNING | ARTICLE REJECTED | REASON=Validated | TITLE=Ignoring own orders, Supreme Court has kept case in limbo since 2018 - The Times of India
2026-05-09 00:21:40,961 | WARNING | ARTICLE REJECTED | REASON=Validated | TITLE=International tiger trafficker held by M.P. tiger strike force from Sikkim - The Hindu
2026-05-09 00:21:42,912 | INFO | ML PREDICTION | PREDICTION=crime | CONFIDENCE=58.13 | TITLE=SC Corbett Poaching Case: Notice to Centre, Uttarakhand - Deccan Herald
2026-05-09 00:21:42,987 | INFO | SEMANTIC SCORE | SCORE=59.11 | TITLE=SC Corbett Poaching Case: Notice to Centre, Uttarakhand - Deccan Herald
2026-05-09 00:21:42,988 | WARNING | ARTICLE REJECTED | REASON=Low confidence | TITLE=SC Corbett Poaching Case: Notice to Centre, Uttarakhand - Deccan Herald
2026-05-09 00:21:45,767 | INFO | ML PREDICTION | PREDICTION=crime | CONFIDENCE=86.35 | TITLE=Interpol alert on MP tiger poaching suspect; STSF first in Asia to secure RCN in environmental case - The Times of India
2026-05-09 00:21:45,829 | INFO | SEMANTIC SCORE | SCORE=46.12 | TITLE=Interpol alert on MP tiger poaching suspect; STSF first in Asia to secure RCN in environmental case - The Times of India
2026-05-09 00:21:57,875 | INFO | DATABASE SAVE | INCIDENT=CLUSTER-20260509002157
2026-05-09 00:21:57,875 | INFO | ARTICLE ACCEPTED | CONFIDENCE=66.01 | TITLE=Interpol alert on MP tiger poaching suspect; STSF first in Asia to secure RCN in environmental case - The Times of India
2026-05-09 00:22:02,765 | INFO | ML PREDICTION | PREDICTION=crime | CONFIDENCE=86.29 | TITLE='Bone glue' craze driving tiger poaching in central India; MP poacher arrested - The Times of India
2026-05-09 00:22:02,837 | INFO | SEMANTIC SCORE | SCORE=56.72 | TITLE='Bone glue' craze driving tiger poaching in central India; MP poacher arrested - The Times of India
2026-05-09 00:22:05,667 | WARNING | ARTICLE REJECTED | REASON=Duplicate article | TITLE='Bone glue' craze driving tiger poaching in central India; MP poacher arrested - The Times of India
2026-05-09 00:22:07,953 | INFO | ML PREDICTION | PREDICTION=crime | CONFIDENCE=80.42 | TITLE=Bones seized from poachers show 3 tigers killed in MP-Raj corridor - The Times of India
2026-05-09 00:22:08,022 | INFO | SEMANTIC SCORE | SCORE=55.11 | TITLE=Bones seized from poachers show 3 tigers killed in MP-Raj corridor - The Times of India
2026-05-09 00:22:10,751 | WARNING | ARTICLE REJECTED | REASON=Duplicate article | TITLE=Bones seized from poachers show 3 tigers killed in MP-Raj corridor - The Times of India
2026-05-09 00:22:13,801 | INFO | ML PREDICTION | PREDICTION=crime | CONFIDENCE=68.5 | TITLE=Interpol issues Red Corner notice to international tiger smuggler for illegal poaching in Madhya Pradesh - The New Indian Express
2026-05-09 00:22:13,857 | INFO | SEMANTIC SCORE | SCORE=34.46 | TITLE=Interpol issues Red Corner notice to international tiger smuggler for illegal poaching in Madhya Pradesh - The New Indian Express
2026-05-09 00:22:13,857 | WARNING | ARTICLE REJECTED | REASON=Low confidence | TITLE=Interpol issues Red Corner notice to international tiger smuggler for illegal poaching in Madhya Pradesh - The New Indian Express
2026-05-09 00:22:16,189 | WARNING | ARTICLE REJECTED | REASON=Validated | TITLE=How the Tiger Became an Indian National Symbol - New Lines Magazine
2026-05-09 00:22:19,445 | WARNING | ARTICLE REJECTED | REASON=Validated | TITLE=Spike in tiger deaths puts Madhya Pradesh government in the dock - The Sunday Guardian
2026-05-09 00:22:22,331 | WARNING | ARTICLE REJECTED | REASON=Validated | TITLE=How Anil Mistry Went From Poacher to Saving 70 Tigers in Sundarbans - The Better India
2026-05-09 00:22:25,468 | INFO | ML PREDICTION | PREDICTION=crime | CONFIDENCE=62.55 | TITLE=Inside India’s biggest tiger poaching syndicate: 100+ big cats killed, digital payments tracked - Moneycontrol.com
2026-05-09 00:22:25,573 | INFO | SEMANTIC SCORE | SCORE=53.34 | TITLE=Inside India’s biggest tiger poaching syndicate: 100+ big cats killed, digital payments tracked - Moneycontrol.com
2026-05-09 00:22:25,574 | WARNING | ARTICLE REJECTED | REASON=Low confidence | TITLE=Inside India’s biggest tiger poaching syndicate: 100+ big cats killed, digital payments tracked - Moneycontrol.com
2026-05-09 00:22:28,439 | INFO | ML PREDICTION | PREDICTION=crime | CONFIDENCE=66.35 | TITLE=Ranthambore poaching alarm: Bones of three tigers recovered, DNA tests underway - Telegraph India
2026-05-09 00:22:28,519 | INFO | SEMANTIC SCORE | SCORE=48.21 | TITLE=Ranthambore poaching alarm: Bones of three tigers recovered, DNA tests underway - Telegraph India
2026-05-09 00:22:28,519 | WARNING | ARTICLE REJECTED | REASON=Low confidence | TITLE=Ranthambore poaching alarm: Bones of three tigers recovered, DNA tests underway - Telegraph India
2026-05-09 00:22:32,186 | INFO | ML PREDICTION | PREDICTION=crime | CONFIDENCE=65.68 | TITLE=Half of tiger carcass found in Karnataka's MM Hills Wildlife Sanctuary, poaching suspected - The New Indian Express
2026-05-09 00:22:32,238 | INFO | SEMANTIC SCORE | SCORE=60.03 | TITLE=Half of tiger carcass found in Karnataka's MM Hills Wildlife Sanctuary, poaching suspected - The New Indian Express
2026-05-09 00:22:32,239 | WARNING | ARTICLE REJECTED | REASON=Low confidence | TITLE=Half of tiger carcass found in Karnataka's MM Hills Wildlife Sanctuary, poaching suspected - The New Indian Express
2026-05-09 00:22:36,013 | INFO | ML PREDICTION | PREDICTION=crime | CONFIDENCE=88.66 | TITLE=Six sentenced to three years imprisonment in tiger poaching case - The Hindu
2026-05-09 00:22:36,072 | INFO | SEMANTIC SCORE | SCORE=56.83 | TITLE=Six sentenced to three years imprisonment in tiger poaching case - The Hindu
2026-05-09 00:22:47,735 | INFO | DATABASE SAVE | INCIDENT=CLUSTER-20260509002247
2026-05-09 00:22:47,735 | INFO | ARTICLE ACCEPTED | CONFIDENCE=70.38 | TITLE=Six sentenced to three years imprisonment in tiger poaching case - The Hindu
2026-05-09 00:22:51,696 | INFO | ML PREDICTION | PREDICTION=crime | CONFIDENCE=70.67 | TITLE=Tiger poaching network, that spread from west to east India, busted - Mongabay-India
2026-05-09 00:22:51,797 | INFO | SEMANTIC SCORE | SCORE=52.43 | TITLE=Tiger poaching network, that spread from west to east India, busted - Mongabay-India
2026-05-09 00:22:55,078 | WARNING | ARTICLE REJECTED | REASON=Duplicate article | TITLE=Tiger poaching network, that spread from west to east India, busted - Mongabay-India
2026-05-09 00:22:57,575 | INFO | ML PREDICTION | PREDICTION=crime | CONFIDENCE=67.41 | TITLE=Poaching threats rise in Ranthambore after recovery of bones of three tigers - The New Indian Express
2026-05-09 00:22:57,679 | INFO | SEMANTIC SCORE | SCORE=50.89 | TITLE=Poaching threats rise in Ranthambore after recovery of bones of three tigers - The New Indian Express
2026-05-09 00:22:57,680 | WARNING | ARTICLE REJECTED | REASON=Low confidence | TITLE=Poaching threats rise in Ranthambore after recovery of bones of three tigers - The New Indian Express
2026-05-09 00:23:00,801 | INFO | ML PREDICTION | PREDICTION=crime | CONFIDENCE=77.27 | TITLE=Tiger Poaching Strikes Karnataka’s MM Hills Sanctuary Again: Minister Orders High-Level Probe - News18
2026-05-09 00:23:00,928 | INFO | SEMANTIC SCORE | SCORE=55.16 | TITLE=Tiger Poaching Strikes Karnataka’s MM Hills Sanctuary Again: Minister Orders High-Level Probe - News18
2026-05-09 00:23:14,796 | INFO | DATABASE SAVE | INCIDENT=CLUSTER-20260509002314
2026-05-09 00:23:14,796 | INFO | ARTICLE ACCEPTED | CONFIDENCE=64.18 | TITLE=Tiger Poaching Strikes Karnataka’s MM Hills Sanctuary Again: Minister Orders High-Level Probe - News18
2026-05-09 00:23:19,067 | WARNING | ARTICLE REJECTED | REASON=Validated | TITLE=36th tiger dies in Madhya Pradesh this year, putting the heat on forest staff - The Indian Express
2026-05-09 00:23:22,402 | INFO | ML PREDICTION | PREDICTION=crime | CONFIDENCE=73.43 | TITLE=Black tiger skin seized in Similipal - The Hans India
2026-05-09 00:23:22,525 | INFO | SEMANTIC SCORE | SCORE=55.52 | TITLE=Black tiger skin seized in Similipal - The Hans India
2026-05-09 00:23:34,956 | INFO | DATABASE SAVE | INCIDENT=CLUSTER-20260509002334
2026-05-09 00:23:34,957 | INFO | ARTICLE ACCEPTED | CONFIDENCE=62.37 | TITLE=Black tiger skin seized in Similipal - The Hans India
2026-05-09 00:23:39,089 | WARNING | ARTICLE REJECTED | REASON=Validated | TITLE=Big cat, big loss: In 4 years, Maharashtra has lost 142 tigers, 537 leopards, reveals RTI query - The Times of India
2026-05-09 00:23:43,651 | WARNING | ARTICLE REJECTED | REASON=Validated | TITLE=India loses 166 tigers in 2025, forty more than previous year; MP accounts for 55 deaths - The Economic Times
2026-05-09 00:23:48,027 | WARNING | ARTICLE REJECTED | REASON=Validated | TITLE=Poisoned, buried, covered up: Tigress death sparks outrage in MP - Down To Earth
2026-05-09 00:23:51,834 | INFO | ML PREDICTION | PREDICTION=crime | CONFIDENCE=98.25 | TITLE=Concerns over poaching in Ranthambore Tiger Reserve grow after bones of three tigers found - ThePrint
2026-05-09 00:23:51,953 | INFO | SEMANTIC SCORE | SCORE=49.17 | TITLE=Concerns over poaching in Ranthambore Tiger Reserve grow after bones of three tigers found - ThePrint
2026-05-09 00:24:13,887 | INFO | DATABASE SAVE | INCIDENT=CLUSTER-20260509002413
2026-05-09 00:24:13,888 | INFO | ARTICLE ACCEPTED | CONFIDENCE=72.88 | TITLE=Concerns over poaching in Ranthambore Tiger Reserve grow after bones of three tigers found - ThePrint
2026-05-09 00:24:17,537 | INFO | ML PREDICTION | PREDICTION=crime | CONFIDENCE=78.62 | TITLE=“Very Serious”: Chhattisgarh High Court Takes Suo-Motu Cognizance of Alleged Tiger Poaching After... - Live Law
2026-05-09 00:24:17,677 | INFO | SEMANTIC SCORE | SCORE=53.8 | TITLE=“Very Serious”: Chhattisgarh High Court Takes Suo-Motu Cognizance of Alleged Tiger Poaching After... - Live Law
2026-05-09 00:24:31,004 | INFO | DATABASE SAVE | INCIDENT=POA-CHH-20260509
2026-05-09 00:24:31,004 | INFO | ARTICLE ACCEPTED | CONFIDENCE=64.45 | TITLE=“Very Serious”: Chhattisgarh High Court Takes Suo-Motu Cognizance of Alleged Tiger Poaching After... - Live Law
2026-05-09 00:24:35,049 | INFO | ML PREDICTION | PREDICTION=crime | CONFIDENCE=72.75 | TITLE=Why Are Tigers Dying in MP? High Court Acts After 54 Deaths Spark Poaching and Safety Concerns - Indianmasterminds
2026-05-09 00:24:35,139 | INFO | SEMANTIC SCORE | SCORE=44.76 | TITLE=Why Are Tigers Dying in MP? High Court Acts After 54 Deaths Spark Poaching and Safety Concerns - Indianmasterminds
2026-05-09 00:24:35,140 | WARNING | ARTICLE REJECTED | REASON=Low confidence | TITLE=Why Are Tigers Dying in MP? High Court Acts After 54 Deaths Spark Poaching and Safety Concerns - Indianmasterminds
2026-05-09 00:24:38,187 | INFO | ML PREDICTION | PREDICTION=crime | CONFIDENCE=89.82 | TITLE=MP: 5 held in Umaria tiger poaching, electrocution trap used​ - english.punjabkesari.com
2026-05-09 00:24:38,251 | INFO | SEMANTIC SCORE | SCORE=47.34 | TITLE=MP: 5 held in Umaria tiger poaching, electrocution trap used​ - english.punjabkesari.com
2026-05-09 00:24:53,106 | INFO | DATABASE SAVE | INCIDENT=CLUSTER-20260509002453
2026-05-09 00:24:53,107 | INFO | ARTICLE ACCEPTED | CONFIDENCE=68.11 | TITLE=MP: 5 held in Umaria tiger poaching, electrocution trap used​ - english.punjabkesari.com
2026-05-09 00:24:56,199 | WARNING | ARTICLE REJECTED | REASON=Validated | TITLE=Three poached tigers traced to R’bore, DNA matching awaited - The Times of India
2026-05-09 00:24:59,269 | WARNING | ARTICLE REJECTED | REASON=Validated | TITLE=The heroes who saved the world's last tigers - National Geographic
2026-05-09 00:25:02,111 | WARNING | ARTICLE REJECTED | REASON=Validated | TITLE=NDTV Exclusive: Mystery Deaths In Satpura Tiger Reserve, Letter Points To Lapses - NDTV
2026-05-09 00:25:05,002 | WARNING | ARTICLE REJECTED | REASON=Validated | TITLE=Big cats in danger: Karnataka has lost 82 tigers in last five years - Bangalore Mirror
2026-05-09 00:25:07,781 | INFO | ML PREDICTION | PREDICTION=other | CONFIDENCE=51.01 | TITLE=How India Is Using AI to Stop Poaching: 5 Tech Initiatives Protecting Wildlife - The Better India
2026-05-09 00:25:07,844 | INFO | SEMANTIC SCORE | SCORE=44.32 | TITLE=How India Is Using AI to Stop Poaching: 5 Tech Initiatives Protecting Wildlife - The Better India
2026-05-09 00:25:07,844 | WARNING | ARTICLE REJECTED | REASON=Low confidence | TITLE=How India Is Using AI to Stop Poaching: 5 Tech Initiatives Protecting Wildlife - The Better India
2026-05-09 00:25:12,810 | INFO | ML PREDICTION | PREDICTION=crime | CONFIDENCE=81.44 | TITLE=India becoming global tiger poaching hotspot - DW.com
2026-05-09 00:25:12,875 | INFO | SEMANTIC SCORE | SCORE=49.8 | TITLE=India becoming global tiger poaching hotspot - DW.com
2026-05-09 00:25:15,775 | WARNING | ARTICLE REJECTED | REASON=Duplicate article | TITLE=India becoming global tiger poaching hotspot - DW.com
2026-05-09 00:25:18,263 | WARNING | ARTICLE REJECTED | REASON=Validated | TITLE=As Asian Luxury Market Grows, A Surge in Tiger Killings in India - Yale E360
2026-05-09 00:25:20,875 | WARNING | ARTICLE REJECTED | REASON=Validated | TITLE=Tiger Deaths And Releases Spark Tension Across India - Evrim Ağacı
2026-05-09 00:25:24,022 | INFO | ML PREDICTION | PREDICTION=crime | CONFIDENCE=69.23 | TITLE=Rare Black Tiger Poached in Similipal; 12 Arrested, Mastermind Free - Asianet Newsable
2026-05-09 00:25:24,094 | INFO | SEMANTIC SCORE | SCORE=51.35 | TITLE=Rare Black Tiger Poached in Similipal; 12 Arrested, Mastermind Free - Asianet Newsable
2026-05-09 00:25:24,095 | WARNING | ARTICLE REJECTED | REASON=Low confidence | TITLE=Rare Black Tiger Poached in Similipal; 12 Arrested, Mastermind Free - Asianet Newsable
2026-05-09 00:25:27,244 | WARNING | ARTICLE REJECTED | REASON=Validated | TITLE=India’s tiger numbers are bouncing back - Nature
2026-05-09 00:25:30,509 | WARNING | ARTICLE REJECTED | REASON=Validated | TITLE=India’s Hidden Tiger Poachers - Roads & Kingdoms
2026-05-09 00:25:32,566 | WARNING | ARTICLE REJECTED | REASON=Validated | TITLE=Can big data save the last of India’s wild tigers? - ensia.com
2026-05-09 00:25:34,602 | WARNING | ARTICLE REJECTED | REASON=Validated | TITLE=Interpol praises MP Tiger Force’s efforts: International wildlife trafficker Tashi Sherpa gets 5-year sente... - Bhaskar English
2026-05-09 00:25:37,758 | WARNING | ARTICLE REJECTED | REASON=Validated | TITLE=IFS Satyam Kumar: The Officer Who Took on Ivory Traffickers and Tiger Poachers Across Jharkhand - Indianmasterminds
2026-05-09 00:25:41,032 | INFO | ML PREDICTION | PREDICTION=crime | CONFIDENCE=77.16 | TITLE=Poaching by organised gangs down, but ‘accidental’ deaths persist - The Times of India
2026-05-09 00:25:41,084 | INFO | SEMANTIC SCORE | SCORE=39.28 | TITLE=Poaching by organised gangs down, but ‘accidental’ deaths persist - The Times of India
2026-05-09 00:25:43,945 | WARNING | ARTICLE REJECTED | REASON=Duplicate article | TITLE=Poaching by organised gangs down, but ‘accidental’ deaths persist - The Times of India
2026-05-09 00:25:47,960 | INFO | ML PREDICTION | PREDICTION=crime | CONFIDENCE=88.6 | TITLE=MP: 5 held in Umaria tiger poaching, electrocution trap used​ - Social News XYZ
2026-05-09 00:25:48,025 | INFO | SEMANTIC SCORE | SCORE=37.71 | TITLE=MP: 5 held in Umaria tiger poaching, electrocution trap used​ - Social News XYZ
2026-05-09 00:25:51,403 | WARNING | ARTICLE REJECTED | REASON=Duplicate article | TITLE=MP: 5 held in Umaria tiger poaching, electrocution trap used​ - Social News XYZ
2026-05-09 00:25:54,825 | WARNING | ARTICLE REJECTED | REASON=Validated | TITLE=How tiger poachers are dabbling in a dangerous game of drugs - The Federal
2026-05-09 00:25:57,078 | INFO | ML PREDICTION | PREDICTION=crime | CONFIDENCE=77.01 | TITLE=Maharashtra to involve central probe agencies to curb tiger poaching - The Hindu
2026-05-09 00:25:57,123 | INFO | SEMANTIC SCORE | SCORE=49.74 | TITLE=Maharashtra to involve central probe agencies to curb tiger poaching - The Hindu
2026-05-09 00:26:09,103 | INFO | DATABASE SAVE | INCIDENT=CLUSTER-20260509002609
2026-05-09 00:26:09,103 | INFO | ARTICLE ACCEPTED | CONFIDENCE=62.43 | TITLE=Maharashtra to involve central probe agencies to curb tiger poaching - The Hindu
2026-05-09 00:26:13,086 | INFO | ML PREDICTION | PREDICTION=crime | CONFIDENCE=81.0 | TITLE=Chargesheet filed in Rajura tiger poaching case, probe reveals international smuggling network - The Times of India
2026-05-09 00:26:13,141 | INFO | SEMANTIC SCORE | SCORE=48.7 | TITLE=Chargesheet filed in Rajura tiger poaching case, probe reveals international smuggling network - The Times of India
2026-05-09 00:26:41,681 | INFO | DATABASE SAVE | INCIDENT=POA-EAS-20260509
2026-05-09 00:26:41,681 | INFO | ARTICLE ACCEPTED | CONFIDENCE=77.11 | TITLE=Chargesheet filed in Rajura tiger poaching case, probe reveals international smuggling network - The Times of India
2026-05-09 00:26:46,710 | WARNING | ARTICLE REJECTED | REASON=Validated | TITLE=Indian state OKs shooting tiger poachers on sight - Panda.org
2026-05-09 00:26:49,749 | INFO | ML PREDICTION | PREDICTION=crime | CONFIDENCE=89.44 | TITLE=Tiger deaths decline in India by 37% in 2024, poaching cases drop significantly: NTCA finding - The Times of India
2026-05-09 00:26:49,879 | INFO | SEMANTIC SCORE | SCORE=48.69 | TITLE=Tiger deaths decline in India by 37% in 2024, poaching cases drop significantly: NTCA finding - The Times of India
2026-05-09 00:26:57,622 | WARNING | ARTICLE REJECTED | REASON=Duplicate article | TITLE=Tiger deaths decline in India by 37% in 2024, poaching cases drop significantly: NTCA finding - The Times of India
2026-05-09 00:27:04,087 | WARNING | ARTICLE REJECTED | REASON=Validated | TITLE=UPSC Editorial Analysis: Reviving the Tiger’s Prey Base - INSIGHTS IAS
2026-05-09 00:27:09,689 | INFO | ML PREDICTION | PREDICTION=crime | CONFIDENCE=69.33 | TITLE=3 years, 100 tigers killed & counting: new-age poaching mafia taps tech, digital payments, hawala networks - The Indian Express
2026-05-09 00:27:09,859 | INFO | SEMANTIC SCORE | SCORE=43.79 | TITLE=3 years, 100 tigers killed & counting: new-age poaching mafia taps tech, digital payments, hawala networks - The Indian Express
2026-05-09 00:27:09,860 | WARNING | ARTICLE REJECTED | REASON=Low confidence | TITLE=3 years, 100 tigers killed & counting: new-age poaching mafia taps tech, digital payments, hawala networks - The Indian Express
2026-05-09 00:27:15,082 | INFO | ML PREDICTION | PREDICTION=crime | CONFIDENCE=60.72 | TITLE=Over 100 tigers poached in 5 yrs bygangs linked to intl smuggling rings - The Times of India
2026-05-09 00:27:15,255 | INFO | SEMANTIC SCORE | SCORE=43.02 | TITLE=Over 100 tigers poached in 5 yrs bygangs linked to intl smuggling rings - The Times of India
2026-05-09 00:27:15,257 | WARNING | ARTICLE REJECTED | REASON=Low confidence | TITLE=Over 100 tigers poached in 5 yrs bygangs linked to intl smuggling rings - The Times of India
2026-05-09 00:27:20,127 | INFO | ML PREDICTION | PREDICTION=crime | CONFIDENCE=67.85 | TITLE=How the return of poaching threatens India’s tiger success story - The Independent
2026-05-09 00:27:20,259 | INFO | SEMANTIC SCORE | SCORE=45.03 | TITLE=How the return of poaching threatens India’s tiger success story - The Independent
2026-05-09 00:27:20,260 | WARNING | ARTICLE REJECTED | REASON=Low confidence | TITLE=How the return of poaching threatens India’s tiger success story - The Independent
2026-05-09 00:27:25,205 | WARNING | ARTICLE REJECTED | REASON=Validated | TITLE=Shocker in wild: Poachers admit to killing two tigers in Balaghat - The Times of India
2026-05-09 00:27:29,015 | INFO | ML PREDICTION | PREDICTION=crime | CONFIDENCE=80.89 | TITLE=Major tiger poaching gang from Haryana busted in G’chiroli, 11 held - The Times of India
2026-05-09 00:27:29,165 | INFO | SEMANTIC SCORE | SCORE=64.46 | TITLE=Major tiger poaching gang from Haryana busted in G’chiroli, 11 held - The Times of India
2026-05-09 00:27:38,653 | WARNING | ARTICLE REJECTED | REASON=Duplicate article | TITLE=Major tiger poaching gang from Haryana busted in G’chiroli, 11 held - The Times of India
2026-05-09 00:27:45,231 | WARNING | ARTICLE REJECTED | REASON=Validated | TITLE=India’s successful Project Tiger could do even better, say experts - Dialogue Earth
2026-05-09 00:27:51,081 | WARNING | ARTICLE REJECTED | REASON=Validated | TITLE=More tigers poached in India so far this year than in 2015 - The Guardian
2026-05-09 00:27:53,766 | INFO | ML PREDICTION | PREDICTION=crime | CONFIDENCE=72.36 | TITLE='Tigers were butchered, skinned, and smuggled out of country': Forensic probe uncovers global poaching ra - The Times of India
2026-05-09 00:27:53,935 | INFO | SEMANTIC SCORE | SCORE=55.22 | TITLE='Tigers were butchered, skinned, and smuggled out of country': Forensic probe uncovers global poaching ra - The Times of India
2026-05-09 00:28:00,868 | WARNING | ARTICLE REJECTED | REASON=Duplicate article | TITLE='Tigers were butchered, skinned, and smuggled out of country': Forensic probe uncovers global poaching ra - The Times of India
2026-05-09 00:28:05,549 | INFO | ML PREDICTION | PREDICTION=crime | CONFIDENCE=70.0 | TITLE=Poaching gang confesses to killing 2 tigers in Madhya Pradesh, STSF launches probe - The Times of India
2026-05-09 00:28:05,736 | INFO | SEMANTIC SCORE | SCORE=57.38 | TITLE=Poaching gang confesses to killing 2 tigers in Madhya Pradesh, STSF launches probe - The Times of India
2026-05-09 00:28:39,535 | INFO | DATABASE SAVE | INCIDENT=CLUSTER-20260509002839
2026-05-09 00:28:39,536 | INFO | ARTICLE ACCEPTED | CONFIDENCE=65.21 | TITLE=Poaching gang confesses to killing 2 tigers in Madhya Pradesh, STSF launches probe - The Times of India
2026-05-09 00:28:43,548 | INFO | ML PREDICTION | PREDICTION=crime | CONFIDENCE=95.1 | TITLE=Mapping areas most vulnerable to poaching and trafficking of tigers | Janaki Lenin - The Guardian
2026-05-09 00:28:43,694 | INFO | SEMANTIC SCORE | SCORE=47.4 | TITLE=Mapping areas most vulnerable to poaching and trafficking of tigers | Janaki Lenin - The Guardian
2026-05-09 00:28:55,969 | INFO | DATABASE SAVE | INCIDENT=CLUSTER-20260509002855
2026-05-09 00:28:55,969 | INFO | ARTICLE ACCEPTED | CONFIDENCE=74.77 | TITLE=Mapping areas most vulnerable to poaching and trafficking of tigers | Janaki Lenin - The Guardian
2026-05-09 00:29:01,128 | INFO | ML PREDICTION | PREDICTION=crime | CONFIDENCE=80.66 | TITLE=India’s tiger boom at risk: Trafficking resurges amid soaring demand for tiger bones in China & Vietnam - The Economic Times
2026-05-09 00:29:01,264 | INFO | SEMANTIC SCORE | SCORE=49.72 | TITLE=India’s tiger boom at risk: Trafficking resurges amid soaring demand for tiger bones in China & Vietnam - The Economic Times
2026-05-09 00:29:15,423 | INFO | DATABASE SAVE | INCIDENT=CLUSTER-20260509002915
2026-05-09 00:29:15,424 | INFO | ARTICLE ACCEPTED | CONFIDENCE=64.25 | TITLE=India’s tiger boom at risk: Trafficking resurges amid soaring demand for tiger bones in China & Vietnam - The Economic Times
2026-05-09 00:29:19,383 | INFO | ML PREDICTION | PREDICTION=crime | CONFIDENCE=72.24 | TITLE=Uttarakhand High Court warns of referring tiger poaching case to CBI - The Indian Express
2026-05-09 00:29:19,433 | INFO | SEMANTIC SCORE | SCORE=51.61 | TITLE=Uttarakhand High Court warns of referring tiger poaching case to CBI - The Indian Express
2026-05-09 00:29:35,989 | INFO | DATABASE SAVE | INCIDENT=CLUSTER-20260509002935
2026-05-09 00:29:35,989 | INFO | ARTICLE ACCEPTED | CONFIDENCE=60.6 | TITLE=Uttarakhand High Court warns of referring tiger poaching case to CBI - The Indian Express
2026-05-09 00:29:40,113 | INFO | ML PREDICTION | PREDICTION=crime | CONFIDENCE=76.36 | TITLE=Skin and Bones: Tiger Trafficking Analysis from January 2000–June 2022 - Wildlife Trade Report from TRAFFIC - Traffic.org
2026-05-09 00:29:40,195 | INFO | SEMANTIC SCORE | SCORE=55.77 | TITLE=Skin and Bones: Tiger Trafficking Analysis from January 2000–June 2022 - Wildlife Trade Report from TRAFFIC - Traffic.org
2026-05-09 00:29:54,987 | INFO | DATABASE SAVE | INCIDENT=CLUSTER-20260509002954
2026-05-09 00:29:54,987 | INFO | ARTICLE ACCEPTED | CONFIDENCE=63.91 | TITLE=Skin and Bones: Tiger Trafficking Analysis from January 2000–June 2022 - Wildlife Trade Report from TRAFFIC - Traffic.org
2026-05-09 00:30:02,631 | INFO | ML PREDICTION | PREDICTION=crime | CONFIDENCE=74.89 | TITLE=Woman wanted by Interpol for trafficking tiger parts arrested in India - BBC
2026-05-09 00:30:02,708 | INFO | SEMANTIC SCORE | SCORE=45.46 | TITLE=Woman wanted by Interpol for trafficking tiger parts arrested in India - BBC
2026-05-09 00:30:06,611 | WARNING | ARTICLE REJECTED | REASON=Duplicate article | TITLE=Woman wanted by Interpol for trafficking tiger parts arrested in India - BBC
2026-05-09 00:30:10,843 | INFO | ML PREDICTION | PREDICTION=crime | CONFIDENCE=73.34 | TITLE=Kerala: Forest officials bust wildlife trafficking gang trying to sell tiger skin, claws, teeth; 7 held - The Times of India
2026-05-09 00:30:10,949 | INFO | SEMANTIC SCORE | SCORE=60.94 | TITLE=Kerala: Forest officials bust wildlife trafficking gang trying to sell tiger skin, claws, teeth; 7 held - The Times of India
2026-05-09 00:30:14,735 | WARNING | ARTICLE REJECTED | REASON=Duplicate article | TITLE=Kerala: Forest officials bust wildlife trafficking gang trying to sell tiger skin, claws, teeth; 7 held - The Times of India
2026-05-09 00:30:18,556 | WARNING | ARTICLE REJECTED | REASON=Validated | TITLE=India arrests INTERPOL-wanted wildlife trafficker in Sikkim after coordinated chase - Telegraph India
2026-05-09 00:30:22,374 | INFO | ML PREDICTION | PREDICTION=other | CONFIDENCE=63.2 | TITLE=Decade-old case gets fresh life as woman at centre of India’s biggest wildlife trafficking operation is arrested - The Indian Express
2026-05-09 00:30:22,427 | INFO | SEMANTIC SCORE | SCORE=44.88 | TITLE=Decade-old case gets fresh life as woman at centre of India’s biggest wildlife trafficking operation is arrested - The Indian Express
2026-05-09 00:30:26,180 | WARNING | ARTICLE REJECTED | REASON=Duplicate article | TITLE=Decade-old case gets fresh life as woman at centre of India’s biggest wildlife trafficking operation is arrested - The Indian Express
2026-05-09 00:30:28,351 | WARNING | ARTICLE REJECTED | REASON=Validated | TITLE=NE border attracts MP, Maharashtra poachers - The New Indian Express
2026-05-09 00:30:31,880 | INFO | ML PREDICTION | PREDICTION=crime | CONFIDENCE=70.14 | TITLE=CBI court sentences six to two years’ jail in tiger, leopard parts smuggling case - The Hans India
2026-05-09 00:30:32,024 | INFO | SEMANTIC SCORE | SCORE=45.23 | TITLE=CBI court sentences six to two years’ jail in tiger, leopard parts smuggling case - The Hans India
2026-05-09 00:30:32,025 | WARNING | ARTICLE REJECTED | REASON=Low confidence | TITLE=CBI court sentences six to two years’ jail in tiger, leopard parts smuggling case - The Hans India
2026-05-09 00:30:35,259 | INFO | ML PREDICTION | PREDICTION=crime | CONFIDENCE=71.8 | TITLE=Bail Plea Withdrawn In Trans-Border Tiger Poaching Case As High Court Signals Rejection - The Times of India
2026-05-09 00:30:35,396 | INFO | SEMANTIC SCORE | SCORE=42.19 | TITLE=Bail Plea Withdrawn In Trans-Border Tiger Poaching Case As High Court Signals Rejection - The Times of India
2026-05-09 00:30:35,397 | WARNING | ARTICLE REJECTED | REASON=Low confidence | TITLE=Bail Plea Withdrawn In Trans-Border Tiger Poaching Case As High Court Signals Rejection - The Times of India
2026-05-09 00:30:38,271 | INFO | ML PREDICTION | PREDICTION=crime | CONFIDENCE=68.6 | TITLE=WCCB & MP Tiger Strike Force Joint Operation Arrested International Wildlife Trafficker in India After INTERPOL Red Notice Alert - Indianmasterminds
2026-05-09 00:30:38,387 | INFO | SEMANTIC SCORE | SCORE=60.09 | TITLE=WCCB & MP Tiger Strike Force Joint Operation Arrested International Wildlife Trafficker in India After INTERPOL Red Notice Alert - Indianmasterminds
2026-05-09 00:30:42,246 | WARNING | ARTICLE REJECTED | REASON=Duplicate article | TITLE=WCCB & MP Tiger Strike Force Joint Operation Arrested International Wildlife Trafficker in India After INTERPOL Red Notice Alert - Indianmasterminds
2026-05-09 00:30:45,326 | WARNING | ARTICLE REJECTED | REASON=Validated | TITLE=Interpol’s ‘Most Wanted’ Tiger Trafficker Finally Caged in India - streamlinefeed.co.ke
2026-05-09 00:30:47,897 | WARNING | ARTICLE REJECTED | REASON=Validated | TITLE=After 10-yr chase, wildlife sleuths nab the ‘ghost’ - The Times of India
2026-05-09 00:30:50,897 | INFO | ML PREDICTION | PREDICTION=crime | CONFIDENCE=76.36 | TITLE=Skin and Bones: Tiger Trafficking Analysis from January 2000–June 2022 - Wildlife Trade Report from TRAFFIC - Traffic.org
2026-05-09 00:30:50,948 | INFO | SEMANTIC SCORE | SCORE=55.77 | TITLE=Skin and Bones: Tiger Trafficking Analysis from January 2000–June 2022 - Wildlife Trade Report from TRAFFIC - Traffic.org
2026-05-09 00:30:54,680 | WARNING | ARTICLE REJECTED | REASON=Duplicate article | TITLE=Skin and Bones: Tiger Trafficking Analysis from January 2000–June 2022 - Wildlife Trade Report from TRAFFIC - Traffic.org
2026-05-09 00:30:56,903 | WARNING | ARTICLE REJECTED | REASON=Validated | TITLE=India’s endangered tigers are being sold in Myanmar for lust potions and dark myths - The Economic Times
2026-05-09 00:30:59,833 | INFO | ML PREDICTION | PREDICTION=crime | CONFIDENCE=76.09 | TITLE=Supreme Court seeks Centre’s response on plea for CBI probe into tiger poaching | India News - Hindustan Times
2026-05-09 00:31:00,037 | INFO | SEMANTIC SCORE | SCORE=32.28 | TITLE=Supreme Court seeks Centre’s response on plea for CBI probe into tiger poaching | India News - Hindustan Times
2026-05-09 00:31:00,038 | WARNING | ARTICLE REJECTED | REASON=Low confidence | TITLE=Supreme Court seeks Centre’s response on plea for CBI probe into tiger poaching | India News - Hindustan Times
2026-05-09 00:31:03,267 | INFO | ML PREDICTION | PREDICTION=crime | CONFIDENCE=81.44 | TITLE=India becoming global tiger poaching hotspot - DW.com
2026-05-09 00:31:03,335 | INFO | SEMANTIC SCORE | SCORE=49.8 | TITLE=India becoming global tiger poaching hotspot - DW.com
2026-05-09 00:31:07,227 | WARNING | ARTICLE REJECTED | REASON=Duplicate article | TITLE=India becoming global tiger poaching hotspot - DW.com
2026-05-09 00:31:09,610 | INFO | ML PREDICTION | PREDICTION=crime | CONFIDENCE=52.42 | TITLE=New report finds no slow down in tiger trafficking - WWF India
2026-05-09 00:31:09,698 | INFO | SEMANTIC SCORE | SCORE=43.31 | TITLE=New report finds no slow down in tiger trafficking - WWF India
2026-05-09 00:31:09,700 | WARNING | ARTICLE REJECTED | REASON=Low confidence | TITLE=New report finds no slow down in tiger trafficking - WWF India
2026-05-09 00:31:14,030 | INFO | ML PREDICTION | PREDICTION=other | CONFIDENCE=66.95 | TITLE=[Explainer] Why is India a major hub for wildlife trafficking? - Mongabay-India
2026-05-09 00:31:14,077 | INFO | SEMANTIC SCORE | SCORE=55.34 | TITLE=[Explainer] Why is India a major hub for wildlife trafficking? - Mongabay-India
2026-05-09 00:31:14,078 | WARNING | ARTICLE REJECTED | REASON=Low confidence | TITLE=[Explainer] Why is India a major hub for wildlife trafficking? - Mongabay-India
2026-05-09 00:31:17,722 | INFO | ML PREDICTION | PREDICTION=crime | CONFIDENCE=61.99 | TITLE=MP nabs Interpol-wanted tiger trafficker in midnight raid on Indo–China border after 10-year hunt - The Times of India
2026-05-09 00:31:17,777 | INFO | SEMANTIC SCORE | SCORE=43.89 | TITLE=MP nabs Interpol-wanted tiger trafficker in midnight raid on Indo–China border after 10-year hunt - The Times of India
2026-05-09 00:31:17,778 | WARNING | ARTICLE REJECTED | REASON=Low confidence | TITLE=MP nabs Interpol-wanted tiger trafficker in midnight raid on Indo–China border after 10-year hunt - The Times of India
2026-05-09 00:31:21,076 | WARNING | ARTICLE REJECTED | REASON=Validated | TITLE=Tigers facing new threats from evolving consumer demand - Traffic.org
2026-05-09 00:31:24,780 | INFO | ML PREDICTION | PREDICTION=crime | CONFIDENCE=80.66 | TITLE=India’s tiger boom at risk: Trafficking resurges amid soaring demand for tiger bones in China & Vietnam - The Economic Times
2026-05-09 00:31:24,889 | INFO | SEMANTIC SCORE | SCORE=49.72 | TITLE=India’s tiger boom at risk: Trafficking resurges amid soaring demand for tiger bones in China & Vietnam - The Economic Times
2026-05-09 00:31:29,009 | WARNING | ARTICLE REJECTED | REASON=Duplicate article | TITLE=India’s tiger boom at risk: Trafficking resurges amid soaring demand for tiger bones in China & Vietnam - The Economic Times
2026-05-09 00:31:33,292 | INFO | ML PREDICTION | PREDICTION=crime | CONFIDENCE=86.35 | TITLE=Interpol alert on MP tiger poaching suspect; STSF first in Asia to secure RCN in environmental case - The Times of India
2026-05-09 00:31:33,381 | INFO | SEMANTIC SCORE | SCORE=46.12 | TITLE=Interpol alert on MP tiger poaching suspect; STSF first in Asia to secure RCN in environmental case - The Times of India
2026-05-09 00:31:37,195 | WARNING | ARTICLE REJECTED | REASON=Duplicate article | TITLE=Interpol alert on MP tiger poaching suspect; STSF first in Asia to secure RCN in environmental case - The Times of India
2026-05-09 00:31:40,699 | INFO | ML PREDICTION | PREDICTION=crime | CONFIDENCE=95.1 | TITLE=Mapping areas most vulnerable to poaching and trafficking of tigers | Janaki Lenin - The Guardian
2026-05-09 00:31:40,751 | INFO | SEMANTIC SCORE | SCORE=47.4 | TITLE=Mapping areas most vulnerable to poaching and trafficking of tigers | Janaki Lenin - The Guardian
2026-05-09 00:31:44,471 | WARNING | ARTICLE REJECTED | REASON=Duplicate article | TITLE=Mapping areas most vulnerable to poaching and trafficking of tigers | Janaki Lenin - The Guardian
2026-05-09 00:31:49,406 | INFO | ML PREDICTION | PREDICTION=other | CONFIDENCE=64.79 | TITLE=India’s Wildlife Trafficking Epidemic - The Diplomat – Asia-Pacific
2026-05-09 00:31:49,453 | INFO | SEMANTIC SCORE | SCORE=70.59 | TITLE=India’s Wildlife Trafficking Epidemic - The Diplomat – Asia-Pacific
2026-05-09 00:31:53,473 | WARNING | ARTICLE REJECTED | REASON=Duplicate article | TITLE=India’s Wildlife Trafficking Epidemic - The Diplomat – Asia-Pacific
2026-05-09 00:31:56,906 | WARNING | ARTICLE REJECTED | REASON=Validated | TITLE=International tiger trafficker held by M.P. tiger strike force from Sikkim - The Hindu
2026-05-09 00:32:01,088 | WARNING | ARTICLE REJECTED | REASON=Validated | TITLE=As Asian Luxury Market Grows, A Surge in Tiger Killings in India - Yale E360
2026-05-09 00:32:04,156 | WARNING | ARTICLE REJECTED | REASON=Validated | TITLE=Skin and bones: Unresolved - Wildlife Trade Report from TRAFFIC - Traffic.org
2026-05-09 00:32:07,847 | WARNING | ARTICLE REJECTED | REASON=Validated | TITLE=TRAINING OF WILDLIFE LAW ENFORCEMENT IS CRITICAL TO PROTECT DUDHWA TIGER RESERVE - WWF India
2026-05-09 00:32:10,538 | INFO | ML PREDICTION | PREDICTION=crime | CONFIDENCE=59.19 | TITLE=New report finds no slow down in tiger trafficking - Panda.org
2026-05-09 00:32:10,589 | INFO | SEMANTIC SCORE | SCORE=44.62 | TITLE=New report finds no slow down in tiger trafficking - Panda.org
2026-05-09 00:32:10,590 | WARNING | ARTICLE REJECTED | REASON=Low confidence | TITLE=New report finds no slow down in tiger trafficking - Panda.org
2026-05-09 00:32:13,648 | INFO | ML PREDICTION | PREDICTION=crime | CONFIDENCE=81.0 | TITLE=Chargesheet filed in Rajura tiger poaching case, probe reveals international smuggling network - The Times of India
2026-05-09 00:32:13,700 | INFO | SEMANTIC SCORE | SCORE=48.7 | TITLE=Chargesheet filed in Rajura tiger poaching case, probe reveals international smuggling network - The Times of India
2026-05-09 00:32:17,411 | WARNING | ARTICLE REJECTED | REASON=Duplicate article | TITLE=Chargesheet filed in Rajura tiger poaching case, probe reveals international smuggling network - The Times of India
2026-05-11 08:15:28,835 | INFO | WILDLIFE AI SYSTEM STARTED
2026-05-11 08:15:35,403 | INFO | ML PREDICTION | PREDICTION=crime | CONFIDENCE=50.46 | TITLE=Why NCRB Data Understates Wildlife Crime in India - Frontline Magazine
2026-05-11 08:15:35,507 | INFO | SEMANTIC SCORE | SCORE=56.1 | TITLE=Why NCRB Data Understates Wildlife Crime in India - Frontline Magazine
2026-05-11 08:15:35,508 | WARNING | ARTICLE REJECTED | REASON=Low confidence | TITLE=Why NCRB Data Understates Wildlife Crime in India - Frontline Magazine
2026-05-11 08:15:37,582 | INFO | ML PREDICTION | PREDICTION=other | CONFIDENCE=58.75 | TITLE=Rajasthan strengthens wildlife law enforcement, organises training for forest officials at Ranthambore - WWF India
2026-05-11 08:15:37,661 | INFO | SEMANTIC SCORE | SCORE=49.04 | TITLE=Rajasthan strengthens wildlife law enforcement, organises training for forest officials at Ranthambore - WWF India
2026-05-11 08:15:37,662 | WARNING | ARTICLE REJECTED | REASON=Low confidence | TITLE=Rajasthan strengthens wildlife law enforcement, organises training for forest officials at Ranthambore - WWF India
2026-05-11 08:15:39,461 | INFO | ML PREDICTION | PREDICTION=other | CONFIDENCE=53.1 | TITLE=Brazil police seize devices from bird expert in trafficking probe linked to Vantara zoo - news - Mongabay
2026-05-11 08:15:39,518 | INFO | SEMANTIC SCORE | SCORE=48.29 | TITLE=Brazil police seize devices from bird expert in trafficking probe linked to Vantara zoo - news - Mongabay
2026-05-11 08:15:39,519 | WARNING | ARTICLE REJECTED | REASON=Low confidence | TITLE=Brazil police seize devices from bird expert in trafficking probe linked to Vantara zoo - news - Mongabay
2026-05-11 08:15:41,731 | WARNING | ARTICLE REJECTED | REASON=Validation failure | TITLE=Workshop in Bagdogra Targets Wildlife Trafficking - Arunachal24
2026-05-11 08:15:43,861 | INFO | ML PREDICTION | PREDICTION=crime | CONFIDENCE=62.68 | TITLE=First CBI Prosecuted Wildlife Crime Case in India - usthadian.com
2026-05-11 08:15:43,913 | INFO | SEMANTIC SCORE | SCORE=62.72 | TITLE=First CBI Prosecuted Wildlife Crime Case in India - usthadian.com
2026-05-11 08:15:43,913 | WARNING | ARTICLE REJECTED | REASON=Low confidence | TITLE=First CBI Prosecuted Wildlife Crime Case in India - usthadian.com
2026-05-11 08:15:46,196 | INFO | ML PREDICTION | PREDICTION=other | CONFIDENCE=58.21 | TITLE=Shift of wildlife trafficking to the North East–Myanmar corridor - INSIGHTS IAS
2026-05-11 08:15:46,301 | INFO | SEMANTIC SCORE | SCORE=74.97 | TITLE=Shift of wildlife trafficking to the North East–Myanmar corridor - INSIGHTS IAS
2026-05-11 08:15:50,329 | WARNING | ARTICLE REJECTED | REASON=Duplicate article | TITLE=Shift of wildlife trafficking to the North East–Myanmar corridor - INSIGHTS IAS
2026-05-11 08:15:52,427 | WARNING | ARTICLE REJECTED | REASON=Validated | TITLE=The anatomy of illicit wildlife trade In India - Dailyhunt
2026-05-11 08:15:54,324 | INFO | ML PREDICTION | PREDICTION=other | CONFIDENCE=70.92 | TITLE=Operation Thunder, Highlights, Trends, Legal Framework - Vajiram & Ravi
2026-05-11 08:15:54,379 | INFO | SEMANTIC SCORE | SCORE=25.72 | TITLE=Operation Thunder, Highlights, Trends, Legal Framework - Vajiram & Ravi
2026-05-11 08:15:54,380 | WARNING | ARTICLE REJECTED | REASON=Low confidence | TITLE=Operation Thunder, Highlights, Trends, Legal Framework - Vajiram & Ravi
2026-05-11 08:15:56,533 | WARNING | ARTICLE REJECTED | REASON=Validated | TITLE=Number of cases registered under Wildlife Protection Act in India from 2015 to 2023 - Statista
2026-05-11 08:15:58,797 | INFO | ML PREDICTION | PREDICTION=crime | CONFIDENCE=65.7 | TITLE=9 jailed for 3 yrs in 4 wildlife crime cases in Alipurduar - The Times of India
2026-05-11 08:15:58,906 | INFO | SEMANTIC SCORE | SCORE=61.93 | TITLE=9 jailed for 3 yrs in 4 wildlife crime cases in Alipurduar - The Times of India
2026-05-11 08:15:58,915 | WARNING | ARTICLE REJECTED | REASON=Low confidence | TITLE=9 jailed for 3 yrs in 4 wildlife crime cases in Alipurduar - The Times of India
2026-05-11 08:16:01,315 | INFO | ML PREDICTION | PREDICTION=crime | CONFIDENCE=74.89 | TITLE=Woman wanted by Interpol for trafficking tiger parts arrested in India - BBC
2026-05-11 08:16:01,354 | INFO | SEMANTIC SCORE | SCORE=45.46 | TITLE=Woman wanted by Interpol for trafficking tiger parts arrested in India - BBC
2026-05-11 08:16:06,152 | WARNING | ARTICLE REJECTED | REASON=Duplicate article | TITLE=Woman wanted by Interpol for trafficking tiger parts arrested in India - BBC
2026-05-11 08:16:08,107 | WARNING | ARTICLE REJECTED | REASON=Validated | TITLE=Wildlife-Related Crime Numbers Witness a Significant Decline - FACTLY
2026-05-11 08:16:10,182 | INFO | ML PREDICTION | PREDICTION=crime | CONFIDENCE=51.01 | TITLE=Wildlife crime cases in India decline significantly: Govt - Deccan Herald
2026-05-11 08:16:10,323 | INFO | SEMANTIC SCORE | SCORE=58.47 | TITLE=Wildlife crime cases in India decline significantly: Govt - Deccan Herald
2026-05-11 08:16:10,324 | WARNING | ARTICLE REJECTED | REASON=Low confidence | TITLE=Wildlife crime cases in India decline significantly: Govt - Deccan Herald
2026-05-11 08:16:12,569 | WARNING | ARTICLE REJECTED | REASON=Validated | TITLE=India defends animal imports, calls wildlife governance ‘unmatched’ - Mongabay-India
2026-05-11 08:16:14,300 | INFO | ML PREDICTION | PREDICTION=other | CONFIDENCE=50.33 | TITLE=Strengthening law enforcement capacity to curb wildlife crime in Madhya Pradesh - WWF India
2026-05-11 08:16:14,386 | INFO | SEMANTIC SCORE | SCORE=59.41 | TITLE=Strengthening law enforcement capacity to curb wildlife crime in Madhya Pradesh - WWF India
2026-05-11 08:16:14,386 | WARNING | ARTICLE REJECTED | REASON=Low confidence | TITLE=Strengthening law enforcement capacity to curb wildlife crime in Madhya Pradesh - WWF India
2026-05-11 08:16:16,269 | INFO | ML PREDICTION | PREDICTION=crime | CONFIDENCE=65.29 | TITLE=Wildlife crime thrives in least forested Punjab - The Hindu
2026-05-11 08:16:16,327 | INFO | SEMANTIC SCORE | SCORE=48.88 | TITLE=Wildlife crime thrives in least forested Punjab - The Hindu
2026-05-11 08:16:16,327 | WARNING | ARTICLE REJECTED | REASON=Low confidence | TITLE=Wildlife crime thrives in least forested Punjab - The Hindu
2026-05-11 08:16:18,339 | INFO | ML PREDICTION | PREDICTION=crime | CONFIDENCE=52.83 | TITLE=Six wildlife sniffer dogs begin intensive refresher training to combat wildlife crime - WWF India
2026-05-11 08:16:18,402 | INFO | SEMANTIC SCORE | SCORE=45.2 | TITLE=Six wildlife sniffer dogs begin intensive refresher training to combat wildlife crime - WWF India
2026-05-11 08:16:18,402 | WARNING | ARTICLE REJECTED | REASON=Low confidence | TITLE=Six wildlife sniffer dogs begin intensive refresher training to combat wildlife crime - WWF India
2026-05-11 08:16:20,716 | WARNING | ARTICLE REJECTED | REASON=Validated | TITLE=Global biodiversity assessment counters Supreme Court’s clean chit to Vantara - Mongabay-India
2026-05-11 08:16:22,949 | WARNING | ARTICLE REJECTED | REASON=Validated | TITLE=RhODIS India: Forensic science to the rescue of rhinos - WWF India
2026-05-11 08:16:25,118 | WARNING | ARTICLE REJECTED | REASON=Validated | TITLE=CITES withdraws recommendation to suspend trade of endangered species to India - Mongabay-India
2026-05-11 08:16:27,241 | INFO | ML PREDICTION | PREDICTION=other | CONFIDENCE=63.2 | TITLE=Decade-old case gets fresh life as woman at centre of India’s biggest wildlife trafficking operation is arrested - The Indian Express
2026-05-11 08:16:27,317 | INFO | SEMANTIC SCORE | SCORE=44.88 | TITLE=Decade-old case gets fresh life as woman at centre of India’s biggest wildlife trafficking operation is arrested - The Indian Express
2026-05-11 08:16:31,023 | WARNING | ARTICLE REJECTED | REASON=Duplicate article | TITLE=Decade-old case gets fresh life as woman at centre of India’s biggest wildlife trafficking operation is arrested - The Indian Express
2026-05-11 08:16:32,757 | INFO | ML PREDICTION | PREDICTION=crime | CONFIDENCE=67.45 | TITLE=The cost of cute: how ‘petfluencers’ are driving Asia’s wildlife crime - South China Morning Post
2026-05-11 08:16:32,835 | INFO | SEMANTIC SCORE | SCORE=42.53 | TITLE=The cost of cute: how ‘petfluencers’ are driving Asia’s wildlife crime - South China Morning Post
2026-05-11 08:16:32,835 | WARNING | ARTICLE REJECTED | REASON=Low confidence | TITLE=The cost of cute: how ‘petfluencers’ are driving Asia’s wildlife crime - South China Morning Post
2026-05-11 08:16:34,624 | INFO | ML PREDICTION | PREDICTION=crime | CONFIDENCE=73.34 | TITLE=Kerala: Forest officials bust wildlife trafficking gang trying to sell tiger skin, claws, teeth; 7 held - The Times of India
2026-05-11 08:16:34,686 | INFO | SEMANTIC SCORE | SCORE=60.94 | TITLE=Kerala: Forest officials bust wildlife trafficking gang trying to sell tiger skin, claws, teeth; 7 held - The Times of India
2026-05-11 08:16:40,000 | WARNING | ARTICLE REJECTED | REASON=Duplicate article | TITLE=Kerala: Forest officials bust wildlife trafficking gang trying to sell tiger skin, claws, teeth; 7 held - The Times of India
2026-05-11 08:16:42,128 | WARNING | ARTICLE REJECTED | REASON=Validated | TITLE=India arrests INTERPOL-wanted wildlife trafficker in Sikkim after coordinated chase - Telegraph India
2026-05-11 08:16:43,923 | WARNING | ARTICLE REJECTED | REASON=Validated | TITLE=NE border attracts MP, Maharashtra poachers - The New Indian Express
2026-05-11 08:16:46,571 | WARNING | ARTICLE REJECTED | REASON=Validated | TITLE=A Wake-Up Call for India’s Wildlife Governance - Drishti IAS
2026-05-11 08:16:48,627 | INFO | ML PREDICTION | PREDICTION=crime | CONFIDENCE=63.3 | TITLE=Elephant tusk buried in wall for 4 years, cracks open Chhattisgarh's Gariyaband wildlife crime - The Times of India
2026-05-11 08:16:48,697 | INFO | SEMANTIC SCORE | SCORE=48.18 | TITLE=Elephant tusk buried in wall for 4 years, cracks open Chhattisgarh's Gariyaband wildlife crime - The Times of India
2026-05-11 08:16:48,697 | WARNING | ARTICLE REJECTED | REASON=Low confidence | TITLE=Elephant tusk buried in wall for 4 years, cracks open Chhattisgarh's Gariyaband wildlife crime - The Times of India
2026-05-11 08:16:51,494 | INFO | ML PREDICTION | PREDICTION=other | CONFIDENCE=70.39 | TITLE=Animal Trafficking Reaches Record High In 2025: Interpol - NDTV
2026-05-11 08:16:51,542 | INFO | SEMANTIC SCORE | SCORE=65.89 | TITLE=Animal Trafficking Reaches Record High In 2025: Interpol - NDTV
2026-05-11 08:16:56,798 | WARNING | ARTICLE REJECTED | REASON=Duplicate article | TITLE=Animal Trafficking Reaches Record High In 2025: Interpol - NDTV
2026-05-11 08:16:59,349 | WARNING | ARTICLE REJECTED | REASON=Validation failure | TITLE=Interpol Notice And Movie-Style Arrest Of Wildlife Trafficker In Sikkim - NDTV
2026-05-11 08:17:01,474 | INFO | ML PREDICTION | PREDICTION=crime | CONFIDENCE=66.64 | TITLE=Inquiry flags lack of funds for forensic tests in wildlife crime probes in Karnataka - The Times of India
2026-05-11 08:17:03,766 | INFO | SEMANTIC SCORE | SCORE=47.77 | TITLE=Inquiry flags lack of funds for forensic tests in wildlife crime probes in Karnataka - The Times of India
2026-05-11 08:17:03,775 | WARNING | ARTICLE REJECTED | REASON=Low confidence | TITLE=Inquiry flags lack of funds for forensic tests in wildlife crime probes in Karnataka - The Times of India
2026-05-11 08:17:07,101 | INFO | ML PREDICTION | PREDICTION=crime | CONFIDENCE=74.06 | TITLE=61 arrested in tri-state wildlife crime crackdown as forest teams seize pangolin scales, skins - Telegraph India
2026-05-11 08:17:10,620 | INFO | SEMANTIC SCORE | SCORE=71.94 | TITLE=61 arrested in tri-state wildlife crime crackdown as forest teams seize pangolin scales, skins - Telegraph India
2026-05-11 08:17:16,304 | WARNING | ARTICLE REJECTED | REASON=Duplicate article | TITLE=61 arrested in tri-state wildlife crime crackdown as forest teams seize pangolin scales, skins - Telegraph India
2026-05-11 08:17:20,283 | INFO | ML PREDICTION | PREDICTION=other | CONFIDENCE=50.77 | TITLE=Odisha introduces HAWK to strengthen wildlife crime intel - The New Indian Express
2026-05-11 08:17:20,385 | INFO | SEMANTIC SCORE | SCORE=46.85 | TITLE=Odisha introduces HAWK to strengthen wildlife crime intel - The New Indian Express
2026-05-11 08:17:20,385 | WARNING | ARTICLE REJECTED | REASON=Low confidence | TITLE=Odisha introduces HAWK to strengthen wildlife crime intel - The New Indian Express
2026-05-11 08:17:22,793 | INFO | ML PREDICTION | PREDICTION=crime | CONFIDENCE=83.02 | TITLE=Palamu Tiger Reserve Seizes 60kg Pangolin Scales, Busts Wildlife Crime Network Across States - The Times of India
2026-05-11 08:17:22,855 | INFO | SEMANTIC SCORE | SCORE=54.03 | TITLE=Palamu Tiger Reserve Seizes 60kg Pangolin Scales, Busts Wildlife Crime Network Across States - The Times of India
2026-05-11 08:17:27,828 | WARNING | ARTICLE REJECTED | REASON=Duplicate article | TITLE=Palamu Tiger Reserve Seizes 60kg Pangolin Scales, Busts Wildlife Crime Network Across States - The Times of India
2026-05-11 08:17:30,920 | INFO | ML PREDICTION | PREDICTION=crime | CONFIDENCE=63.59 | TITLE=2-day wildlife crime prevention training held at PTR - The Times of India
2026-05-11 08:17:30,974 | INFO | SEMANTIC SCORE | SCORE=42.57 | TITLE=2-day wildlife crime prevention training held at PTR - The Times of India
2026-05-11 08:17:30,975 | WARNING | ARTICLE REJECTED | REASON=Low confidence | TITLE=2-day wildlife crime prevention training held at PTR - The Times of India
2026-05-11 08:17:35,193 | WARNING | ARTICLE REJECTED | REASON=Validated | TITLE=Outpacing wildlife traffickers through regional action - International Fund for Animal Welfare | IFAW
2026-05-11 08:17:37,419 | INFO | ML PREDICTION | PREDICTION=crime | CONFIDENCE=54.31 | TITLE=From blackbuck seizure to syndicate bust: MP wildlife crime probe uncovers cross-border hunts - The Economic Times
2026-05-11 08:17:37,526 | INFO | SEMANTIC SCORE | SCORE=55.52 | TITLE=From blackbuck seizure to syndicate bust: MP wildlife crime probe uncovers cross-border hunts - The Economic Times
2026-05-11 08:17:37,527 | WARNING | ARTICLE REJECTED | REASON=Low confidence | TITLE=From blackbuck seizure to syndicate bust: MP wildlife crime probe uncovers cross-border hunts - The Economic Times
2026-05-11 08:17:40,002 | INFO | ML PREDICTION | PREDICTION=non-crime | CONFIDENCE=0 | TITLE=Shahtoosh Trader Convicted in Landmark Wildlife Crime Case spanning 17 years - India Education Diary
2026-05-11 08:17:40,045 | INFO | SEMANTIC SCORE | SCORE=41.89 | TITLE=Shahtoosh Trader Convicted in Landmark Wildlife Crime Case spanning 17 years - India Education Diary
2026-05-11 08:17:40,046 | WARNING | ARTICLE REJECTED | REASON=Low confidence | TITLE=Shahtoosh Trader Convicted in Landmark Wildlife Crime Case spanning 17 years - India Education Diary
2026-05-11 08:17:42,645 | INFO | ML PREDICTION | PREDICTION=other | CONFIDENCE=51.01 | TITLE=How India Is Using AI to Stop Poaching: 5 Tech Initiatives Protecting Wildlife - The Better India
2026-05-11 08:17:42,691 | INFO | SEMANTIC SCORE | SCORE=44.32 | TITLE=How India Is Using AI to Stop Poaching: 5 Tech Initiatives Protecting Wildlife - The Better India
2026-05-11 08:17:42,692 | WARNING | ARTICLE REJECTED | REASON=Low confidence | TITLE=How India Is Using AI to Stop Poaching: 5 Tech Initiatives Protecting Wildlife - The Better India
2026-05-11 08:17:44,630 | INFO | ML PREDICTION | PREDICTION=crime | CONFIDENCE=63.27 | TITLE=Inter-state Wildlife Crime Syndicate Dismantled, Female Smuggler Arrested For First Time - ETV Bharat
2026-05-11 08:17:44,692 | INFO | SEMANTIC SCORE | SCORE=59.49 | TITLE=Inter-state Wildlife Crime Syndicate Dismantled, Female Smuggler Arrested For First Time - ETV Bharat
2026-05-11 08:18:00,332 | INFO | DATABASE SAVE | INCIDENT=WIL-UNK-20260508
2026-05-11 08:18:00,333 | INFO | ARTICLE ACCEPTED | CONFIDENCE=66.48 | TITLE=Inter-state Wildlife Crime Syndicate Dismantled, Female Smuggler Arrested For First Time - ETV Bharat
2026-05-11 08:18:03,845 | INFO | ML PREDICTION | PREDICTION=other | CONFIDENCE=50.92 | TITLE=How a 24x7 Forest Station in Andaman Is Fighting Wildlife Crime & Saving Animals - The Better India
2026-05-11 08:18:03,905 | INFO | SEMANTIC SCORE | SCORE=44.39 | TITLE=How a 24x7 Forest Station in Andaman Is Fighting Wildlife Crime & Saving Animals - The Better India
2026-05-11 08:18:03,906 | WARNING | ARTICLE REJECTED | REASON=Low confidence | TITLE=How a 24x7 Forest Station in Andaman Is Fighting Wildlife Crime & Saving Animals - The Better India
2026-05-11 08:18:05,628 | WARNING | ARTICLE REJECTED | REASON=Validation failure | TITLE=Conservationists push for dedicated wildlife crime unit in Maharashtra - Mid-day
2026-05-11 08:18:07,207 | INFO | ML PREDICTION | PREDICTION=crime | CONFIDENCE=69.92 | TITLE=Tantric rituals lead to wildlife crime arrest, 1 held - The Times of India
2026-05-11 08:18:07,312 | INFO | SEMANTIC SCORE | SCORE=41.22 | TITLE=Tantric rituals lead to wildlife crime arrest, 1 held - The Times of India
2026-05-11 08:18:07,313 | WARNING | ARTICLE REJECTED | REASON=Low confidence | TITLE=Tantric rituals lead to wildlife crime arrest, 1 held - The Times of India
2026-05-11 08:18:08,860 | WARNING | ARTICLE REJECTED | REASON=Validated | TITLE=NCRB report shows Ludhiana to be wildest city: India’s animal crime capital. - The Times of India
2026-05-11 08:18:10,546 | WARNING | ARTICLE REJECTED | REASON=Validation failure | TITLE=WTI organises multi-agency workshop on wildlife protection - The Times of India
2026-05-11 08:18:12,202 | WARNING | ARTICLE REJECTED | REASON=Validation failure | TITLE=Wildlife Conservation in India: Constitutional & Institutional Framework, Challenges, Schemes, and Initiatives - Sanskriti IAS
2026-05-11 08:18:14,053 | INFO | ML PREDICTION | PREDICTION=other | CONFIDENCE=50.76 | TITLE=Vanishing Wings: Exposing the organised radical syndicates behind the wildlife trafficking crisis of Bharat - Organiser
2026-05-11 08:18:14,140 | INFO | SEMANTIC SCORE | SCORE=67.98 | TITLE=Vanishing Wings: Exposing the organised radical syndicates behind the wildlife trafficking crisis of Bharat - Organiser
2026-05-11 08:18:14,141 | WARNING | ARTICLE REJECTED | REASON=Low confidence | TITLE=Vanishing Wings: Exposing the organised radical syndicates behind the wildlife trafficking crisis of Bharat - Organiser
2026-05-11 08:18:15,876 | INFO | ML PREDICTION | PREDICTION=other | CONFIDENCE=65.76 | TITLE=Unique species in air passenger baggage exposes global reach of Thailand-India wild life smuggling - TRAFFIC.org
2026-05-11 08:18:15,943 | INFO | SEMANTIC SCORE | SCORE=50.3 | TITLE=Unique species in air passenger baggage exposes global reach of Thailand-India wild life smuggling - TRAFFIC.org
2026-05-11 08:18:15,944 | WARNING | ARTICLE REJECTED | REASON=Low confidence | TITLE=Unique species in air passenger baggage exposes global reach of Thailand-India wild life smuggling - TRAFFIC.org
2026-05-11 08:18:17,681 | INFO | ML PREDICTION | PREDICTION=crime | CONFIDENCE=68.6 | TITLE=WCCB & MP Tiger Strike Force Joint Operation Arrested International Wildlife Trafficker in India After INTERPOL Red Notice Alert - Indianmasterminds
2026-05-11 08:18:17,745 | INFO | SEMANTIC SCORE | SCORE=60.09 | TITLE=WCCB & MP Tiger Strike Force Joint Operation Arrested International Wildlife Trafficker in India After INTERPOL Red Notice Alert - Indianmasterminds
2026-05-11 08:18:21,310 | WARNING | ARTICLE REJECTED | REASON=Duplicate article | TITLE=WCCB & MP Tiger Strike Force Joint Operation Arrested International Wildlife Trafficker in India After INTERPOL Red Notice Alert - Indianmasterminds
2026-05-11 08:18:24,347 | WARNING | ARTICLE REJECTED | REASON=Validated | TITLE=Wildlife Management in India - ClearIAS
2026-05-11 08:18:25,967 | INFO | ML PREDICTION | PREDICTION=other | CONFIDENCE=51.92 | TITLE=Banned wildlife trade busted: Three arrested for wildlife trophy possession; Investigation hints at a wid - The Times of India
2026-05-11 08:18:26,051 | INFO | SEMANTIC SCORE | SCORE=68.93 | TITLE=Banned wildlife trade busted: Three arrested for wildlife trophy possession; Investigation hints at a wid - The Times of India
2026-05-11 08:18:26,052 | WARNING | ARTICLE REJECTED | REASON=Low confidence | TITLE=Banned wildlife trade busted: Three arrested for wildlife trophy possession; Investigation hints at a wid - The Times of India
2026-05-11 08:18:27,770 | INFO | ML PREDICTION | PREDICTION=other | CONFIDENCE=66.95 | TITLE=[Explainer] Why is India a major hub for wildlife trafficking? - Mongabay-India
2026-05-11 08:18:27,843 | INFO | SEMANTIC SCORE | SCORE=55.34 | TITLE=[Explainer] Why is India a major hub for wildlife trafficking? - Mongabay-India
2026-05-11 08:18:27,844 | WARNING | ARTICLE REJECTED | REASON=Low confidence | TITLE=[Explainer] Why is India a major hub for wildlife trafficking? - Mongabay-India
2026-05-11 08:18:29,413 | WARNING | ARTICLE REJECTED | REASON=Validation failure | TITLE=India has done wonderfully in conservation of wildlife: Abhishek Ray - Garhwal Post
2026-05-11 08:18:30,864 | INFO | ML PREDICTION | PREDICTION=crime | CONFIDENCE=52.73 | TITLE=Mizoram hosts two-day training to bolster wildlife crime investigation skills - India Today NE
2026-05-11 08:18:30,910 | INFO | SEMANTIC SCORE | SCORE=27.79 | TITLE=Mizoram hosts two-day training to bolster wildlife crime investigation skills - India Today NE
2026-05-11 08:18:30,911 | WARNING | ARTICLE REJECTED | REASON=Low confidence | TITLE=Mizoram hosts two-day training to bolster wildlife crime investigation skills - India Today NE
2026-05-11 08:18:32,598 | INFO | ML PREDICTION | PREDICTION=other | CONFIDENCE=57.04 | TITLE=WILDLIFE CRIME CONTROL BUREAU FROM INDIA AND NEPAL MEET TO STRENGTHEN COLLABORATION FOR CURBING - WWF India
2026-05-11 08:18:32,645 | INFO | SEMANTIC SCORE | SCORE=50.3 | TITLE=WILDLIFE CRIME CONTROL BUREAU FROM INDIA AND NEPAL MEET TO STRENGTHEN COLLABORATION FOR CURBING - WWF India
2026-05-11 08:18:32,646 | WARNING | ARTICLE REJECTED | REASON=Low confidence | TITLE=WILDLIFE CRIME CONTROL BUREAU FROM INDIA AND NEPAL MEET TO STRENGTHEN COLLABORATION FOR CURBING - WWF India
2026-05-11 08:18:34,383 | INFO | ML PREDICTION | PREDICTION=crime | CONFIDENCE=61.25 | TITLE=Mumbai Customs Officials Foil Major Wildlife Trafficking At Airport, 61 Live Animals Seized - Republic World
2026-05-11 08:18:34,426 | INFO | SEMANTIC SCORE | SCORE=61.53 | TITLE=Mumbai Customs Officials Foil Major Wildlife Trafficking At Airport, 61 Live Animals Seized - Republic World
2026-05-11 08:18:34,426 | WARNING | ARTICLE REJECTED | REASON=Low confidence | TITLE=Mumbai Customs Officials Foil Major Wildlife Trafficking At Airport, 61 Live Animals Seized - Republic World
2026-05-11 08:18:36,141 | WARNING | ARTICLE REJECTED | REASON=Validated | TITLE=NCRB Report 2023: Deaths and injuries due to animal attacks and bites increased in India - Down To Earth
2026-05-11 08:18:37,763 | INFO | ML PREDICTION | PREDICTION=crime | CONFIDENCE=56.99 | TITLE=Illegal wildlife trade busted from Crawford Market, man arrested - The Times of India
2026-05-11 08:18:37,802 | INFO | SEMANTIC SCORE | SCORE=71.81 | TITLE=Illegal wildlife trade busted from Crawford Market, man arrested - The Times of India
2026-05-11 08:18:37,802 | WARNING | ARTICLE REJECTED | REASON=Low confidence | TITLE=Illegal wildlife trade busted from Crawford Market, man arrested - The Times of India
2026-05-11 08:18:39,594 | INFO | ML PREDICTION | PREDICTION=other | CONFIDENCE=77.53 | TITLE=BHUTAN, INDIA, AND NEPAL COLLABORATE TO COUNTER WILDLIFE TRAFFICKING IN SOUTH ASIA - WWF India
2026-05-11 08:18:39,647 | INFO | SEMANTIC SCORE | SCORE=57.18 | TITLE=BHUTAN, INDIA, AND NEPAL COLLABORATE TO COUNTER WILDLIFE TRAFFICKING IN SOUTH ASIA - WWF India
2026-05-11 08:18:43,635 | WARNING | ARTICLE REJECTED | REASON=Duplicate article | TITLE=BHUTAN, INDIA, AND NEPAL COLLABORATE TO COUNTER WILDLIFE TRAFFICKING IN SOUTH ASIA - WWF India
2026-05-11 08:18:46,341 | WARNING | ARTICLE REJECTED | REASON=Validated | TITLE=After Vantara Visit, CITES Raps India, Says No More Imports of Endangered Wildlife Until Compliance - TheWire.in
2026-05-11 08:18:48,011 | WARNING | ARTICLE REJECTED | REASON=Validated | TITLE=India: Our endangered wildlife - a cause for concern - United Nations Office on Drugs and Crime
2026-05-11 08:18:49,624 | INFO | ML PREDICTION | PREDICTION=other | CONFIDENCE=53.14 | TITLE=Joint operation cracks down on illegal wildlife trade in Gujarat's Valsad; three held - ANI News
2026-05-11 08:18:49,693 | INFO | SEMANTIC SCORE | SCORE=54.27 | TITLE=Joint operation cracks down on illegal wildlife trade in Gujarat's Valsad; three held - ANI News
2026-05-11 08:18:49,694 | WARNING | ARTICLE REJECTED | REASON=Low confidence | TITLE=Joint operation cracks down on illegal wildlife trade in Gujarat's Valsad; three held - ANI News
2026-05-11 08:18:51,256 | INFO | ML PREDICTION | PREDICTION=other | CONFIDENCE=87.39 | TITLE=India, Nepal Sign New MoU to Boost Forest and Wildlife Cooperation - Adda247
2026-05-11 08:18:51,314 | INFO | SEMANTIC SCORE | SCORE=40.47 | TITLE=India, Nepal Sign New MoU to Boost Forest and Wildlife Cooperation - Adda247
2026-05-11 08:19:07,688 | INFO | DATABASE SAVE | INCIDENT=CLUSTER-20260511081907
2026-05-11 08:19:07,688 | INFO | ARTICLE ACCEPTED | CONFIDENCE=64.84 | TITLE=India, Nepal Sign New MoU to Boost Forest and Wildlife Cooperation - Adda247
2026-05-11 08:19:11,223 | WARNING | ARTICLE REJECTED | REASON=Validated | TITLE=ED chargesheets Elvish Yadav in wildlife-linked money laundering case - Business Standard
2026-05-11 08:19:12,822 | INFO | ML PREDICTION | PREDICTION=crime | CONFIDENCE=80.11 | TITLE=Saving Tiger: Habitat Loss, Wildlife Crime Pose Major Challenges - Ukhrul Times
2026-05-11 08:19:12,865 | INFO | SEMANTIC SCORE | SCORE=45.66 | TITLE=Saving Tiger: Habitat Loss, Wildlife Crime Pose Major Challenges - Ukhrul Times
2026-05-11 08:19:31,558 | INFO | DATABASE SAVE | INCIDENT=CLUSTER-20260511081931
2026-05-11 08:19:31,559 | INFO | ARTICLE ACCEPTED | CONFIDENCE=62.75 | TITLE=Saving Tiger: Habitat Loss, Wildlife Crime Pose Major Challenges - Ukhrul Times
2026-05-11 08:19:35,814 | INFO | ML PREDICTION | PREDICTION=other | CONFIDENCE=56.6 | TITLE=Belgian Malinois to help check wildlife crimes in Ranthambore - The Times of India
2026-05-11 08:19:35,858 | INFO | SEMANTIC SCORE | SCORE=47.5 | TITLE=Belgian Malinois to help check wildlife crimes in Ranthambore - The Times of India
2026-05-11 08:19:35,859 | WARNING | ARTICLE REJECTED | REASON=Low confidence | TITLE=Belgian Malinois to help check wildlife crimes in Ranthambore - The Times of India
2026-05-11 08:19:38,354 | WARNING | ARTICLE REJECTED | REASON=Validated | TITLE=Inside CCMB Hyderabad—where scientists turn elephant blood, tiger bones into criminal evidence - ThePrint
2026-05-11 08:19:39,711 | WARNING | ARTICLE REJECTED | REASON=Validation failure | TITLE=Increase in gibbon trafficking into India has conservationists worried - news - Mongabay
2026-05-11 08:19:41,310 | WARNING | ARTICLE REJECTED | REASON=Validated | TITLE=INDIA AND NEPAL MEET TO ADDRESS CHALLENGES TO CURBING ILLEGAL WILDLIFE TRADE - WWF India
2026-05-11 08:19:42,727 | INFO | ML PREDICTION | PREDICTION=crime | CONFIDENCE=63.08 | TITLE=Decoding solutions: curbing online wildlife crime in India - TRAFFIC.org
2026-05-11 08:19:42,798 | INFO | SEMANTIC SCORE | SCORE=60.7 | TITLE=Decoding solutions: curbing online wildlife crime in India - TRAFFIC.org
2026-05-11 08:19:42,799 | WARNING | ARTICLE REJECTED | REASON=Low confidence | TITLE=Decoding solutions: curbing online wildlife crime in India - TRAFFIC.org
2026-05-11 08:19:44,777 | INFO | ML PREDICTION | PREDICTION=crime | CONFIDENCE=63.08 | TITLE=How DNA detectives are unmasking wildlife crime in India - Nature
2026-05-11 08:19:44,865 | INFO | SEMANTIC SCORE | SCORE=55.67 | TITLE=How DNA detectives are unmasking wildlife crime in India - Nature
2026-05-11 08:19:44,866 | WARNING | ARTICLE REJECTED | REASON=Low confidence | TITLE=How DNA detectives are unmasking wildlife crime in India - Nature
2026-05-11 08:19:46,616 | WARNING | ARTICLE REJECTED | REASON=Validated | TITLE=Environmental crimes are often hidden by ‘flying money’ laundering schemes (commentary) - news - Mongabay
2026-05-11 08:19:48,355 | INFO | ML PREDICTION | PREDICTION=other | CONFIDENCE=63.59 | TITLE=SOUTH ASIAN COUNTRIES MEET AGAIN TO STRENGTHEN EFFORTS TO CURB WILDLIFE TRAFFICKING - WWF India
2026-05-11 08:19:48,419 | INFO | SEMANTIC SCORE | SCORE=43.61 | TITLE=SOUTH ASIAN COUNTRIES MEET AGAIN TO STRENGTHEN EFFORTS TO CURB WILDLIFE TRAFFICKING - WWF India
2026-05-11 08:19:48,420 | WARNING | ARTICLE REJECTED | REASON=Low confidence | TITLE=SOUTH ASIAN COUNTRIES MEET AGAIN TO STRENGTHEN EFFORTS TO CURB WILDLIFE TRAFFICKING - WWF India
2026-05-11 08:19:50,026 | INFO | ML PREDICTION | PREDICTION=other | CONFIDENCE=51.48 | TITLE=How India is curbing wildlife trafficking - DD News
2026-05-11 08:19:50,076 | INFO | SEMANTIC SCORE | SCORE=62.23 | TITLE=How India is curbing wildlife trafficking - DD News
2026-05-11 08:19:50,077 | WARNING | ARTICLE REJECTED | REASON=Low confidence | TITLE=How India is curbing wildlife trafficking - DD News
2026-05-11 08:19:51,707 | INFO | ML PREDICTION | PREDICTION=crime | CONFIDENCE=74.64 | TITLE=Wildlife Crime - ClearIAS
2026-05-11 08:19:51,747 | INFO | SEMANTIC SCORE | SCORE=69.26 | TITLE=Wildlife Crime - ClearIAS
2026-05-11 08:19:55,263 | WARNING | ARTICLE REJECTED | REASON=Duplicate article | TITLE=Wildlife Crime - ClearIAS
2026-05-11 08:19:59,721 | INFO | ML PREDICTION | PREDICTION=crime | CONFIDENCE=60.44 | TITLE=Nepal collaborates with neighbors to gain wildlife crime intel but struggles with enforcement - news - Mongabay
2026-05-11 08:19:59,793 | INFO | SEMANTIC SCORE | SCORE=54.57 | TITLE=Nepal collaborates with neighbors to gain wildlife crime intel but struggles with enforcement - news - Mongabay
2026-05-11 08:19:59,794 | WARNING | ARTICLE REJECTED | REASON=Low confidence | TITLE=Nepal collaborates with neighbors to gain wildlife crime intel but struggles with enforcement - news - Mongabay
2026-05-11 08:20:01,226 | WARNING | ARTICLE REJECTED | REASON=Validation failure | TITLE=World Environment Day 2021-India’s Commitment Towards Stopping Illegal Wildlife Trafficking - Welcome to the United Nations
2026-05-11 08:20:02,713 | INFO | ML PREDICTION | PREDICTION=other | CONFIDENCE=54.82 | TITLE=Snakes on a plane highlight Thailand-India wildlife trafficking, NGO reports - The Japan Times
2026-05-11 08:20:02,801 | INFO | SEMANTIC SCORE | SCORE=53.96 | TITLE=Snakes on a plane highlight Thailand-India wildlife trafficking, NGO reports - The Japan Times
2026-05-11 08:20:02,801 | WARNING | ARTICLE REJECTED | REASON=Low confidence | TITLE=Snakes on a plane highlight Thailand-India wildlife trafficking, NGO reports - The Japan Times
2026-05-11 08:20:04,504 | INFO | ML PREDICTION | PREDICTION=other | CONFIDENCE=51.68 | TITLE=Major crackdown on illegal wildlife trade: 226 protected animals seized at Mumbai's Crawford Market - Mid-day
2026-05-11 08:20:04,573 | INFO | SEMANTIC SCORE | SCORE=70.63 | TITLE=Major crackdown on illegal wildlife trade: 226 protected animals seized at Mumbai's Crawford Market - Mid-day
2026-05-11 08:20:04,573 | WARNING | ARTICLE REJECTED | REASON=Low confidence | TITLE=Major crackdown on illegal wildlife trade: 226 protected animals seized at Mumbai's Crawford Market - Mid-day
2026-05-11 08:20:06,180 | INFO | ML PREDICTION | PREDICTION=other | CONFIDENCE=70.66 | TITLE=ENFORCEMENT AGENCIES TRAIN TOGETHER TO STOP WILDLIFE TRAFFICKING ACROSS INDIA’S HIMALAYAS - WWF India
2026-05-11 08:20:06,219 | INFO | SEMANTIC SCORE | SCORE=61.13 | TITLE=ENFORCEMENT AGENCIES TRAIN TOGETHER TO STOP WILDLIFE TRAFFICKING ACROSS INDIA’S HIMALAYAS - WWF India
2026-05-11 08:20:09,602 | WARNING | ARTICLE REJECTED | REASON=Duplicate article | TITLE=ENFORCEMENT AGENCIES TRAIN TOGETHER TO STOP WILDLIFE TRAFFICKING ACROSS INDIA’S HIMALAYAS - WWF India
2026-05-11 08:20:11,299 | INFO | ML PREDICTION | PREDICTION=crime | CONFIDENCE=58.39 | TITLE=JUDICIARY TO HELP CURB WILDLIFE CRIME IN MEGHALAYA - WWF India
2026-05-11 08:20:11,344 | INFO | SEMANTIC SCORE | SCORE=50.16 | TITLE=JUDICIARY TO HELP CURB WILDLIFE CRIME IN MEGHALAYA - WWF India
2026-05-11 08:20:11,345 | WARNING | ARTICLE REJECTED | REASON=Low confidence | TITLE=JUDICIARY TO HELP CURB WILDLIFE CRIME IN MEGHALAYA - WWF India
2026-05-11 08:20:13,041 | WARNING | ARTICLE REJECTED | REASON=Validation failure | TITLE=‘Not all animals migrate by choice’ campaign launched to raise awareness on illegal wildlife trade - Press Information Bureau
2026-05-11 08:20:14,828 | INFO | ML PREDICTION | PREDICTION=other | CONFIDENCE=71.38 | TITLE=FIRST OF ITS KIND PROJECT LAUNCHES NEW TOOLS TO COMBAT WILDLIFE TRAFFICKING IN INDIA’S AIRPORT - WWF India
2026-05-11 08:20:14,900 | INFO | SEMANTIC SCORE | SCORE=60.22 | TITLE=FIRST OF ITS KIND PROJECT LAUNCHES NEW TOOLS TO COMBAT WILDLIFE TRAFFICKING IN INDIA’S AIRPORT - WWF India
2026-05-11 08:20:20,943 | WARNING | ARTICLE REJECTED | REASON=Duplicate article | TITLE=FIRST OF ITS KIND PROJECT LAUNCHES NEW TOOLS TO COMBAT WILDLIFE TRAFFICKING IN INDIA’S AIRPORT - WWF India
2026-05-11 08:20:23,813 | WARNING | ARTICLE REJECTED | REASON=Validated | TITLE=This invention is bad news for illegal hunters and poachers - FairPlanet
2026-05-11 08:20:25,407 | INFO | ML PREDICTION | PREDICTION=crime | CONFIDENCE=55.37 | TITLE=[Video] Combatting wildlife crime with technology - Mongabay-India
2026-05-11 08:20:25,537 | INFO | SEMANTIC SCORE | SCORE=50.7 | TITLE=[Video] Combatting wildlife crime with technology - Mongabay-India
2026-05-11 08:20:25,538 | WARNING | ARTICLE REJECTED | REASON=Low confidence | TITLE=[Video] Combatting wildlife crime with technology - Mongabay-India
2026-05-11 08:20:27,229 | INFO | ML PREDICTION | PREDICTION=other | CONFIDENCE=72.54 | TITLE=First of its kind project launches new tools to combat Wildlife Trafficking In India’s Airports - TRAFFIC.org
2026-05-11 08:20:27,290 | INFO | SEMANTIC SCORE | SCORE=65.95 | TITLE=First of its kind project launches new tools to combat Wildlife Trafficking In India’s Airports - TRAFFIC.org
2026-05-11 08:20:30,589 | WARNING | ARTICLE REJECTED | REASON=Duplicate article | TITLE=First of its kind project launches new tools to combat Wildlife Trafficking In India’s Airports - TRAFFIC.org
2026-05-11 08:20:33,461 | WARNING | ARTICLE REJECTED | REASON=Validation failure | TITLE=WORLD ENVIRONMENT DAY 2021-INDIA’S COMMITMENT TOWARDS STOPPING ILLEGAL WILDLIFE TRAFFICKING - WWF India
2026-05-11 08:20:34,964 | WARNING | ARTICLE REJECTED | REASON=Validation failure | TITLE=India’s Wildlife Conservation Milestones - Press Information Bureau
2026-05-11 08:20:36,432 | INFO | ML PREDICTION | PREDICTION=crime | CONFIDENCE=79.29 | TITLE=Manas poaching case unravels global wildlife smuggling ring - The Times of India
2026-05-11 08:20:36,500 | INFO | SEMANTIC SCORE | SCORE=56.52 | TITLE=Manas poaching case unravels global wildlife smuggling ring - The Times of India
2026-05-11 08:20:40,897 | WARNING | ARTICLE REJECTED | REASON=Duplicate article | TITLE=Manas poaching case unravels global wildlife smuggling ring - The Times of India
2026-05-11 08:20:44,323 | INFO | ML PREDICTION | PREDICTION=other | CONFIDENCE=73.07 | TITLE=How Two Techies Are Helping Foresters Combat Wildlife Crimes With Technology - The Better India
2026-05-11 08:20:44,370 | INFO | SEMANTIC SCORE | SCORE=47.44 | TITLE=How Two Techies Are Helping Foresters Combat Wildlife Crimes With Technology - The Better India
2026-05-11 08:20:44,370 | WARNING | ARTICLE REJECTED | REASON=Low confidence | TITLE=How Two Techies Are Helping Foresters Combat Wildlife Crimes With Technology - The Better India
2026-05-11 08:20:45,906 | INFO | ML PREDICTION | PREDICTION=other | CONFIDENCE=56.92 | TITLE=Wildlife crime goes digital, WCCB increases vigilance - The New Indian Express
2026-05-11 08:20:45,951 | INFO | SEMANTIC SCORE | SCORE=56.28 | TITLE=Wildlife crime goes digital, WCCB increases vigilance - The New Indian Express
2026-05-11 08:20:45,952 | WARNING | ARTICLE REJECTED | REASON=Low confidence | TITLE=Wildlife crime goes digital, WCCB increases vigilance - The New Indian Express
2026-05-11 08:20:47,518 | INFO | ML PREDICTION | PREDICTION=other | CONFIDENCE=66.31 | TITLE=Bhutan, India, Nepal to counter wildlife trafficking - The Times of India
2026-05-11 08:20:47,556 | INFO | SEMANTIC SCORE | SCORE=54.07 | TITLE=Bhutan, India, Nepal to counter wildlife trafficking - The Times of India
2026-05-11 08:20:47,556 | WARNING | ARTICLE REJECTED | REASON=Low confidence | TITLE=Bhutan, India, Nepal to counter wildlife trafficking - The Times of India
2026-05-11 08:20:49,275 | INFO | ML PREDICTION | PREDICTION=other | CONFIDENCE=56.85 | TITLE=Caging Birds? You Could End Up Behind Bars, Warn Wildlife Crime Control Bureau and PETA India - PETA India
2026-05-11 08:20:49,379 | INFO | SEMANTIC SCORE | SCORE=45.03 | TITLE=Caging Birds? You Could End Up Behind Bars, Warn Wildlife Crime Control Bureau and PETA India - PETA India
2026-05-11 08:20:49,380 | WARNING | ARTICLE REJECTED | REASON=Low confidence | TITLE=Caging Birds? You Could End Up Behind Bars, Warn Wildlife Crime Control Bureau and PETA India - PETA India
2026-05-11 08:20:50,795 | WARNING | ARTICLE REJECTED | REASON=Validated | TITLE=NGO Flags Rise in Illegal Wildlife Trade Guised as ‘Zoo Transfers’, Including to India - TheWire.in
2026-05-11 08:20:52,304 | INFO | ML PREDICTION | PREDICTION=crime | CONFIDENCE=87.33 | TITLE=GEARING UP TO FIGHT WILDLIFE CRIME AT MELGHAT TIGER RESERVE: FOREST OFFICIALS HONE THEIR SKILLS - WWF India
2026-05-11 08:20:52,356 | INFO | SEMANTIC SCORE | SCORE=52.72 | TITLE=GEARING UP TO FIGHT WILDLIFE CRIME AT MELGHAT TIGER RESERVE: FOREST OFFICIALS HONE THEIR SKILLS - WWF India
2026-05-11 08:20:55,682 | WARNING | ARTICLE REJECTED | REASON=Duplicate article | TITLE=GEARING UP TO FIGHT WILDLIFE CRIME AT MELGHAT TIGER RESERVE: FOREST OFFICIALS HONE THEIR SKILLS - WWF India
2026-05-11 08:20:58,370 | WARNING | ARTICLE REJECTED | REASON=Validated | TITLE=The Media’s Disservice to India’s Wildlife That Only It Can Fix - The Wire Science
2026-05-11 08:21:00,026 | WARNING | ARTICLE REJECTED | REASON=Validation failure | TITLE=India holds first national workshop on capacity building for effective wildlife law enforcement - TRAFFIC.org
2026-05-11 08:21:01,482 | WARNING | ARTICLE REJECTED | REASON=Validated | TITLE=TRAFFIC initiative in India warns against buying illegal wildlife products - TRAFFIC.org
2026-05-11 08:21:03,024 | INFO | ML PREDICTION | PREDICTION=other | CONFIDENCE=73.33 | TITLE=Assam Forest Department learn new skills to crack wildlife cybercrime - TRAFFIC.org
2026-05-11 08:21:03,064 | INFO | SEMANTIC SCORE | SCORE=56.15 | TITLE=Assam Forest Department learn new skills to crack wildlife cybercrime - TRAFFIC.org
2026-05-11 08:21:07,867 | WARNING | ARTICLE REJECTED | REASON=Duplicate article | TITLE=Assam Forest Department learn new skills to crack wildlife cybercrime - TRAFFIC.org
2026-05-11 08:21:10,078 | WARNING | ARTICLE REJECTED | REASON=Validated | TITLE=EIGHT WILDLIFE SNIFFER DOGS SHARPEN THEIR 'PAWSOME' SKILLS TO HELP CURB ILLEGAL WILDLIFE TRADE - WWF India
2026-05-11 08:21:11,632 | WARNING | ARTICLE REJECTED | REASON=Validated | TITLE=Excess Baggage: How wildlife is trafficked by air in and out of India - Mongabay-India
2026-05-11 08:21:14,258 | INFO | ML PREDICTION | PREDICTION=other | CONFIDENCE=63.71 | TITLE=A community leads protection of the pangolin in a critical illegal trade corridor - Mongabay-India
2026-05-11 08:21:14,342 | INFO | SEMANTIC SCORE | SCORE=64.77 | TITLE=A community leads protection of the pangolin in a critical illegal trade corridor - Mongabay-India
2026-05-11 08:21:14,342 | WARNING | ARTICLE REJECTED | REASON=Low confidence | TITLE=A community leads protection of the pangolin in a critical illegal trade corridor - Mongabay-India
2026-05-11 08:21:16,021 | INFO | ML PREDICTION | PREDICTION=crime | CONFIDENCE=50.46 | TITLE=Why NCRB Data Understates Wildlife Crime in India - Frontline Magazine
2026-05-11 08:21:16,071 | INFO | SEMANTIC SCORE | SCORE=56.1 | TITLE=Why NCRB Data Understates Wildlife Crime in India - Frontline Magazine
2026-05-11 08:21:16,071 | WARNING | ARTICLE REJECTED | REASON=Low confidence | TITLE=Why NCRB Data Understates Wildlife Crime in India - Frontline Magazine
2026-05-11 08:21:17,631 | WARNING | ARTICLE REJECTED | REASON=Validated | TITLE=Rising illegal wildlife trade across Himalayan countries threatens the mountain ecosystem - Mongabay-India
2026-05-11 08:21:19,151 | WARNING | ARTICLE REJECTED | REASON=Validated | TITLE=The anatomy of illicit wildlife trade In India - Dailyhunt
2026-05-11 08:21:20,857 | WARNING | ARTICLE REJECTED | REASON=Validation failure | TITLE=Workshop in Bagdogra Targets Wildlife Trafficking - Arunachal24
2026-05-11 08:21:22,463 | INFO | ML PREDICTION | PREDICTION=crime | CONFIDENCE=62.68 | TITLE=First CBI Prosecuted Wildlife Crime Case in India - usthadian.com
2026-05-11 08:21:22,499 | INFO | SEMANTIC SCORE | SCORE=62.72 | TITLE=First CBI Prosecuted Wildlife Crime Case in India - usthadian.com
2026-05-11 08:21:22,500 | WARNING | ARTICLE REJECTED | REASON=Low confidence | TITLE=First CBI Prosecuted Wildlife Crime Case in India - usthadian.com
2026-05-11 08:21:24,086 | INFO | ML PREDICTION | PREDICTION=crime | CONFIDENCE=67.45 | TITLE=The cost of cute: how ‘petfluencers’ are driving Asia’s wildlife crime - South China Morning Post
2026-05-11 08:21:24,136 | INFO | SEMANTIC SCORE | SCORE=42.53 | TITLE=The cost of cute: how ‘petfluencers’ are driving Asia’s wildlife crime - South China Morning Post
2026-05-11 08:21:24,136 | WARNING | ARTICLE REJECTED | REASON=Low confidence | TITLE=The cost of cute: how ‘petfluencers’ are driving Asia’s wildlife crime - South China Morning Post
2026-05-11 08:21:25,631 | WARNING | ARTICLE REJECTED | REASON=Validated | TITLE=Global rules, local gaps: Why CITES can’t help curb India’s domestic wildlife trade - Down To Earth
2026-05-11 08:21:27,237 | INFO | ML PREDICTION | PREDICTION=other | CONFIDENCE=58.21 | TITLE=Shift of wildlife trafficking to the North East–Myanmar corridor - INSIGHTS IAS
2026-05-11 08:21:27,301 | INFO | SEMANTIC SCORE | SCORE=74.97 | TITLE=Shift of wildlife trafficking to the North East–Myanmar corridor - INSIGHTS IAS
2026-05-11 08:21:30,585 | WARNING | ARTICLE REJECTED | REASON=Duplicate article | TITLE=Shift of wildlife trafficking to the North East–Myanmar corridor - INSIGHTS IAS
2026-05-11 08:21:34,222 | INFO | ML PREDICTION | PREDICTION=other | CONFIDENCE=53.1 | TITLE=Brazil police seize devices from bird expert in trafficking probe linked to Vantara zoo - news - Mongabay
2026-05-11 08:21:34,285 | INFO | SEMANTIC SCORE | SCORE=48.29 | TITLE=Brazil police seize devices from bird expert in trafficking probe linked to Vantara zoo - news - Mongabay
2026-05-11 08:21:34,286 | WARNING | ARTICLE REJECTED | REASON=Low confidence | TITLE=Brazil police seize devices from bird expert in trafficking probe linked to Vantara zoo - news - Mongabay
2026-05-11 08:21:35,931 | INFO | ML PREDICTION | PREDICTION=crime | CONFIDENCE=73.34 | TITLE=Kerala: Forest officials bust wildlife trafficking gang trying to sell tiger skin, claws, teeth; 7 held - The Times of India
2026-05-11 08:21:36,013 | INFO | SEMANTIC SCORE | SCORE=60.94 | TITLE=Kerala: Forest officials bust wildlife trafficking gang trying to sell tiger skin, claws, teeth; 7 held - The Times of India
2026-05-11 08:21:39,002 | WARNING | ARTICLE REJECTED | REASON=Duplicate article | TITLE=Kerala: Forest officials bust wildlife trafficking gang trying to sell tiger skin, claws, teeth; 7 held - The Times of India
2026-05-11 08:21:40,790 | INFO | ML PREDICTION | PREDICTION=other | CONFIDENCE=70.92 | TITLE=Operation Thunder, Highlights, Trends, Legal Framework - Vajiram & Ravi
2026-05-11 08:21:40,827 | INFO | SEMANTIC SCORE | SCORE=25.72 | TITLE=Operation Thunder, Highlights, Trends, Legal Framework - Vajiram & Ravi
2026-05-11 08:21:40,828 | WARNING | ARTICLE REJECTED | REASON=Low confidence | TITLE=Operation Thunder, Highlights, Trends, Legal Framework - Vajiram & Ravi
2026-05-11 08:21:43,700 | WARNING | ARTICLE REJECTED | REASON=Validated | TITLE=NE border attracts MP, Maharashtra poachers - The New Indian Express
2026-05-11 08:21:45,122 | WARNING | ARTICLE REJECTED | REASON=Validated | TITLE=Outpacing wildlife traffickers through regional action - International Fund for Animal Welfare | IFAW
2026-05-11 08:21:46,682 | INFO | ML PREDICTION | PREDICTION=crime | CONFIDENCE=51.14 | TITLE=Air passenger caught smuggling 31 exotic reptiles — including pythons and water dragons - The Cool Down
2026-05-11 08:21:46,749 | INFO | SEMANTIC SCORE | SCORE=56.46 | TITLE=Air passenger caught smuggling 31 exotic reptiles — including pythons and water dragons - The Cool Down
2026-05-11 08:21:46,749 | WARNING | ARTICLE REJECTED | REASON=Low confidence | TITLE=Air passenger caught smuggling 31 exotic reptiles — including pythons and water dragons - The Cool Down
2026-05-11 08:21:48,419 | INFO | ML PREDICTION | PREDICTION=crime | CONFIDENCE=74.89 | TITLE=Woman wanted by Interpol for trafficking tiger parts arrested in India - BBC
2026-05-11 08:21:48,475 | INFO | SEMANTIC SCORE | SCORE=45.46 | TITLE=Woman wanted by Interpol for trafficking tiger parts arrested in India - BBC
2026-05-11 08:21:51,768 | WARNING | ARTICLE REJECTED | REASON=Duplicate article | TITLE=Woman wanted by Interpol for trafficking tiger parts arrested in India - BBC
2026-05-11 08:21:54,843 | INFO | ML PREDICTION | PREDICTION=other | CONFIDENCE=63.2 | TITLE=Decade-old case gets fresh life as woman at centre of India’s biggest wildlife trafficking operation is arrested - The Indian Express
2026-05-11 08:21:54,937 | INFO | SEMANTIC SCORE | SCORE=44.88 | TITLE=Decade-old case gets fresh life as woman at centre of India’s biggest wildlife trafficking operation is arrested - The Indian Express
2026-05-11 08:21:58,121 | WARNING | ARTICLE REJECTED | REASON=Duplicate article | TITLE=Decade-old case gets fresh life as woman at centre of India’s biggest wildlife trafficking operation is arrested - The Indian Express
2026-05-11 08:22:00,308 | INFO | ML PREDICTION | PREDICTION=crime | CONFIDENCE=50.68 | TITLE=World Pangolin Day 2026: 500,000+ pangolins seized globally between 2016 and 2024 - Down To Earth
2026-05-11 08:22:00,352 | INFO | SEMANTIC SCORE | SCORE=68.27 | TITLE=World Pangolin Day 2026: 500,000+ pangolins seized globally between 2016 and 2024 - Down To Earth
2026-05-11 08:22:00,353 | WARNING | ARTICLE REJECTED | REASON=Low confidence | TITLE=World Pangolin Day 2026: 500,000+ pangolins seized globally between 2016 and 2024 - Down To Earth
2026-05-11 08:22:01,939 | WARNING | ARTICLE REJECTED | REASON=Validated | TITLE=Ahmedabad: Illegal wildlife trade thrives despite crackdown, exotic pet trail leads cops to farmhouses - The Times of India
2026-05-11 08:22:03,466 | WARNING | ARTICLE REJECTED | REASON=Validated | TITLE=India defends animal imports, calls wildlife governance ‘unmatched’ - Mongabay-India
2026-05-11 08:22:04,978 | WARNING | ARTICLE REJECTED | REASON=Validated | TITLE=Indian Softshell Turtle Rescue Highlights Illegal Wildlife Trade - GK Today
2026-05-11 08:22:06,491 | WARNING | ARTICLE REJECTED | REASON=Validated | TITLE=CITES withdraws recommendation to suspend trade of endangered species to India - Mongabay-India
2026-05-11 08:22:07,939 | INFO | ML PREDICTION | PREDICTION=other | CONFIDENCE=50.76 | TITLE=Vanishing Wings: Exposing the organised radical syndicates behind the wildlife trafficking crisis of Bharat - Organiser
2026-05-11 08:22:07,976 | INFO | SEMANTIC SCORE | SCORE=67.98 | TITLE=Vanishing Wings: Exposing the organised radical syndicates behind the wildlife trafficking crisis of Bharat - Organiser
2026-05-11 08:22:07,976 | WARNING | ARTICLE REJECTED | REASON=Low confidence | TITLE=Vanishing Wings: Exposing the organised radical syndicates behind the wildlife trafficking crisis of Bharat - Organiser
2026-05-11 08:22:09,636 | WARNING | ARTICLE REJECTED | REASON=Validated | TITLE=Supreme Court dismisses PIL alleging wildlife trade violations by Vantara - Scroll.in
2026-05-11 08:22:11,100 | WARNING | ARTICLE REJECTED | REASON=Validated | TITLE=Snake Venom Trail Uncovers Alleged Illegal Exotic Wildlife Trade In Ahmedabad Flat - Vibes Of India
2026-05-11 08:22:12,693 | WARNING | ARTICLE REJECTED | REASON=Validated | TITLE=Woman held with 2 kg pangolin scales in Jharkhand, exposing India’s link to a global wildlife trade - Telegraph India
2026-05-11 08:22:14,421 | WARNING | ARTICLE REJECTED | REASON=Validated | TITLE=Indian Softshell Turtle Rescue Exposes Wildlife Trade Crisis - usthadian.com
2026-05-11 08:22:15,997 | WARNING | ARTICLE REJECTED | REASON=Validated | TITLE=Timely informed; timely re-wilded: How India can help conserve its small cats - Down To Earth
2026-05-11 08:22:17,371 | INFO | ML PREDICTION | PREDICTION=crime | CONFIDENCE=57.92 | TITLE=24 protected Ibex seized in Manipur, two held in cross-border wildlife smuggling bust - India Today NE
2026-05-11 08:22:17,414 | INFO | SEMANTIC SCORE | SCORE=44.88 | TITLE=24 protected Ibex seized in Manipur, two held in cross-border wildlife smuggling bust - India Today NE
2026-05-11 08:22:17,414 | WARNING | ARTICLE REJECTED | REASON=Low confidence | TITLE=24 protected Ibex seized in Manipur, two held in cross-border wildlife smuggling bust - India Today NE
2026-05-11 08:22:18,998 | INFO | ML PREDICTION | PREDICTION=crime | CONFIDENCE=74.06 | TITLE=61 arrested in tri-state wildlife crime crackdown as forest teams seize pangolin scales, skins - Telegraph India
2026-05-11 08:22:19,054 | INFO | SEMANTIC SCORE | SCORE=71.94 | TITLE=61 arrested in tri-state wildlife crime crackdown as forest teams seize pangolin scales, skins - Telegraph India
2026-05-11 08:22:22,381 | WARNING | ARTICLE REJECTED | REASON=Duplicate article | TITLE=61 arrested in tri-state wildlife crime crackdown as forest teams seize pangolin scales, skins - Telegraph India
2026-05-11 08:22:24,991 | WARNING | ARTICLE REJECTED | REASON=Validation failure | TITLE=Interpol Notice And Movie-Style Arrest Of Wildlife Trafficker In Sikkim - NDTV
2026-05-11 08:22:26,533 | INFO | ML PREDICTION | PREDICTION=crime | CONFIDENCE=65.7 | TITLE=9 jailed for 3 yrs in 4 wildlife crime cases in Alipurduar - The Times of India
2026-05-11 08:22:26,578 | INFO | SEMANTIC SCORE | SCORE=61.93 | TITLE=9 jailed for 3 yrs in 4 wildlife crime cases in Alipurduar - The Times of India
2026-05-11 08:22:26,578 | WARNING | ARTICLE REJECTED | REASON=Low confidence | TITLE=9 jailed for 3 yrs in 4 wildlife crime cases in Alipurduar - The Times of India
2026-05-11 08:22:28,366 | INFO | ML PREDICTION | PREDICTION=other | CONFIDENCE=67.03 | TITLE=Police crack down on smugglers attempting to cross border: 'High demand for illegal trade' - The Cool Down
2026-05-11 08:22:28,471 | INFO | SEMANTIC SCORE | SCORE=36.26 | TITLE=Police crack down on smugglers attempting to cross border: 'High demand for illegal trade' - The Cool Down
2026-05-11 08:22:28,472 | WARNING | ARTICLE REJECTED | REASON=Low confidence | TITLE=Police crack down on smugglers attempting to cross border: 'High demand for illegal trade' - The Cool Down
2026-05-11 08:22:30,099 | WARNING | ARTICLE REJECTED | REASON=Validated | TITLE=CITES CoP20: Global South drives critical changes and shapes global wildlife trade policies - Down To Earth
2026-05-11 08:22:31,626 | WARNING | ARTICLE REJECTED | REASON=Validated | TITLE=After Ambani zoo probe, wildlife body reverses call to curb animal imports to India - Reuters
2026-05-11 08:22:33,104 | INFO | ML PREDICTION | PREDICTION=other | CONFIDENCE=63.75 | TITLE=Wildlife seized from Thais linked to Indian smugglers - Bangkok Post
2026-05-11 08:22:33,146 | INFO | SEMANTIC SCORE | SCORE=62.81 | TITLE=Wildlife seized from Thais linked to Indian smugglers - Bangkok Post
2026-05-11 08:22:33,146 | WARNING | ARTICLE REJECTED | REASON=Low confidence | TITLE=Wildlife seized from Thais linked to Indian smugglers - Bangkok Post
2026-05-11 08:22:34,583 | INFO | ML PREDICTION | PREDICTION=other | CONFIDENCE=51.92 | TITLE=Banned wildlife trade busted: Three arrested for wildlife trophy possession; Investigation hints at a wid - The Times of India
2026-05-11 08:22:34,624 | INFO | SEMANTIC SCORE | SCORE=68.93 | TITLE=Banned wildlife trade busted: Three arrested for wildlife trophy possession; Investigation hints at a wid - The Times of India
2026-05-11 08:22:34,625 | WARNING | ARTICLE REJECTED | REASON=Low confidence | TITLE=Banned wildlife trade busted: Three arrested for wildlife trophy possession; Investigation hints at a wid - The Times of India
2026-05-11 08:22:36,501 | WARNING | ARTICLE REJECTED | REASON=Validated | TITLE=Vantara Row: CITES Reverses Earlier Recommendation to India About Banning Imports of Endangered Wildlife - TheWire.in
2026-05-11 08:22:38,188 | INFO | ML PREDICTION | PREDICTION=other | CONFIDENCE=79.99 | TITLE=Gujarat: Wildlife trade racket busted, Indian star tortoises and rose-ringed parakeets rescued - The Hans India
2026-05-11 08:22:38,231 | INFO | SEMANTIC SCORE | SCORE=54.52 | TITLE=Gujarat: Wildlife trade racket busted, Indian star tortoises and rose-ringed parakeets rescued - The Hans India
2026-05-11 08:22:41,481 | WARNING | ARTICLE REJECTED | REASON=Duplicate article | TITLE=Gujarat: Wildlife trade racket busted, Indian star tortoises and rose-ringed parakeets rescued - The Hans India
2026-05-11 08:22:44,230 | INFO | ML PREDICTION | PREDICTION=other | CONFIDENCE=62.81 | TITLE=Tougher action to curb Southeast Asia-India wildlife smuggling by air - TRAFFIC.org
2026-05-11 08:22:44,313 | INFO | SEMANTIC SCORE | SCORE=56.64 | TITLE=Tougher action to curb Southeast Asia-India wildlife smuggling by air - TRAFFIC.org
2026-05-11 08:22:44,314 | WARNING | ARTICLE REJECTED | REASON=Low confidence | TITLE=Tougher action to curb Southeast Asia-India wildlife smuggling by air - TRAFFIC.org
2026-05-11 08:22:46,921 | WARNING | ARTICLE REJECTED | REASON=Validated | TITLE=Authorities make shocking discovery in roadside bust: 'Underscores the persistent threat' - The Cool Down
2026-05-11 08:22:48,413 | INFO | ML PREDICTION | PREDICTION=other | CONFIDENCE=66.95 | TITLE=[Explainer] Why is India a major hub for wildlife trafficking? - Mongabay-India
2026-05-11 08:22:48,493 | INFO | SEMANTIC SCORE | SCORE=55.34 | TITLE=[Explainer] Why is India a major hub for wildlife trafficking? - Mongabay-India
2026-05-11 08:22:48,494 | WARNING | ARTICLE REJECTED | REASON=Low confidence | TITLE=[Explainer] Why is India a major hub for wildlife trafficking? - Mongabay-India
2026-05-11 08:22:50,177 | WARNING | ARTICLE REJECTED | REASON=Validated | TITLE=Exotic reptiles in illegal wildlife trade in India - WWF India
2026-05-11 08:22:51,885 | WARNING | ARTICLE REJECTED | REASON=Validated | TITLE=Global biodiversity assessment counters Supreme Court’s clean chit to Vantara - Mongabay-India
2026-05-11 08:22:53,643 | WARNING | ARTICLE REJECTED | REASON=Validation failure | TITLE=Increase in gibbon trafficking into India has conservationists worried - news - Mongabay
2026-05-11 08:22:55,239 | INFO | ML PREDICTION | PREDICTION=other | CONFIDENCE=63.92 | TITLE=High Flying: Insight Into Wildlife Trafficking Through India's Airports - Wildlife Trade Report from TRAFFIC - TRAFFIC.org
2026-05-11 08:22:55,319 | INFO | SEMANTIC SCORE | SCORE=67.33 | TITLE=High Flying: Insight Into Wildlife Trafficking Through India's Airports - Wildlife Trade Report from TRAFFIC - TRAFFIC.org
2026-05-11 08:22:58,547 | WARNING | ARTICLE REJECTED | REASON=Duplicate article | TITLE=High Flying: Insight Into Wildlife Trafficking Through India's Airports - Wildlife Trade Report from TRAFFIC - TRAFFIC.org
2026-05-11 08:23:02,211 | INFO | ML PREDICTION | PREDICTION=other | CONFIDENCE=65.76 | TITLE=Unique species in air passenger baggage exposes global reach of Thailand-India wild life smuggling - TRAFFIC.org
2026-05-11 08:23:02,255 | INFO | SEMANTIC SCORE | SCORE=50.3 | TITLE=Unique species in air passenger baggage exposes global reach of Thailand-India wild life smuggling - TRAFFIC.org
2026-05-11 08:23:02,255 | WARNING | ARTICLE REJECTED | REASON=Low confidence | TITLE=Unique species in air passenger baggage exposes global reach of Thailand-India wild life smuggling - TRAFFIC.org
2026-05-11 08:23:03,932 | INFO | ML PREDICTION | PREDICTION=other | CONFIDENCE=50.33 | TITLE=Strengthening law enforcement capacity to curb wildlife crime in Madhya Pradesh - WWF India
2026-05-11 08:23:03,966 | INFO | SEMANTIC SCORE | SCORE=59.41 | TITLE=Strengthening law enforcement capacity to curb wildlife crime in Madhya Pradesh - WWF India
2026-05-11 08:23:03,967 | WARNING | ARTICLE REJECTED | REASON=Low confidence | TITLE=Strengthening law enforcement capacity to curb wildlife crime in Madhya Pradesh - WWF India
2026-05-11 08:23:05,690 | WARNING | ARTICLE REJECTED | REASON=Validated | TITLE=India asks UN wildlife body to not curb its animal imports amid Ambani zoo furore - Reuters
2026-05-11 08:23:07,126 | INFO | ML PREDICTION | PREDICTION=other | CONFIDENCE=57.04 | TITLE=WILDLIFE CRIME CONTROL BUREAU FROM INDIA AND NEPAL MEET TO STRENGTHEN COLLABORATION FOR CURBING - WWF India
2026-05-11 08:23:07,175 | INFO | SEMANTIC SCORE | SCORE=50.3 | TITLE=WILDLIFE CRIME CONTROL BUREAU FROM INDIA AND NEPAL MEET TO STRENGTHEN COLLABORATION FOR CURBING - WWF India
2026-05-11 08:23:07,176 | WARNING | ARTICLE REJECTED | REASON=Low confidence | TITLE=WILDLIFE CRIME CONTROL BUREAU FROM INDIA AND NEPAL MEET TO STRENGTHEN COLLABORATION FOR CURBING - WWF India
2026-05-11 08:23:08,782 | INFO | ML PREDICTION | PREDICTION=other | CONFIDENCE=51.48 | TITLE=How India is curbing wildlife trafficking - DD News
2026-05-11 08:23:08,842 | INFO | SEMANTIC SCORE | SCORE=62.23 | TITLE=How India is curbing wildlife trafficking - DD News
2026-05-11 08:23:08,842 | WARNING | ARTICLE REJECTED | REASON=Low confidence | TITLE=How India is curbing wildlife trafficking - DD News
2026-05-11 08:23:10,507 | INFO | ML PREDICTION | PREDICTION=crime | CONFIDENCE=63.3 | TITLE=India: Exotic apes seized at Mumbai airport - dw.com
2026-05-11 08:23:10,544 | INFO | SEMANTIC SCORE | SCORE=50.04 | TITLE=India: Exotic apes seized at Mumbai airport - dw.com
2026-05-11 08:23:10,544 | WARNING | ARTICLE REJECTED | REASON=Low confidence | TITLE=India: Exotic apes seized at Mumbai airport - dw.com
2026-05-11 08:23:12,237 | INFO | ML PREDICTION | PREDICTION=other | CONFIDENCE=77.53 | TITLE=BHUTAN, INDIA, AND NEPAL COLLABORATE TO COUNTER WILDLIFE TRAFFICKING IN SOUTH ASIA - WWF India
2026-05-11 08:23:12,277 | INFO | SEMANTIC SCORE | SCORE=57.18 | TITLE=BHUTAN, INDIA, AND NEPAL COLLABORATE TO COUNTER WILDLIFE TRAFFICKING IN SOUTH ASIA - WWF India
2026-05-11 08:23:15,511 | WARNING | ARTICLE REJECTED | REASON=Duplicate article | TITLE=BHUTAN, INDIA, AND NEPAL COLLABORATE TO COUNTER WILDLIFE TRAFFICKING IN SOUTH ASIA - WWF India
2026-05-11 08:23:17,973 | WARNING | ARTICLE REJECTED | REASON=Validated | TITLE=Excess Baggage: How wildlife is trafficked by air in and out of India - Mongabay-India
2026-05-11 08:23:20,154 | WARNING | ARTICLE REJECTED | REASON=Validated | TITLE=Vantara, an Indian billionaire's enormous private zoo - Le Monde.fr
2026-05-11 08:23:21,771 | INFO | ML PREDICTION | PREDICTION=other | CONFIDENCE=71.38 | TITLE=FIRST OF ITS KIND PROJECT LAUNCHES NEW TOOLS TO COMBAT WILDLIFE TRAFFICKING IN INDIA’S AIRPORT - WWF India
2026-05-11 08:23:21,819 | INFO | SEMANTIC SCORE | SCORE=60.22 | TITLE=FIRST OF ITS KIND PROJECT LAUNCHES NEW TOOLS TO COMBAT WILDLIFE TRAFFICKING IN INDIA’S AIRPORT - WWF India
2026-05-11 08:23:25,004 | WARNING | ARTICLE REJECTED | REASON=Duplicate article | TITLE=FIRST OF ITS KIND PROJECT LAUNCHES NEW TOOLS TO COMBAT WILDLIFE TRAFFICKING IN INDIA’S AIRPORT - WWF India
2026-05-11 08:23:27,259 | INFO | ML PREDICTION | PREDICTION=crime | CONFIDENCE=51.01 | TITLE=Wildlife crime cases in India decline significantly: Govt - Deccan Herald
2026-05-11 08:23:27,304 | INFO | SEMANTIC SCORE | SCORE=58.47 | TITLE=Wildlife crime cases in India decline significantly: Govt - Deccan Herald
2026-05-11 08:23:27,304 | WARNING | ARTICLE REJECTED | REASON=Low confidence | TITLE=Wildlife crime cases in India decline significantly: Govt - Deccan Herald
2026-05-11 08:23:29,016 | WARNING | ARTICLE REJECTED | REASON=Validated | TITLE=INDIA AND NEPAL MEET TO ADDRESS CHALLENGES TO CURBING ILLEGAL WILDLIFE TRADE - WWF India
2026-05-11 08:23:30,560 | WARNING | ARTICLE REJECTED | REASON=Validated | TITLE=Tame the trade - Down To Earth
2026-05-11 08:23:32,037 | WARNING | ARTICLE REJECTED | REASON=Validation failure | TITLE=World Environment Day 2021-India’s Commitment Towards Stopping Illegal Wildlife Trafficking - Welcome to the United Nations
2026-05-11 08:23:33,665 | WARNING | ARTICLE REJECTED | REASON=Validated | TITLE=Wildlife-Related Crime Numbers Witness a Significant Decline - FACTLY
2026-05-11 08:23:35,277 | WARNING | ARTICLE REJECTED | REASON=Validated | TITLE=From policy to practice: Evaluating India’s approach to exotic wildlife trade under CITES - The Leaflet
2026-05-11 08:23:36,811 | INFO | ML PREDICTION | PREDICTION=other | CONFIDENCE=72.54 | TITLE=First of its kind project launches new tools to combat Wildlife Trafficking In India’s Airports - TRAFFIC.org
2026-05-11 08:23:36,938 | INFO | SEMANTIC SCORE | SCORE=65.95 | TITLE=First of its kind project launches new tools to combat Wildlife Trafficking In India’s Airports - TRAFFIC.org
2026-05-11 08:23:40,258 | WARNING | ARTICLE REJECTED | REASON=Duplicate article | TITLE=First of its kind project launches new tools to combat Wildlife Trafficking In India’s Airports - TRAFFIC.org
2026-05-11 08:23:43,183 | WARNING | ARTICLE REJECTED | REASON=Validated | TITLE=How India’s Wildlife Import System Became A Gateway For Gaps - Madras Courier
2026-05-11 08:23:45,551 | INFO | ML PREDICTION | PREDICTION=other | CONFIDENCE=70.66 | TITLE=ENFORCEMENT AGENCIES TRAIN TOGETHER TO STOP WILDLIFE TRAFFICKING ACROSS INDIA’S HIMALAYAS - WWF India
2026-05-11 08:23:45,601 | INFO | SEMANTIC SCORE | SCORE=61.13 | TITLE=ENFORCEMENT AGENCIES TRAIN TOGETHER TO STOP WILDLIFE TRAFFICKING ACROSS INDIA’S HIMALAYAS - WWF India
2026-05-11 08:23:48,914 | WARNING | ARTICLE REJECTED | REASON=Duplicate article | TITLE=ENFORCEMENT AGENCIES TRAIN TOGETHER TO STOP WILDLIFE TRAFFICKING ACROSS INDIA’S HIMALAYAS - WWF India
2026-05-11 08:23:51,329 | WARNING | ARTICLE REJECTED | REASON=Validated | TITLE=A Wake-Up Call for India’s Wildlife Governance - Drishti IAS
2026-05-11 08:23:53,083 | INFO | ML PREDICTION | PREDICTION=other | CONFIDENCE=63.59 | TITLE=SOUTH ASIAN COUNTRIES MEET AGAIN TO STRENGTHEN EFFORTS TO CURB WILDLIFE TRAFFICKING - WWF India
2026-05-11 08:23:53,136 | INFO | SEMANTIC SCORE | SCORE=43.61 | TITLE=SOUTH ASIAN COUNTRIES MEET AGAIN TO STRENGTHEN EFFORTS TO CURB WILDLIFE TRAFFICKING - WWF India
2026-05-11 08:23:53,137 | WARNING | ARTICLE REJECTED | REASON=Low confidence | TITLE=SOUTH ASIAN COUNTRIES MEET AGAIN TO STRENGTHEN EFFORTS TO CURB WILDLIFE TRAFFICKING - WWF India
2026-05-11 08:23:54,798 | WARNING | ARTICLE REJECTED | REASON=Validated | TITLE=CITES Report Urges India to Halt Wildlife Imports Pending Stronger Checks - Vajiram & Ravi
2026-05-11 08:23:56,498 | INFO | ML PREDICTION | PREDICTION=other | CONFIDENCE=51.01 | TITLE=How India Is Using AI to Stop Poaching: 5 Tech Initiatives Protecting Wildlife - The Better India
2026-05-11 08:23:56,548 | INFO | SEMANTIC SCORE | SCORE=44.32 | TITLE=How India Is Using AI to Stop Poaching: 5 Tech Initiatives Protecting Wildlife - The Better India
2026-05-11 08:23:56,548 | WARNING | ARTICLE REJECTED | REASON=Low confidence | TITLE=How India Is Using AI to Stop Poaching: 5 Tech Initiatives Protecting Wildlife - The Better India
2026-05-11 08:23:58,194 | WARNING | ARTICLE REJECTED | REASON=Validated | TITLE=In Deep Water: India's Sea Cucumbers in Illegal Wildlife Trade - TRAFFIC.org
2026-05-11 08:23:59,751 | WARNING | ARTICLE REJECTED | REASON=Validated | TITLE=NGO Flags Rise in Illegal Wildlife Trade Guised as ‘Zoo Transfers’, Including to India - TheWire.in
2026-05-11 08:24:01,263 | WARNING | ARTICLE REJECTED | REASON=Validated | TITLE=India's Pangolins buried in Illegal Wildlife Trade - Wildlife Trade Report from TRAFFIC - TRAFFIC.org
2026-05-11 08:24:02,825 | INFO | ML PREDICTION | PREDICTION=other | CONFIDENCE=65.01 | TITLE=Champhai district in Mizoram is now a hotspot for wildlife trafficking in India - Mongabay-India
2026-05-11 08:24:02,882 | INFO | SEMANTIC SCORE | SCORE=56.7 | TITLE=Champhai district in Mizoram is now a hotspot for wildlife trafficking in India - Mongabay-India
2026-05-11 08:24:02,882 | WARNING | ARTICLE REJECTED | REASON=Low confidence | TITLE=Champhai district in Mizoram is now a hotspot for wildlife trafficking in India - Mongabay-India
2026-05-11 08:24:04,487 | INFO | ML PREDICTION | PREDICTION=other | CONFIDENCE=64.79 | TITLE=India’s Wildlife Trafficking Epidemic - The Diplomat – Asia-Pacific
2026-05-11 08:24:04,543 | INFO | SEMANTIC SCORE | SCORE=70.59 | TITLE=India’s Wildlife Trafficking Epidemic - The Diplomat – Asia-Pacific
2026-05-11 08:24:07,842 | WARNING | ARTICLE REJECTED | REASON=Duplicate article | TITLE=India’s Wildlife Trafficking Epidemic - The Diplomat – Asia-Pacific
2026-05-11 08:24:09,549 | INFO | ML PREDICTION | PREDICTION=crime | CONFIDENCE=58.11 | TITLE=Can AI help India fight against wildlife trafficking and animal poaching? - IndiaAI
2026-05-11 08:24:09,587 | INFO | SEMANTIC SCORE | SCORE=52.5 | TITLE=Can AI help India fight against wildlife trafficking and animal poaching? - IndiaAI
2026-05-11 08:24:09,588 | WARNING | ARTICLE REJECTED | REASON=Low confidence | TITLE=Can AI help India fight against wildlife trafficking and animal poaching? - IndiaAI
2026-05-11 08:24:11,213 | INFO | ML PREDICTION | PREDICTION=crime | CONFIDENCE=63.08 | TITLE=Decoding solutions: curbing online wildlife crime in India - TRAFFIC.org
2026-05-11 08:24:11,262 | INFO | SEMANTIC SCORE | SCORE=60.7 | TITLE=Decoding solutions: curbing online wildlife crime in India - TRAFFIC.org
2026-05-11 08:24:11,262 | WARNING | ARTICLE REJECTED | REASON=Low confidence | TITLE=Decoding solutions: curbing online wildlife crime in India - TRAFFIC.org
2026-05-11 08:24:12,748 | INFO | ML PREDICTION | PREDICTION=other | CONFIDENCE=56.27 | TITLE=Malaysia steps up action against smuggling of wildlife in passenger luggage between Southeast Asia, India - Asia News Network
2026-05-11 08:24:12,841 | INFO | SEMANTIC SCORE | SCORE=41.9 | TITLE=Malaysia steps up action against smuggling of wildlife in passenger luggage between Southeast Asia, India - Asia News Network
2026-05-11 08:24:12,842 | WARNING | ARTICLE REJECTED | REASON=Low confidence | TITLE=Malaysia steps up action against smuggling of wildlife in passenger luggage between Southeast Asia, India - Asia News Network
2026-05-11 08:24:14,319 | INFO | ML PREDICTION | PREDICTION=other | CONFIDENCE=57.26 | TITLE=Unique species in air passenger baggage exposes global reach of Thailand India wildlife smuggling - TRAFFIC.org
2026-05-11 08:24:14,370 | INFO | SEMANTIC SCORE | SCORE=57.48 | TITLE=Unique species in air passenger baggage exposes global reach of Thailand India wildlife smuggling - TRAFFIC.org
2026-05-11 08:24:14,370 | WARNING | ARTICLE REJECTED | REASON=Low confidence | TITLE=Unique species in air passenger baggage exposes global reach of Thailand India wildlife smuggling - TRAFFIC.org
2026-05-11 08:24:16,176 | WARNING | ARTICLE REJECTED | REASON=Validated | TITLE=Factsheet on Indian Spiny-tailed Lizard in illegal wildlife trade - Wildlife Trade Report from TRAFFIC - TRAFFIC.org
2026-05-11 08:24:17,760 | WARNING | ARTICLE REJECTED | REASON=Validation failure | TITLE=‘Not all animals migrate by choice’ campaign launched to raise awareness on illegal wildlife trade - Press Information Bureau
2026-05-11 08:24:19,412 | WARNING | ARTICLE REJECTED | REASON=Validated | TITLE=After Vantara Visit, CITES Raps India, Says No More Imports of Endangered Wildlife Until Compliance - TheWire.in
2026-05-11 08:24:20,879 | WARNING | ARTICLE REJECTED | REASON=Validated | TITLE=INDIA'S PANGOLIN BURIED IN ILLEGAL WILDLIFE TRADE: Over 1200 were poached and trafficked from - WWF India
2026-05-11 08:24:22,350 | WARNING | ARTICLE REJECTED | REASON=Validated | TITLE=Factsheet on India’s Red Sanders in illegal wildlife trade - TRAFFIC.org
2026-05-11 08:24:23,865 | INFO | ML PREDICTION | PREDICTION=crime | CONFIDENCE=61.25 | TITLE=Mumbai Customs Officials Foil Major Wildlife Trafficking At Airport, 61 Live Animals Seized - Republic World
2026-05-11 08:24:23,961 | INFO | SEMANTIC SCORE | SCORE=61.53 | TITLE=Mumbai Customs Officials Foil Major Wildlife Trafficking At Airport, 61 Live Animals Seized - Republic World
2026-05-11 08:24:23,962 | WARNING | ARTICLE REJECTED | REASON=Low confidence | TITLE=Mumbai Customs Officials Foil Major Wildlife Trafficking At Airport, 61 Live Animals Seized - Republic World
2026-05-11 08:24:25,738 | INFO | ML PREDICTION | PREDICTION=crime | CONFIDENCE=69.92 | TITLE=Tantric rituals lead to wildlife crime arrest, 1 held - The Times of India
2026-05-11 08:24:25,790 | INFO | SEMANTIC SCORE | SCORE=41.22 | TITLE=Tantric rituals lead to wildlife crime arrest, 1 held - The Times of India
2026-05-11 08:24:25,790 | WARNING | ARTICLE REJECTED | REASON=Low confidence | TITLE=Tantric rituals lead to wildlife crime arrest, 1 held - The Times of India
2026-05-11 08:24:27,430 | INFO | ML PREDICTION | PREDICTION=crime | CONFIDENCE=51.01 | TITLE=Wildlife crime cases in India decline significantly from 2020 to 2024: Govt - ThePrint
2026-05-11 08:24:27,470 | INFO | SEMANTIC SCORE | SCORE=57.44 | TITLE=Wildlife crime cases in India decline significantly from 2020 to 2024: Govt - ThePrint
2026-05-11 08:24:27,470 | WARNING | ARTICLE REJECTED | REASON=Low confidence | TITLE=Wildlife crime cases in India decline significantly from 2020 to 2024: Govt - ThePrint
2026-05-11 08:24:29,222 | WARNING | ARTICLE REJECTED | REASON=Validated | TITLE=TRAFFIC initiative in India warns against buying illegal wildlife products - TRAFFIC.org
2026-05-11 08:24:30,764 | WARNING | ARTICLE REJECTED | REASON=Validation failure | TITLE=Who’s Hoo? How to identify owls in illegal wildlife trade this International Owl Awareness Day - WWF India
2026-05-11 08:24:32,255 | WARNING | ARTICLE REJECTED | REASON=Validated | TITLE=Factsheet on India’s Agarwood in illegal wildlife trade - TRAFFIC.org
2026-05-11 08:24:33,888 | INFO | ML PREDICTION | PREDICTION=crime | CONFIDENCE=56.99 | TITLE=Illegal wildlife trade busted from Crawford Market, man arrested - The Times of India
2026-05-11 08:24:33,930 | INFO | SEMANTIC SCORE | SCORE=71.81 | TITLE=Illegal wildlife trade busted from Crawford Market, man arrested - The Times of India
2026-05-11 08:24:33,931 | WARNING | ARTICLE REJECTED | REASON=Low confidence | TITLE=Illegal wildlife trade busted from Crawford Market, man arrested - The Times of India
2026-05-11 08:24:35,558 | INFO | ML PREDICTION | PREDICTION=crime | CONFIDENCE=60.44 | TITLE=Nepal collaborates with neighbors to gain wildlife crime intel but struggles with enforcement - news - Mongabay
2026-05-11 08:24:35,618 | INFO | SEMANTIC SCORE | SCORE=54.57 | TITLE=Nepal collaborates with neighbors to gain wildlife crime intel but struggles with enforcement - news - Mongabay
2026-05-11 08:24:35,619 | WARNING | ARTICLE REJECTED | REASON=Low confidence | TITLE=Nepal collaborates with neighbors to gain wildlife crime intel but struggles with enforcement - news - Mongabay
2026-05-11 08:24:37,363 | INFO | ML PREDICTION | PREDICTION=other | CONFIDENCE=56.92 | TITLE=Wildlife crime goes digital, WCCB increases vigilance - The New Indian Express
2026-05-11 08:24:37,464 | INFO | SEMANTIC SCORE | SCORE=56.28 | TITLE=Wildlife crime goes digital, WCCB increases vigilance - The New Indian Express
2026-05-11 08:24:37,464 | WARNING | ARTICLE REJECTED | REASON=Low confidence | TITLE=Wildlife crime goes digital, WCCB increases vigilance - The New Indian Express
2026-05-11 08:24:39,007 | WARNING | ARTICLE REJECTED | REASON=Validated | TITLE=Indian Customs Department installs illegal wildlife trade displays at Delhi International Airport - TRAFFIC.org
2026-05-11 08:24:40,775 | WARNING | ARTICLE REJECTED | REASON=Validated | TITLE=A mutating crisis - Down To Earth
2026-05-11 08:24:42,483 | WARNING | ARTICLE REJECTED | REASON=Validated | TITLE=Factsheet: Netted In Illegal Wildlife Trade - Sharks of India - TRAFFIC.org
2026-05-11 08:24:44,098 | INFO | ML PREDICTION | PREDICTION=other | CONFIDENCE=69.35 | TITLE=Young coders put their skills together to address wildlife trafficking in India: Watch our late - WWF India
2026-05-11 08:24:44,137 | INFO | SEMANTIC SCORE | SCORE=59.21 | TITLE=Young coders put their skills together to address wildlife trafficking in India: Watch our late - WWF India
2026-05-11 08:24:44,137 | WARNING | ARTICLE REJECTED | REASON=Low confidence | TITLE=Young coders put their skills together to address wildlife trafficking in India: Watch our late - WWF India
2026-05-11 08:24:45,735 | INFO | ML PREDICTION | PREDICTION=crime | CONFIDENCE=57.96 | TITLE=350 exotic animals trafficked from Bangkok seized at Pune, Mumbai airports in two months | Hindustan Times - Hindustan Times
2026-05-11 08:24:45,811 | INFO | SEMANTIC SCORE | SCORE=57.27 | TITLE=350 exotic animals trafficked from Bangkok seized at Pune, Mumbai airports in two months | Hindustan Times - Hindustan Times
2026-05-11 08:24:45,811 | WARNING | ARTICLE REJECTED | REASON=Low confidence | TITLE=350 exotic animals trafficked from Bangkok seized at Pune, Mumbai airports in two months | Hindustan Times - Hindustan Times
2026-05-11 08:24:47,403 | INFO | ML PREDICTION | PREDICTION=other | CONFIDENCE=62.47 | TITLE=Wildlife trafficking in Tamil Nadu | The grey in the colourful plumage - The Hindu
2026-05-11 08:24:47,452 | INFO | SEMANTIC SCORE | SCORE=70.09 | TITLE=Wildlife trafficking in Tamil Nadu | The grey in the colourful plumage - The Hindu
2026-05-11 08:25:02,877 | INFO | DATABASE SAVE | INCIDENT=CLUSTER-20260511082502
2026-05-11 08:25:02,877 | INFO | ARTICLE ACCEPTED | CONFIDENCE=61.26 | TITLE=Wildlife trafficking in Tamil Nadu | The grey in the colourful plumage - The Hindu
2026-05-11 08:25:06,256 | INFO | ML PREDICTION | PREDICTION=other | CONFIDENCE=66.31 | TITLE=Bhutan, India, Nepal to counter wildlife trafficking - The Times of India
2026-05-11 08:25:06,286 | INFO | SEMANTIC SCORE | SCORE=54.07 | TITLE=Bhutan, India, Nepal to counter wildlife trafficking - The Times of India
2026-05-11 08:25:06,286 | WARNING | ARTICLE REJECTED | REASON=Low confidence | TITLE=Bhutan, India, Nepal to counter wildlife trafficking - The Times of India
2026-05-11 08:25:08,243 | INFO | ML PREDICTION | PREDICTION=other | CONFIDENCE=58.29 | TITLE=Chennai’s Wildlife Breeders Provide Cover for Traffickers - Earth Journalism Network
2026-05-11 08:25:08,281 | INFO | SEMANTIC SCORE | SCORE=56.54 | TITLE=Chennai’s Wildlife Breeders Provide Cover for Traffickers - Earth Journalism Network
2026-05-11 08:25:08,282 | WARNING | ARTICLE REJECTED | REASON=Low confidence | TITLE=Chennai’s Wildlife Breeders Provide Cover for Traffickers - Earth Journalism Network
2026-05-11 08:25:10,563 | INFO | ML PREDICTION | PREDICTION=other | CONFIDENCE=63.71 | TITLE=A community leads protection of the pangolin in a critical illegal trade corridor - Mongabay-India
2026-05-11 08:25:10,601 | INFO | SEMANTIC SCORE | SCORE=64.77 | TITLE=A community leads protection of the pangolin in a critical illegal trade corridor - Mongabay-India
2026-05-11 08:25:10,601 | WARNING | ARTICLE REJECTED | REASON=Low confidence | TITLE=A community leads protection of the pangolin in a critical illegal trade corridor - Mongabay-India
2026-05-11 08:25:12,202 | INFO | ML PREDICTION | PREDICTION=crime | CONFIDENCE=50.46 | TITLE=Why NCRB Data Understates Wildlife Crime in India - Frontline Magazine
2026-05-11 08:25:12,233 | INFO | SEMANTIC SCORE | SCORE=56.1 | TITLE=Why NCRB Data Understates Wildlife Crime in India - Frontline Magazine
2026-05-11 08:25:12,234 | WARNING | ARTICLE REJECTED | REASON=Low confidence | TITLE=Why NCRB Data Understates Wildlife Crime in India - Frontline Magazine
2026-05-11 08:25:13,637 | WARNING | ARTICLE REJECTED | REASON=Validated | TITLE=Rising illegal wildlife trade across Himalayan countries threatens the mountain ecosystem - Mongabay-India
2026-05-11 08:25:15,193 | WARNING | ARTICLE REJECTED | REASON=Validated | TITLE=Exotic reptiles in illegal wildlife trade in India - WWF India
2026-05-11 08:25:16,638 | WARNING | ARTICLE REJECTED | REASON=Validated | TITLE=Global rules, local gaps: Why CITES can’t help curb India’s domestic wildlife trade - Down To Earth
2026-05-11 08:25:18,061 | INFO | ML PREDICTION | PREDICTION=other | CONFIDENCE=62.81 | TITLE=Tougher action to curb Southeast Asia-India wildlife smuggling by air - TRAFFIC.org
2026-05-11 08:25:18,106 | INFO | SEMANTIC SCORE | SCORE=56.64 | TITLE=Tougher action to curb Southeast Asia-India wildlife smuggling by air - TRAFFIC.org
2026-05-11 08:25:18,107 | WARNING | ARTICLE REJECTED | REASON=Low confidence | TITLE=Tougher action to curb Southeast Asia-India wildlife smuggling by air - TRAFFIC.org
2026-05-11 08:25:19,743 | WARNING | ARTICLE REJECTED | REASON=Validation failure | TITLE=Workshop in Bagdogra Targets Wildlife Trafficking - Arunachal24
2026-05-11 08:25:21,240 | WARNING | ARTICLE REJECTED | REASON=Validated | TITLE=The anatomy of illicit wildlife trade In India - Dailyhunt
2026-05-11 08:25:22,818 | INFO | ML PREDICTION | PREDICTION=other | CONFIDENCE=58.21 | TITLE=Shift of wildlife trafficking to the North East–Myanmar corridor - INSIGHTS IAS
2026-05-11 08:25:22,886 | INFO | SEMANTIC SCORE | SCORE=74.97 | TITLE=Shift of wildlife trafficking to the North East–Myanmar corridor - INSIGHTS IAS
2026-05-11 08:25:26,103 | WARNING | ARTICLE REJECTED | REASON=Duplicate article | TITLE=Shift of wildlife trafficking to the North East–Myanmar corridor - INSIGHTS IAS
2026-05-11 08:25:29,427 | WARNING | ARTICLE REJECTED | REASON=Validated | TITLE=How India’s Wildlife Import System Became A Gateway For Gaps - Madras Courier
2026-05-11 08:25:30,966 | WARNING | ARTICLE REJECTED | REASON=Validated | TITLE=Stop wildlife imports to India until proper checks in place: CITES report - Vision IAS
2026-05-11 08:25:32,319 | INFO | ML PREDICTION | PREDICTION=crime | CONFIDENCE=62.68 | TITLE=First CBI Prosecuted Wildlife Crime Case in India - usthadian.com
2026-05-11 08:25:32,360 | INFO | SEMANTIC SCORE | SCORE=62.72 | TITLE=First CBI Prosecuted Wildlife Crime Case in India - usthadian.com
2026-05-11 08:25:32,360 | WARNING | ARTICLE REJECTED | REASON=Low confidence | TITLE=First CBI Prosecuted Wildlife Crime Case in India - usthadian.com
2026-05-11 08:25:33,957 | WARNING | ARTICLE REJECTED | REASON=Validated | TITLE=Indian Softshell Turtle Rescue Highlights Illegal Wildlife Trade - GK Today
2026-05-11 08:25:35,330 | INFO | ML PREDICTION | PREDICTION=other | CONFIDENCE=60.21 | TITLE=In unfamiliar lands: Trafficking of exotic wildlife species in India - WWF India
2026-05-11 08:25:35,372 | INFO | SEMANTIC SCORE | SCORE=71.19 | TITLE=In unfamiliar lands: Trafficking of exotic wildlife species in India - WWF India
2026-05-11 08:25:38,413 | WARNING | ARTICLE REJECTED | REASON=Duplicate article | TITLE=In unfamiliar lands: Trafficking of exotic wildlife species in India - WWF India
2026-05-11 08:25:41,732 | INFO | ML PREDICTION | PREDICTION=other | CONFIDENCE=53.1 | TITLE=Brazil police seize devices from bird expert in trafficking probe linked to Vantara zoo - news - Mongabay
2026-05-11 08:25:41,774 | INFO | SEMANTIC SCORE | SCORE=48.29 | TITLE=Brazil police seize devices from bird expert in trafficking probe linked to Vantara zoo - news - Mongabay
2026-05-11 08:25:41,774 | WARNING | ARTICLE REJECTED | REASON=Low confidence | TITLE=Brazil police seize devices from bird expert in trafficking probe linked to Vantara zoo - news - Mongabay
2026-05-11 08:25:43,205 | WARNING | ARTICLE REJECTED | REASON=Validated | TITLE=Tame the trade - Down To Earth
2026-05-11 08:25:44,722 | WARNING | ARTICLE REJECTED | REASON=Validated | TITLE=ADDING TEETH TO WILDLIFE LAW ENFORCEMENT - WWF India
2026-05-11 08:25:46,162 | WARNING | ARTICLE REJECTED | REASON=Validated | TITLE=India defends animal imports, calls wildlife governance ‘unmatched’ - Mongabay-India
2026-05-11 08:25:47,653 | INFO | ML PREDICTION | PREDICTION=other | CONFIDENCE=50.33 | TITLE=Strengthening law enforcement capacity to curb wildlife crime in Madhya Pradesh - WWF India
2026-05-11 08:25:47,695 | INFO | SEMANTIC SCORE | SCORE=59.41 | TITLE=Strengthening law enforcement capacity to curb wildlife crime in Madhya Pradesh - WWF India
2026-05-11 08:25:47,695 | WARNING | ARTICLE REJECTED | REASON=Low confidence | TITLE=Strengthening law enforcement capacity to curb wildlife crime in Madhya Pradesh - WWF India
2026-05-11 08:25:49,414 | WARNING | ARTICLE REJECTED | REASON=Validated | TITLE=Global biodiversity assessment counters Supreme Court’s clean chit to Vantara - Mongabay-India
2026-05-11 08:25:50,847 | INFO | ML PREDICTION | PREDICTION=other | CONFIDENCE=70.92 | TITLE=Operation Thunder, Highlights, Trends, Legal Framework - Vajiram & Ravi
2026-05-11 08:25:50,881 | INFO | SEMANTIC SCORE | SCORE=25.72 | TITLE=Operation Thunder, Highlights, Trends, Legal Framework - Vajiram & Ravi
2026-05-11 08:25:50,882 | WARNING | ARTICLE REJECTED | REASON=Low confidence | TITLE=Operation Thunder, Highlights, Trends, Legal Framework - Vajiram & Ravi
2026-05-11 08:25:52,429 | INFO | ML PREDICTION | PREDICTION=crime | CONFIDENCE=50.68 | TITLE=World Pangolin Day 2026: 500,000+ pangolins seized globally between 2016 and 2024 - Down To Earth
2026-05-11 08:25:52,492 | INFO | SEMANTIC SCORE | SCORE=68.27 | TITLE=World Pangolin Day 2026: 500,000+ pangolins seized globally between 2016 and 2024 - Down To Earth
2026-05-11 08:25:52,493 | WARNING | ARTICLE REJECTED | REASON=Low confidence | TITLE=World Pangolin Day 2026: 500,000+ pangolins seized globally between 2016 and 2024 - Down To Earth
2026-05-11 08:25:53,983 | INFO | ML PREDICTION | PREDICTION=crime | CONFIDENCE=55.63 | TITLE=Three arrested for illegal wildlife trade in Nakodar - The Tribune
2026-05-11 08:25:54,041 | INFO | SEMANTIC SCORE | SCORE=64.24 | TITLE=Three arrested for illegal wildlife trade in Nakodar - The Tribune
2026-05-11 08:25:54,044 | WARNING | ARTICLE REJECTED | REASON=Low confidence | TITLE=Three arrested for illegal wildlife trade in Nakodar - The Tribune
2026-05-11 08:25:55,641 | INFO | ML PREDICTION | PREDICTION=other | CONFIDENCE=66.95 | TITLE=[Explainer] Why is India a major hub for wildlife trafficking? - Mongabay-India
2026-05-11 08:25:55,671 | INFO | SEMANTIC SCORE | SCORE=55.34 | TITLE=[Explainer] Why is India a major hub for wildlife trafficking? - Mongabay-India
2026-05-11 08:25:55,672 | WARNING | ARTICLE REJECTED | REASON=Low confidence | TITLE=[Explainer] Why is India a major hub for wildlife trafficking? - Mongabay-India
2026-05-11 08:25:57,312 | WARNING | ARTICLE REJECTED | REASON=Validated | TITLE=NE border attracts MP, Maharashtra poachers - The New Indian Express
2026-05-11 08:25:58,851 | INFO | ML PREDICTION | PREDICTION=crime | CONFIDENCE=56.99 | TITLE=Illegal wildlife trade busted from Crawford Market, man arrested - The Times of India
2026-05-11 08:25:58,919 | INFO | SEMANTIC SCORE | SCORE=71.81 | TITLE=Illegal wildlife trade busted from Crawford Market, man arrested - The Times of India
2026-05-11 08:25:58,920 | WARNING | ARTICLE REJECTED | REASON=Low confidence | TITLE=Illegal wildlife trade busted from Crawford Market, man arrested - The Times of India
2026-05-11 08:26:00,535 | INFO | ML PREDICTION | PREDICTION=other | CONFIDENCE=51.92 | TITLE=Banned wildlife trade busted: Three arrested for wildlife trophy possession; Investigation hints at a wid - The Times of India
2026-05-11 08:26:00,582 | INFO | SEMANTIC SCORE | SCORE=68.93 | TITLE=Banned wildlife trade busted: Three arrested for wildlife trophy possession; Investigation hints at a wid - The Times of India
2026-05-11 08:26:00,582 | WARNING | ARTICLE REJECTED | REASON=Low confidence | TITLE=Banned wildlife trade busted: Three arrested for wildlife trophy possession; Investigation hints at a wid - The Times of India
2026-05-11 08:26:02,162 | WARNING | ARTICLE REJECTED | REASON=Validated | TITLE=Woman held with 2 kg pangolin scales in Jharkhand, exposing India’s link to a global wildlife trade - Telegraph India
2026-05-11 08:26:03,557 | WARNING | ARTICLE REJECTED | REASON=Validated | TITLE=CITES Report Urges India to Halt Wildlife Imports Pending Stronger Checks - Vajiram & Ravi
2026-05-11 08:26:05,066 | WARNING | ARTICLE REJECTED | REASON=Validated | TITLE=Stop wildlife imports to India until proper checks in place: CITES report - The Indian Express
2026-05-11 08:26:06,715 | WARNING | ARTICLE REJECTED | REASON=Validated | TITLE=Snake Venom Trail Uncovers Alleged Illegal Exotic Wildlife Trade In Ahmedabad Flat - Vibes Of India
2026-05-11 08:26:08,149 | WARNING | ARTICLE REJECTED | REASON=Validation failure | TITLE=Increase in gibbon trafficking into India has conservationists worried - news - Mongabay
2026-05-11 08:26:09,611 | WARNING | ARTICLE REJECTED | REASON=Validated | TITLE=After Vantara Visit, CITES Raps India, Says No More Imports of Endangered Wildlife Until Compliance - TheWire.in
2026-05-11 08:26:11,088 | INFO | ML PREDICTION | PREDICTION=crime | CONFIDENCE=69.77 | TITLE=631 Live Turtles Rescued in Odisha’s Malkangiri During Wildlife Smuggling Crackdown; Seven Arrested - pragativadi.com
2026-05-11 08:26:11,153 | INFO | SEMANTIC SCORE | SCORE=55.2 | TITLE=631 Live Turtles Rescued in Odisha’s Malkangiri During Wildlife Smuggling Crackdown; Seven Arrested - pragativadi.com
2026-05-11 08:26:11,153 | WARNING | ARTICLE REJECTED | REASON=Low confidence | TITLE=631 Live Turtles Rescued in Odisha’s Malkangiri During Wildlife Smuggling Crackdown; Seven Arrested - pragativadi.com
2026-05-11 08:26:12,922 | INFO | ML PREDICTION | PREDICTION=other | CONFIDENCE=67.03 | TITLE=Police crack down on smugglers attempting to cross border: 'High demand for illegal trade' - The Cool Down
2026-05-11 08:26:12,998 | INFO | SEMANTIC SCORE | SCORE=36.26 | TITLE=Police crack down on smugglers attempting to cross border: 'High demand for illegal trade' - The Cool Down
2026-05-11 08:26:12,999 | WARNING | ARTICLE REJECTED | REASON=Low confidence | TITLE=Police crack down on smugglers attempting to cross border: 'High demand for illegal trade' - The Cool Down
2026-05-11 08:26:14,634 | INFO | ML PREDICTION | PREDICTION=other | CONFIDENCE=51.01 | TITLE=How India Is Using AI to Stop Poaching: 5 Tech Initiatives Protecting Wildlife - The Better India
2026-05-11 08:26:14,724 | INFO | SEMANTIC SCORE | SCORE=44.32 | TITLE=How India Is Using AI to Stop Poaching: 5 Tech Initiatives Protecting Wildlife - The Better India
2026-05-11 08:26:14,724 | WARNING | ARTICLE REJECTED | REASON=Low confidence | TITLE=How India Is Using AI to Stop Poaching: 5 Tech Initiatives Protecting Wildlife - The Better India
2026-05-11 08:26:16,523 | WARNING | ARTICLE REJECTED | REASON=Validated | TITLE=India’s endangered tigers are being sold in Myanmar for lust potions and dark myths - The Economic Times
2026-05-11 08:26:17,975 | INFO | ML PREDICTION | PREDICTION=other | CONFIDENCE=56.27 | TITLE=Malaysia steps up action against smuggling of wildlife in passenger luggage between Southeast Asia, India - Asia News Network
2026-05-11 08:26:18,041 | INFO | SEMANTIC SCORE | SCORE=41.9 | TITLE=Malaysia steps up action against smuggling of wildlife in passenger luggage between Southeast Asia, India - Asia News Network
2026-05-11 08:26:18,041 | WARNING | ARTICLE REJECTED | REASON=Low confidence | TITLE=Malaysia steps up action against smuggling of wildlife in passenger luggage between Southeast Asia, India - Asia News Network
2026-05-11 08:26:19,636 | INFO | ML PREDICTION | PREDICTION=crime | CONFIDENCE=60.35 | TITLE=Over 100 Parrots Seized in Major Forest Department Crackdown in Jamshedpur, Smuggler Arrested - The Avenue Mail
2026-05-11 08:26:19,684 | INFO | SEMANTIC SCORE | SCORE=62.24 | TITLE=Over 100 Parrots Seized in Major Forest Department Crackdown in Jamshedpur, Smuggler Arrested - The Avenue Mail
2026-05-11 08:26:23,198 | WARNING | ARTICLE REJECTED | REASON=Duplicate article | TITLE=Over 100 Parrots Seized in Major Forest Department Crackdown in Jamshedpur, Smuggler Arrested - The Avenue Mail
2026-05-11 08:26:26,360 | INFO | ML PREDICTION | PREDICTION=other | CONFIDENCE=53.14 | TITLE=Joint operation cracks down on illegal wildlife trade in Gujarat's Valsad; three held - ANI News
2026-05-11 08:26:26,507 | INFO | SEMANTIC SCORE | SCORE=54.27 | TITLE=Joint operation cracks down on illegal wildlife trade in Gujarat's Valsad; three held - ANI News
2026-05-11 08:26:26,508 | WARNING | ARTICLE REJECTED | REASON=Low confidence | TITLE=Joint operation cracks down on illegal wildlife trade in Gujarat's Valsad; three held - ANI News
2026-05-11 08:26:28,718 | INFO | ML PREDICTION | PREDICTION=crime | CONFIDENCE=70.14 | TITLE=CBI court sentences six to two years’ jail in tiger, leopard parts smuggling case - The Hans India
2026-05-11 08:26:28,795 | INFO | SEMANTIC SCORE | SCORE=45.23 | TITLE=CBI court sentences six to two years’ jail in tiger, leopard parts smuggling case - The Hans India
2026-05-11 08:26:28,796 | WARNING | ARTICLE REJECTED | REASON=Low confidence | TITLE=CBI court sentences six to two years’ jail in tiger, leopard parts smuggling case - The Hans India
2026-05-11 08:26:31,079 | INFO | ML PREDICTION | PREDICTION=crime | CONFIDENCE=56.43 | TITLE=‘Forgotten’ leopards being driven to silent extinction by poaching and trade - news - Mongabay
2026-05-11 08:26:31,141 | INFO | SEMANTIC SCORE | SCORE=58.29 | TITLE=‘Forgotten’ leopards being driven to silent extinction by poaching and trade - news - Mongabay
2026-05-11 08:26:31,141 | WARNING | ARTICLE REJECTED | REASON=Low confidence | TITLE=‘Forgotten’ leopards being driven to silent extinction by poaching and trade - news - Mongabay
2026-05-11 08:26:32,862 | WARNING | ARTICLE REJECTED | REASON=Validated | TITLE=In Deep Water: India's Sea Cucumbers in Illegal Wildlife Trade - TRAFFIC.org
2026-05-11 08:26:34,537 | WARNING | ARTICLE REJECTED | REASON=Validated | TITLE=NGO Flags Rise in Illegal Wildlife Trade Guised as ‘Zoo Transfers’, Including to India - TheWire.in
2026-05-11 08:26:36,081 | WARNING | ARTICLE REJECTED | REASON=Validated | TITLE=India's Pangolins buried in Illegal Wildlife Trade - Wildlife Trade Report from TRAFFIC - TRAFFIC.org
2026-05-11 08:26:37,650 | WARNING | ARTICLE REJECTED | REASON=Validated | TITLE=INDIA AND NEPAL MEET TO ADDRESS CHALLENGES TO CURBING ILLEGAL WILDLIFE TRADE - WWF India
2026-05-11 08:26:39,284 | INFO | ML PREDICTION | PREDICTION=other | CONFIDENCE=51.68 | TITLE=Major crackdown on illegal wildlife trade: 226 protected animals seized at Mumbai's Crawford Market - Mid-day
2026-05-11 08:26:39,358 | INFO | SEMANTIC SCORE | SCORE=70.63 | TITLE=Major crackdown on illegal wildlife trade: 226 protected animals seized at Mumbai's Crawford Market - Mid-day
2026-05-11 08:26:39,358 | WARNING | ARTICLE REJECTED | REASON=Low confidence | TITLE=Major crackdown on illegal wildlife trade: 226 protected animals seized at Mumbai's Crawford Market - Mid-day
2026-05-11 08:26:41,027 | WARNING | ARTICLE REJECTED | REASON=Validated | TITLE=Excess Baggage: How wildlife is trafficked by air in and out of India - Mongabay-India
2026-05-11 08:26:42,511 | WARNING | ARTICLE REJECTED | REASON=Validated | TITLE=Factsheet on Indian Spiny-tailed Lizard in illegal wildlife trade - Wildlife Trade Report from TRAFFIC - TRAFFIC.org
2026-05-11 08:26:44,070 | WARNING | ARTICLE REJECTED | REASON=Validation failure | TITLE=World Environment Day 2021-India’s Commitment Towards Stopping Illegal Wildlife Trafficking - Welcome to the United Nations
2026-05-11 08:26:45,982 | WARNING | ARTICLE REJECTED | REASON=Validated | TITLE=Factsheet on India’s Red Sanders in illegal wildlife trade - TRAFFIC.org
2026-05-11 08:26:48,062 | WARNING | ARTICLE REJECTED | REASON=Validated | TITLE=Factsheet on India’s Agarwood in illegal wildlife trade - TRAFFIC.org
2026-05-11 08:26:49,824 | INFO | ML PREDICTION | PREDICTION=other | CONFIDENCE=77.53 | TITLE=BHUTAN, INDIA, AND NEPAL COLLABORATE TO COUNTER WILDLIFE TRAFFICKING IN SOUTH ASIA - WWF India
2026-05-11 08:26:49,945 | INFO | SEMANTIC SCORE | SCORE=57.18 | TITLE=BHUTAN, INDIA, AND NEPAL COLLABORATE TO COUNTER WILDLIFE TRAFFICKING IN SOUTH ASIA - WWF India
2026-05-11 08:26:55,413 | WARNING | ARTICLE REJECTED | REASON=Duplicate article | TITLE=BHUTAN, INDIA, AND NEPAL COLLABORATE TO COUNTER WILDLIFE TRAFFICKING IN SOUTH ASIA - WWF India
2026-05-11 08:26:58,334 | WARNING | ARTICLE REJECTED | REASON=Validated | TITLE=Factsheet: Netted In Illegal Wildlife Trade - Sharks of India - TRAFFIC.org
2026-05-11 08:27:00,949 | INFO | ML PREDICTION | PREDICTION=other | CONFIDENCE=51.48 | TITLE=How India is curbing wildlife trafficking - DD News
2026-05-11 08:27:01,008 | INFO | SEMANTIC SCORE | SCORE=62.23 | TITLE=How India is curbing wildlife trafficking - DD News
2026-05-11 08:27:01,009 | WARNING | ARTICLE REJECTED | REASON=Low confidence | TITLE=How India is curbing wildlife trafficking - DD News
2026-05-11 08:27:03,508 | WARNING | ARTICLE REJECTED | REASON=Validated | TITLE=TRAFFIC initiative in India warns against buying illegal wildlife products - TRAFFIC.org
2026-05-11 08:27:06,249 | INFO | ML PREDICTION | PREDICTION=other | CONFIDENCE=63.92 | TITLE=High Flying: Insight Into Wildlife Trafficking Through India's Airports - Wildlife Trade Report from TRAFFIC - TRAFFIC.org
2026-05-11 08:27:06,382 | INFO | SEMANTIC SCORE | SCORE=67.33 | TITLE=High Flying: Insight Into Wildlife Trafficking Through India's Airports - Wildlife Trade Report from TRAFFIC - TRAFFIC.org
2026-05-11 08:27:11,906 | WARNING | ARTICLE REJECTED | REASON=Duplicate article | TITLE=High Flying: Insight Into Wildlife Trafficking Through India's Airports - Wildlife Trade Report from TRAFFIC - TRAFFIC.org
2026-05-11 08:27:14,757 | WARNING | ARTICLE REJECTED | REASON=Validated | TITLE=7 animals you can’t keep as pets at home - The Indian Express
2026-05-11 08:27:17,626 | WARNING | ARTICLE REJECTED | REASON=Validation failure | TITLE=Who’s Hoo? How to identify owls in illegal wildlife trade this International Owl Awareness Day - WWF India
2026-05-11 08:27:20,241 | WARNING | ARTICLE REJECTED | REASON=Validated | TITLE=Factsheet on Orchids in India's illegal wildlife trade - Wildlife Trade Report from TRAFFIC - TRAFFIC.org
2026-05-11 08:27:22,652 | INFO | ML PREDICTION | PREDICTION=other | CONFIDENCE=57.04 | TITLE=WILDLIFE CRIME CONTROL BUREAU FROM INDIA AND NEPAL MEET TO STRENGTHEN COLLABORATION FOR CURBING - WWF India
2026-05-11 08:27:22,734 | INFO | SEMANTIC SCORE | SCORE=50.3 | TITLE=WILDLIFE CRIME CONTROL BUREAU FROM INDIA AND NEPAL MEET TO STRENGTHEN COLLABORATION FOR CURBING - WWF India
2026-05-11 08:27:22,735 | WARNING | ARTICLE REJECTED | REASON=Low confidence | TITLE=WILDLIFE CRIME CONTROL BUREAU FROM INDIA AND NEPAL MEET TO STRENGTHEN COLLABORATION FOR CURBING - WWF India
2026-05-11 08:27:25,386 | WARNING | ARTICLE REJECTED | REASON=Validated | TITLE=INDIA'S PANGOLIN BURIED IN ILLEGAL WILDLIFE TRADE: Over 1200 were poached and trafficked from - WWF India
2026-05-11 08:27:27,666 | WARNING | ARTICLE REJECTED | REASON=Validation failure | TITLE=‘Not all animals migrate by choice’ campaign launched to raise awareness on illegal wildlife trade - Press Information Bureau
2026-05-11 08:27:29,285 | WARNING | ARTICLE REJECTED | REASON=Validated | TITLE=A mutating crisis - Down To Earth
2026-05-11 08:27:30,976 | WARNING | ARTICLE REJECTED | REASON=Validation failure | TITLE=WORLD ENVIRONMENT DAY 2021-INDIA’S COMMITMENT TOWARDS STOPPING ILLEGAL WILDLIFE TRAFFICKING - WWF India
2026-05-11 08:27:32,432 | WARNING | ARTICLE REJECTED | REASON=Validated | TITLE=Superstitious Beliefs – Another Source of Demand in India’s Illegal Wildlife Trade - The Wire Science
2026-05-11 08:27:33,949 | WARNING | ARTICLE REJECTED | REASON=Validated | TITLE=There are major issues surrounding legal wildlife trade that have been overlooked - Down To Earth
2026-05-11 08:27:35,663 | INFO | ML PREDICTION | PREDICTION=other | CONFIDENCE=67.63 | TITLE=Illegal trade of Red Pandas in India and across borders - Wildlife Trade Report from TRAFFIC - TRAFFIC.org
2026-05-11 08:27:35,728 | INFO | SEMANTIC SCORE | SCORE=60.6 | TITLE=Illegal trade of Red Pandas in India and across borders - Wildlife Trade Report from TRAFFIC - TRAFFIC.org
2026-05-11 08:27:35,728 | WARNING | ARTICLE REJECTED | REASON=Low confidence | TITLE=Illegal trade of Red Pandas in India and across borders - Wildlife Trade Report from TRAFFIC - TRAFFIC.org
2026-05-11 08:27:37,415 | INFO | ML PREDICTION | PREDICTION=other | CONFIDENCE=64.79 | TITLE=India’s Wildlife Trafficking Epidemic - The Diplomat – Asia-Pacific
2026-05-11 08:27:37,460 | INFO | SEMANTIC SCORE | SCORE=70.59 | TITLE=India’s Wildlife Trafficking Epidemic - The Diplomat – Asia-Pacific
2026-05-11 08:27:40,867 | WARNING | ARTICLE REJECTED | REASON=Duplicate article | TITLE=India’s Wildlife Trafficking Epidemic - The Diplomat – Asia-Pacific
2026-05-11 08:27:43,461 | INFO | ML PREDICTION | PREDICTION=crime | CONFIDENCE=60.44 | TITLE=Nepal collaborates with neighbors to gain wildlife crime intel but struggles with enforcement - news - Mongabay
2026-05-11 08:27:43,566 | INFO | SEMANTIC SCORE | SCORE=54.57 | TITLE=Nepal collaborates with neighbors to gain wildlife crime intel but struggles with enforcement - news - Mongabay
2026-05-11 08:27:43,567 | WARNING | ARTICLE REJECTED | REASON=Low confidence | TITLE=Nepal collaborates with neighbors to gain wildlife crime intel but struggles with enforcement - news - Mongabay
2026-05-11 08:27:45,194 | WARNING | ARTICLE REJECTED | REASON=Validated | TITLE=From policy to practice: Evaluating India’s approach to exotic wildlife trade under CITES - The Leaflet
2026-05-11 08:27:46,768 | INFO | ML PREDICTION | PREDICTION=other | CONFIDENCE=72.54 | TITLE=First of its kind project launches new tools to combat Wildlife Trafficking In India’s Airports - TRAFFIC.org
2026-05-11 08:27:46,820 | INFO | SEMANTIC SCORE | SCORE=65.95 | TITLE=First of its kind project launches new tools to combat Wildlife Trafficking In India’s Airports - TRAFFIC.org
2026-05-11 08:27:50,063 | WARNING | ARTICLE REJECTED | REASON=Duplicate article | TITLE=First of its kind project launches new tools to combat Wildlife Trafficking In India’s Airports - TRAFFIC.org
2026-05-11 08:27:53,066 | WARNING | ARTICLE REJECTED | REASON=Validated | TITLE=Factsheet on India’s caterpillar fungus in illegal wildlife trade - TRAFFIC.org
2026-05-11 08:27:54,528 | WARNING | ARTICLE REJECTED | REASON=Validated | TITLE=Illegal wildlife trade a global threat: FATF report - The Hindu
2026-05-11 08:27:56,076 | WARNING | ARTICLE REJECTED | REASON=Validated | TITLE=Amazon, eBay involved in illegal wildlife trade: Indian government - news - Mongabay
2026-05-11 08:27:57,703 | WARNING | ARTICLE REJECTED | REASON=Validated | TITLE=Indian Customs Department extends support: Installs informative displays on illegal wildlife t - WWF India
2026-05-11 08:27:59,304 | INFO | ML PREDICTION | PREDICTION=other | CONFIDENCE=71.38 | TITLE=FIRST OF ITS KIND PROJECT LAUNCHES NEW TOOLS TO COMBAT WILDLIFE TRAFFICKING IN INDIA’S AIRPORT - WWF India
2026-05-11 08:27:59,379 | INFO | SEMANTIC SCORE | SCORE=60.22 | TITLE=FIRST OF ITS KIND PROJECT LAUNCHES NEW TOOLS TO COMBAT WILDLIFE TRAFFICKING IN INDIA’S AIRPORT - WWF India
2026-05-11 08:28:02,549 | WARNING | ARTICLE REJECTED | REASON=Duplicate article | TITLE=FIRST OF ITS KIND PROJECT LAUNCHES NEW TOOLS TO COMBAT WILDLIFE TRAFFICKING IN INDIA’S AIRPORT - WWF India
2026-05-11 08:28:04,729 | INFO | ML PREDICTION | PREDICTION=other | CONFIDENCE=56.92 | TITLE=Wildlife crime goes digital, WCCB increases vigilance - The New Indian Express
2026-05-11 08:28:04,861 | INFO | SEMANTIC SCORE | SCORE=56.28 | TITLE=Wildlife crime goes digital, WCCB increases vigilance - The New Indian Express
2026-05-11 08:28:04,862 | WARNING | ARTICLE REJECTED | REASON=Low confidence | TITLE=Wildlife crime goes digital, WCCB increases vigilance - The New Indian Express
2026-05-11 08:28:07,220 | INFO | ML PREDICTION | PREDICTION=crime | CONFIDENCE=63.08 | TITLE=Decoding solutions: curbing online wildlife crime in India - TRAFFIC.org
2026-05-11 08:28:07,363 | INFO | SEMANTIC SCORE | SCORE=60.7 | TITLE=Decoding solutions: curbing online wildlife crime in India - TRAFFIC.org
2026-05-11 08:28:07,363 | WARNING | ARTICLE REJECTED | REASON=Low confidence | TITLE=Decoding solutions: curbing online wildlife crime in India - TRAFFIC.org
2026-05-11 08:28:10,080 | INFO | ML PREDICTION | PREDICTION=other | CONFIDENCE=63.59 | TITLE=SOUTH ASIAN COUNTRIES MEET AGAIN TO STRENGTHEN EFFORTS TO CURB WILDLIFE TRAFFICKING - WWF India
2026-05-11 08:28:10,157 | INFO | SEMANTIC SCORE | SCORE=43.61 | TITLE=SOUTH ASIAN COUNTRIES MEET AGAIN TO STRENGTHEN EFFORTS TO CURB WILDLIFE TRAFFICKING - WWF India
2026-05-11 08:28:10,158 | WARNING | ARTICLE REJECTED | REASON=Low confidence | TITLE=SOUTH ASIAN COUNTRIES MEET AGAIN TO STRENGTHEN EFFORTS TO CURB WILDLIFE TRAFFICKING - WWF India
2026-05-11 08:28:13,366 | INFO | ML PREDICTION | PREDICTION=crime | CONFIDENCE=79.29 | TITLE=Manas poaching case unravels global wildlife smuggling ring - The Times of India
2026-05-11 08:28:13,489 | INFO | SEMANTIC SCORE | SCORE=56.52 | TITLE=Manas poaching case unravels global wildlife smuggling ring - The Times of India
2026-05-11 08:28:18,969 | WARNING | ARTICLE REJECTED | REASON=Duplicate article | TITLE=Manas poaching case unravels global wildlife smuggling ring - The Times of India
2026-05-11 08:28:21,764 | INFO | ML PREDICTION | PREDICTION=other | CONFIDENCE=70.66 | TITLE=ENFORCEMENT AGENCIES TRAIN TOGETHER TO STOP WILDLIFE TRAFFICKING ACROSS INDIA’S HIMALAYAS - WWF India
2026-05-11 08:28:21,871 | INFO | SEMANTIC SCORE | SCORE=61.13 | TITLE=ENFORCEMENT AGENCIES TRAIN TOGETHER TO STOP WILDLIFE TRAFFICKING ACROSS INDIA’S HIMALAYAS - WWF India
2026-05-11 08:28:27,470 | WARNING | ARTICLE REJECTED | REASON=Duplicate article | TITLE=ENFORCEMENT AGENCIES TRAIN TOGETHER TO STOP WILDLIFE TRAFFICKING ACROSS INDIA’S HIMALAYAS - WWF India
2026-05-11 08:28:30,118 | INFO | ML PREDICTION | PREDICTION=other | CONFIDENCE=70.35 | TITLE=US and India Co-operate to Combat Illegal Trade in Wildlife - TRAFFIC.org
2026-05-11 08:28:30,189 | INFO | SEMANTIC SCORE | SCORE=66.85 | TITLE=US and India Co-operate to Combat Illegal Trade in Wildlife - TRAFFIC.org
2026-05-11 08:28:36,072 | WARNING | ARTICLE REJECTED | REASON=Duplicate article | TITLE=US and India Co-operate to Combat Illegal Trade in Wildlife - TRAFFIC.org
2026-05-11 08:28:40,247 | WARNING | ARTICLE REJECTED | REASON=Validated | TITLE=TRAFFIC warns against buying illegal wildlife products - WWF India
2026-05-11 08:28:42,479 | WARNING | ARTICLE REJECTED | REASON=Validated | TITLE=Indian Customs Department installs illegal wildlife trade displays at Delhi International Airport - TRAFFIC.org
2026-05-11 08:31:12,303 | INFO | WILDLIFE AI SYSTEM STARTED
2026-05-11 08:31:16,789 | INFO | ML PREDICTION | PREDICTION=crime | CONFIDENCE=50.46 | TITLE=Why NCRB Data Understates Wildlife Crime in India - Frontline Magazine
2026-05-11 08:31:16,851 | INFO | SEMANTIC SCORE | SCORE=56.1 | TITLE=Why NCRB Data Understates Wildlife Crime in India - Frontline Magazine
2026-05-11 08:31:16,852 | WARNING | ARTICLE REJECTED | REASON=Low confidence | TITLE=Why NCRB Data Understates Wildlife Crime in India - Frontline Magazine
2026-05-11 08:31:18,698 | INFO | ML PREDICTION | PREDICTION=other | CONFIDENCE=58.75 | TITLE=Rajasthan strengthens wildlife law enforcement, organises training for forest officials at Ranthambore - WWF India
2026-05-11 08:31:18,739 | INFO | SEMANTIC SCORE | SCORE=49.04 | TITLE=Rajasthan strengthens wildlife law enforcement, organises training for forest officials at Ranthambore - WWF India
2026-05-11 08:31:18,740 | WARNING | ARTICLE REJECTED | REASON=Low confidence | TITLE=Rajasthan strengthens wildlife law enforcement, organises training for forest officials at Ranthambore - WWF India
2026-05-11 08:31:20,365 | INFO | ML PREDICTION | PREDICTION=other | CONFIDENCE=53.1 | TITLE=Brazil police seize devices from bird expert in trafficking probe linked to Vantara zoo - news - Mongabay
2026-05-11 08:31:20,410 | INFO | SEMANTIC SCORE | SCORE=48.29 | TITLE=Brazil police seize devices from bird expert in trafficking probe linked to Vantara zoo - news - Mongabay
2026-05-11 08:31:20,410 | WARNING | ARTICLE REJECTED | REASON=Low confidence | TITLE=Brazil police seize devices from bird expert in trafficking probe linked to Vantara zoo - news - Mongabay
2026-05-11 08:31:22,181 | WARNING | ARTICLE REJECTED | REASON=Validation failure | TITLE=Workshop in Bagdogra Targets Wildlife Trafficking - Arunachal24
2026-05-11 08:31:23,654 | INFO | ML PREDICTION | PREDICTION=crime | CONFIDENCE=62.68 | TITLE=First CBI Prosecuted Wildlife Crime Case in India - usthadian.com
2026-05-11 08:31:23,702 | INFO | SEMANTIC SCORE | SCORE=62.72 | TITLE=First CBI Prosecuted Wildlife Crime Case in India - usthadian.com
2026-05-11 08:31:23,703 | WARNING | ARTICLE REJECTED | REASON=Low confidence | TITLE=First CBI Prosecuted Wildlife Crime Case in India - usthadian.com
2026-05-11 08:31:25,326 | INFO | ML PREDICTION | PREDICTION=other | CONFIDENCE=58.21 | TITLE=Shift of wildlife trafficking to the North East–Myanmar corridor - INSIGHTS IAS
2026-05-11 08:31:25,377 | INFO | SEMANTIC SCORE | SCORE=74.97 | TITLE=Shift of wildlife trafficking to the North East–Myanmar corridor - INSIGHTS IAS
2026-05-11 08:31:28,790 | WARNING | ARTICLE REJECTED | REASON=Duplicate article | TITLE=Shift of wildlife trafficking to the North East–Myanmar corridor - INSIGHTS IAS
2026-05-11 08:31:30,742 | WARNING | ARTICLE REJECTED | REASON=Validated | TITLE=The anatomy of illicit wildlife trade In India - Dailyhunt
2026-05-11 08:31:32,644 | INFO | ML PREDICTION | PREDICTION=other | CONFIDENCE=70.92 | TITLE=Operation Thunder, Highlights, Trends, Legal Framework - Vajiram & Ravi
2026-05-11 08:31:32,681 | INFO | SEMANTIC SCORE | SCORE=25.72 | TITLE=Operation Thunder, Highlights, Trends, Legal Framework - Vajiram & Ravi
2026-05-11 08:31:32,682 | WARNING | ARTICLE REJECTED | REASON=Low confidence | TITLE=Operation Thunder, Highlights, Trends, Legal Framework - Vajiram & Ravi
2026-05-11 08:31:34,200 | WARNING | ARTICLE REJECTED | REASON=Validated | TITLE=Number of cases registered under Wildlife Protection Act India 2015 -2023 - Statista
2026-05-11 08:31:35,648 | INFO | ML PREDICTION | PREDICTION=crime | CONFIDENCE=65.7 | TITLE=9 jailed for 3 yrs in 4 wildlife crime cases in Alipurduar - The Times of India
2026-05-11 08:31:35,686 | INFO | SEMANTIC SCORE | SCORE=61.93 | TITLE=9 jailed for 3 yrs in 4 wildlife crime cases in Alipurduar - The Times of India
2026-05-11 08:31:35,686 | WARNING | ARTICLE REJECTED | REASON=Low confidence | TITLE=9 jailed for 3 yrs in 4 wildlife crime cases in Alipurduar - The Times of India
2026-05-11 08:31:37,161 | INFO | ML PREDICTION | PREDICTION=crime | CONFIDENCE=74.89 | TITLE=Woman wanted by Interpol for trafficking tiger parts arrested in India - BBC
2026-05-11 08:31:37,209 | INFO | SEMANTIC SCORE | SCORE=45.46 | TITLE=Woman wanted by Interpol for trafficking tiger parts arrested in India - BBC
2026-05-11 08:31:41,601 | WARNING | ARTICLE REJECTED | REASON=Duplicate article | TITLE=Woman wanted by Interpol for trafficking tiger parts arrested in India - BBC
2026-05-11 08:31:44,551 | WARNING | ARTICLE REJECTED | REASON=Validated | TITLE=Wildlife-Related Crime Numbers Witness a Significant Decline - FACTLY
2026-05-11 08:31:46,167 | INFO | ML PREDICTION | PREDICTION=crime | CONFIDENCE=51.01 | TITLE=Wildlife crime cases in India decline significantly: Govt - Deccan Herald
2026-05-11 08:31:46,207 | INFO | SEMANTIC SCORE | SCORE=58.47 | TITLE=Wildlife crime cases in India decline significantly: Govt - Deccan Herald
2026-05-11 08:31:46,208 | WARNING | ARTICLE REJECTED | REASON=Low confidence | TITLE=Wildlife crime cases in India decline significantly: Govt - Deccan Herald
2026-05-11 08:31:47,664 | WARNING | ARTICLE REJECTED | REASON=Validated | TITLE=India defends animal imports, calls wildlife governance ‘unmatched’ - Mongabay-India
2026-05-11 08:31:49,110 | INFO | ML PREDICTION | PREDICTION=other | CONFIDENCE=50.33 | TITLE=Strengthening law enforcement capacity to curb wildlife crime in Madhya Pradesh - WWF India
2026-05-11 08:31:49,155 | INFO | SEMANTIC SCORE | SCORE=59.41 | TITLE=Strengthening law enforcement capacity to curb wildlife crime in Madhya Pradesh - WWF India
2026-05-11 08:31:49,156 | WARNING | ARTICLE REJECTED | REASON=Low confidence | TITLE=Strengthening law enforcement capacity to curb wildlife crime in Madhya Pradesh - WWF India
2026-05-11 08:31:50,725 | INFO | ML PREDICTION | PREDICTION=crime | CONFIDENCE=65.29 | TITLE=Wildlife crime thrives in least forested Punjab - The Hindu
2026-05-11 08:31:50,774 | INFO | SEMANTIC SCORE | SCORE=48.88 | TITLE=Wildlife crime thrives in least forested Punjab - The Hindu
2026-05-11 08:31:50,775 | WARNING | ARTICLE REJECTED | REASON=Low confidence | TITLE=Wildlife crime thrives in least forested Punjab - The Hindu
2026-05-11 08:31:52,576 | INFO | ML PREDICTION | PREDICTION=crime | CONFIDENCE=52.83 | TITLE=Six wildlife sniffer dogs begin intensive refresher training to combat wildlife crime - WWF India
2026-05-11 08:31:52,638 | INFO | SEMANTIC SCORE | SCORE=45.2 | TITLE=Six wildlife sniffer dogs begin intensive refresher training to combat wildlife crime - WWF India
2026-05-11 08:31:52,638 | WARNING | ARTICLE REJECTED | REASON=Low confidence | TITLE=Six wildlife sniffer dogs begin intensive refresher training to combat wildlife crime - WWF India
2026-05-11 08:31:54,107 | WARNING | ARTICLE REJECTED | REASON=Validated | TITLE=Global biodiversity assessment counters Supreme Court’s clean chit to Vantara - Mongabay-India
2026-05-11 08:31:55,711 | WARNING | ARTICLE REJECTED | REASON=Validated | TITLE=RhODIS India: Forensic science to the rescue of rhinos - WWF India
2026-05-11 08:31:57,133 | WARNING | ARTICLE REJECTED | REASON=Validated | TITLE=CITES withdraws recommendation to suspend trade of endangered species to India - Mongabay-India
2026-05-11 08:31:58,772 | INFO | ML PREDICTION | PREDICTION=other | CONFIDENCE=63.2 | TITLE=Decade-old case gets fresh life as woman at centre of India’s biggest wildlife trafficking operation is arrested - The Indian Express
2026-05-11 08:31:58,827 | INFO | SEMANTIC SCORE | SCORE=44.88 | TITLE=Decade-old case gets fresh life as woman at centre of India’s biggest wildlife trafficking operation is arrested - The Indian Express
2026-05-11 08:32:02,036 | WARNING | ARTICLE REJECTED | REASON=Duplicate article | TITLE=Decade-old case gets fresh life as woman at centre of India’s biggest wildlife trafficking operation is arrested - The Indian Express
2026-05-11 08:32:04,554 | INFO | ML PREDICTION | PREDICTION=crime | CONFIDENCE=67.45 | TITLE=The cost of cute: how ‘petfluencers’ are driving Asia’s wildlife crime - South China Morning Post
2026-05-11 08:32:04,596 | INFO | SEMANTIC SCORE | SCORE=42.53 | TITLE=The cost of cute: how ‘petfluencers’ are driving Asia’s wildlife crime - South China Morning Post
2026-05-11 08:32:04,597 | WARNING | ARTICLE REJECTED | REASON=Low confidence | TITLE=The cost of cute: how ‘petfluencers’ are driving Asia’s wildlife crime - South China Morning Post
2026-05-11 08:32:07,302 | INFO | ML PREDICTION | PREDICTION=crime | CONFIDENCE=73.34 | TITLE=Kerala: Forest officials bust wildlife trafficking gang trying to sell tiger skin, claws, teeth; 7 held - The Times of India
2026-05-11 08:32:07,379 | INFO | SEMANTIC SCORE | SCORE=60.94 | TITLE=Kerala: Forest officials bust wildlife trafficking gang trying to sell tiger skin, claws, teeth; 7 held - The Times of India
2026-05-11 08:32:11,758 | WARNING | ARTICLE REJECTED | REASON=Duplicate article | TITLE=Kerala: Forest officials bust wildlife trafficking gang trying to sell tiger skin, claws, teeth; 7 held - The Times of India
2026-05-11 08:32:14,704 | WARNING | ARTICLE REJECTED | REASON=Validated | TITLE=India arrests INTERPOL-wanted wildlife trafficker in Sikkim after coordinated chase - Telegraph India
2026-05-11 08:32:17,227 | WARNING | ARTICLE REJECTED | REASON=Validated | TITLE=NE border attracts MP, Maharashtra poachers - The New Indian Express
2026-05-11 08:32:18,885 | WARNING | ARTICLE REJECTED | REASON=Validated | TITLE=A Wake-Up Call for India’s Wildlife Governance - Drishti IAS
2026-05-11 08:32:20,474 | INFO | ML PREDICTION | PREDICTION=crime | CONFIDENCE=63.3 | TITLE=Elephant tusk buried in wall for 4 years, cracks open Chhattisgarh's Gariyaband wildlife crime - The Times of India
2026-05-11 08:32:20,541 | INFO | SEMANTIC SCORE | SCORE=48.18 | TITLE=Elephant tusk buried in wall for 4 years, cracks open Chhattisgarh's Gariyaband wildlife crime - The Times of India
2026-05-11 08:32:20,542 | WARNING | ARTICLE REJECTED | REASON=Low confidence | TITLE=Elephant tusk buried in wall for 4 years, cracks open Chhattisgarh's Gariyaband wildlife crime - The Times of India
2026-05-11 08:32:22,175 | INFO | ML PREDICTION | PREDICTION=other | CONFIDENCE=70.39 | TITLE=Animal Trafficking Reaches Record High In 2025: Interpol - NDTV
2026-05-11 08:32:22,246 | INFO | SEMANTIC SCORE | SCORE=65.89 | TITLE=Animal Trafficking Reaches Record High In 2025: Interpol - NDTV
2026-05-11 08:32:26,559 | WARNING | ARTICLE REJECTED | REASON=Duplicate article | TITLE=Animal Trafficking Reaches Record High In 2025: Interpol - NDTV
2026-05-11 08:32:28,706 | WARNING | ARTICLE REJECTED | REASON=Validation failure | TITLE=Interpol Notice And Movie-Style Arrest Of Wildlife Trafficker In Sikkim - NDTV
2026-05-11 08:32:30,318 | INFO | ML PREDICTION | PREDICTION=crime | CONFIDENCE=66.64 | TITLE=Inquiry flags lack of funds for forensic tests in wildlife crime probes in Karnataka - The Times of India
2026-05-11 08:32:30,382 | INFO | SEMANTIC SCORE | SCORE=47.77 | TITLE=Inquiry flags lack of funds for forensic tests in wildlife crime probes in Karnataka - The Times of India
2026-05-11 08:32:30,383 | WARNING | ARTICLE REJECTED | REASON=Low confidence | TITLE=Inquiry flags lack of funds for forensic tests in wildlife crime probes in Karnataka - The Times of India
2026-05-11 08:32:31,959 | INFO | ML PREDICTION | PREDICTION=crime | CONFIDENCE=74.06 | TITLE=61 arrested in tri-state wildlife crime crackdown as forest teams seize pangolin scales, skins - Telegraph India
2026-05-11 08:32:32,009 | INFO | SEMANTIC SCORE | SCORE=71.94 | TITLE=61 arrested in tri-state wildlife crime crackdown as forest teams seize pangolin scales, skins - Telegraph India
2026-05-11 08:32:35,005 | WARNING | ARTICLE REJECTED | REASON=Duplicate article | TITLE=61 arrested in tri-state wildlife crime crackdown as forest teams seize pangolin scales, skins - Telegraph India
2026-05-11 08:32:37,691 | INFO | ML PREDICTION | PREDICTION=other | CONFIDENCE=50.77 | TITLE=Odisha introduces HAWK to strengthen wildlife crime intel - The New Indian Express
2026-05-11 08:32:37,726 | INFO | SEMANTIC SCORE | SCORE=46.85 | TITLE=Odisha introduces HAWK to strengthen wildlife crime intel - The New Indian Express
2026-05-11 08:32:37,726 | WARNING | ARTICLE REJECTED | REASON=Low confidence | TITLE=Odisha introduces HAWK to strengthen wildlife crime intel - The New Indian Express
2026-05-11 08:32:39,338 | INFO | ML PREDICTION | PREDICTION=crime | CONFIDENCE=83.02 | TITLE=Palamu Tiger Reserve Seizes 60kg Pangolin Scales, Busts Wildlife Crime Network Across States - The Times of India
2026-05-11 08:32:39,401 | INFO | SEMANTIC SCORE | SCORE=54.03 | TITLE=Palamu Tiger Reserve Seizes 60kg Pangolin Scales, Busts Wildlife Crime Network Across States - The Times of India
2026-05-11 08:32:42,882 | WARNING | ARTICLE REJECTED | REASON=Duplicate article | TITLE=Palamu Tiger Reserve Seizes 60kg Pangolin Scales, Busts Wildlife Crime Network Across States - The Times of India
2026-05-11 08:32:44,476 | INFO | ML PREDICTION | PREDICTION=crime | CONFIDENCE=63.59 | TITLE=2-day wildlife crime prevention training held at PTR - The Times of India
2026-05-11 08:32:44,515 | INFO | SEMANTIC SCORE | SCORE=42.57 | TITLE=2-day wildlife crime prevention training held at PTR - The Times of India
2026-05-11 08:32:44,516 | WARNING | ARTICLE REJECTED | REASON=Low confidence | TITLE=2-day wildlife crime prevention training held at PTR - The Times of India
2026-05-11 08:32:46,122 | WARNING | ARTICLE REJECTED | REASON=Validated | TITLE=Outpacing wildlife traffickers through regional action - International Fund for Animal Welfare | IFAW
2026-05-11 08:32:47,803 | INFO | ML PREDICTION | PREDICTION=crime | CONFIDENCE=54.31 | TITLE=From blackbuck seizure to syndicate bust: MP wildlife crime probe uncovers cross-border hunts - The Economic Times
2026-05-11 08:32:47,898 | INFO | SEMANTIC SCORE | SCORE=55.52 | TITLE=From blackbuck seizure to syndicate bust: MP wildlife crime probe uncovers cross-border hunts - The Economic Times
2026-05-11 08:32:47,899 | WARNING | ARTICLE REJECTED | REASON=Low confidence | TITLE=From blackbuck seizure to syndicate bust: MP wildlife crime probe uncovers cross-border hunts - The Economic Times
2026-05-11 08:32:49,599 | INFO | ML PREDICTION | PREDICTION=non-crime | CONFIDENCE=0 | TITLE=Shahtoosh Trader Convicted in Landmark Wildlife Crime Case spanning 17 years - India Education Diary
2026-05-11 08:32:49,644 | INFO | SEMANTIC SCORE | SCORE=41.89 | TITLE=Shahtoosh Trader Convicted in Landmark Wildlife Crime Case spanning 17 years - India Education Diary
2026-05-11 08:32:49,644 | WARNING | ARTICLE REJECTED | REASON=Low confidence | TITLE=Shahtoosh Trader Convicted in Landmark Wildlife Crime Case spanning 17 years - India Education Diary
2026-05-11 08:32:51,357 | INFO | ML PREDICTION | PREDICTION=other | CONFIDENCE=51.01 | TITLE=How India Is Using AI to Stop Poaching: 5 Tech Initiatives Protecting Wildlife - The Better India
2026-05-11 08:32:51,414 | INFO | SEMANTIC SCORE | SCORE=44.32 | TITLE=How India Is Using AI to Stop Poaching: 5 Tech Initiatives Protecting Wildlife - The Better India
2026-05-11 08:32:51,415 | WARNING | ARTICLE REJECTED | REASON=Low confidence | TITLE=How India Is Using AI to Stop Poaching: 5 Tech Initiatives Protecting Wildlife - The Better India
2026-05-11 08:32:53,034 | INFO | ML PREDICTION | PREDICTION=crime | CONFIDENCE=63.27 | TITLE=Inter-state Wildlife Crime Syndicate Dismantled, Female Smuggler Arrested For First Time - ETV Bharat
2026-05-11 08:32:53,089 | INFO | SEMANTIC SCORE | SCORE=59.49 | TITLE=Inter-state Wildlife Crime Syndicate Dismantled, Female Smuggler Arrested For First Time - ETV Bharat
2026-05-11 08:33:05,704 | INFO | DATABASE SAVE | INCIDENT=WIL-UNK-20260508
2026-05-11 08:33:05,704 | INFO | ARTICLE ACCEPTED | CONFIDENCE=66.48 | TITLE=Inter-state Wildlife Crime Syndicate Dismantled, Female Smuggler Arrested For First Time - ETV Bharat
2026-05-11 08:33:09,341 | INFO | ML PREDICTION | PREDICTION=other | CONFIDENCE=50.92 | TITLE=How a 24x7 Forest Station in Andaman Is Fighting Wildlife Crime & Saving Animals - The Better India
2026-05-11 08:33:09,393 | INFO | SEMANTIC SCORE | SCORE=44.39 | TITLE=How a 24x7 Forest Station in Andaman Is Fighting Wildlife Crime & Saving Animals - The Better India
2026-05-11 08:33:09,394 | WARNING | ARTICLE REJECTED | REASON=Low confidence | TITLE=How a 24x7 Forest Station in Andaman Is Fighting Wildlife Crime & Saving Animals - The Better India
2026-05-11 08:33:10,989 | WARNING | ARTICLE REJECTED | REASON=Validation failure | TITLE=Conservationists push for dedicated wildlife crime unit in Maharashtra - Mid-day
2026-05-11 08:33:12,425 | INFO | ML PREDICTION | PREDICTION=crime | CONFIDENCE=69.92 | TITLE=Tantric rituals lead to wildlife crime arrest, 1 held - The Times of India
2026-05-11 08:33:12,465 | INFO | SEMANTIC SCORE | SCORE=41.22 | TITLE=Tantric rituals lead to wildlife crime arrest, 1 held - The Times of India
2026-05-11 08:33:12,466 | WARNING | ARTICLE REJECTED | REASON=Low confidence | TITLE=Tantric rituals lead to wildlife crime arrest, 1 held - The Times of India
2026-05-11 08:33:14,073 | WARNING | ARTICLE REJECTED | REASON=Validated | TITLE=NCRB report shows Ludhiana to be wildest city: India’s animal crime capital. - The Times of India
2026-05-11 08:33:15,433 | WARNING | ARTICLE REJECTED | REASON=Validation failure | TITLE=WTI organises multi-agency workshop on wildlife protection - The Times of India
2026-05-11 08:33:16,941 | WARNING | ARTICLE REJECTED | REASON=Validation failure | TITLE=Wildlife Conservation in India: Constitutional & Institutional Framework, Challenges, Schemes, and Initiatives - Sanskriti IAS
2026-05-11 08:33:18,407 | INFO | ML PREDICTION | PREDICTION=other | CONFIDENCE=50.76 | TITLE=Vanishing Wings: Exposing the organised radical syndicates behind the wildlife trafficking crisis of Bharat - Organiser
2026-05-11 08:33:18,466 | INFO | SEMANTIC SCORE | SCORE=67.98 | TITLE=Vanishing Wings: Exposing the organised radical syndicates behind the wildlife trafficking crisis of Bharat - Organiser
2026-05-11 08:33:18,466 | WARNING | ARTICLE REJECTED | REASON=Low confidence | TITLE=Vanishing Wings: Exposing the organised radical syndicates behind the wildlife trafficking crisis of Bharat - Organiser
2026-05-11 08:33:20,080 | INFO | ML PREDICTION | PREDICTION=other | CONFIDENCE=65.76 | TITLE=Unique species in air passenger baggage exposes global reach of Thailand-India wild life smuggling - TRAFFIC.org
2026-05-11 08:33:20,134 | INFO | SEMANTIC SCORE | SCORE=50.3 | TITLE=Unique species in air passenger baggage exposes global reach of Thailand-India wild life smuggling - TRAFFIC.org
2026-05-11 08:33:20,134 | WARNING | ARTICLE REJECTED | REASON=Low confidence | TITLE=Unique species in air passenger baggage exposes global reach of Thailand-India wild life smuggling - TRAFFIC.org
2026-05-11 08:33:21,677 | INFO | ML PREDICTION | PREDICTION=crime | CONFIDENCE=68.6 | TITLE=WCCB & MP Tiger Strike Force Joint Operation Arrested International Wildlife Trafficker in India After INTERPOL Red Notice Alert - Indianmasterminds
2026-05-11 08:33:21,780 | INFO | SEMANTIC SCORE | SCORE=60.09 | TITLE=WCCB & MP Tiger Strike Force Joint Operation Arrested International Wildlife Trafficker in India After INTERPOL Red Notice Alert - Indianmasterminds
2026-05-11 08:33:25,122 | WARNING | ARTICLE REJECTED | REASON=Duplicate article | TITLE=WCCB & MP Tiger Strike Force Joint Operation Arrested International Wildlife Trafficker in India After INTERPOL Red Notice Alert - Indianmasterminds
2026-05-11 08:33:28,508 | WARNING | ARTICLE REJECTED | REASON=Validated | TITLE=Wildlife Management in India - ClearIAS
2026-05-11 08:33:30,114 | INFO | ML PREDICTION | PREDICTION=other | CONFIDENCE=51.92 | TITLE=Banned wildlife trade busted: Three arrested for wildlife trophy possession; Investigation hints at a wid - The Times of India
2026-05-11 08:33:30,207 | INFO | SEMANTIC SCORE | SCORE=68.93 | TITLE=Banned wildlife trade busted: Three arrested for wildlife trophy possession; Investigation hints at a wid - The Times of India
2026-05-11 08:33:30,207 | WARNING | ARTICLE REJECTED | REASON=Low confidence | TITLE=Banned wildlife trade busted: Three arrested for wildlife trophy possession; Investigation hints at a wid - The Times of India
2026-05-11 08:33:31,717 | INFO | ML PREDICTION | PREDICTION=other | CONFIDENCE=66.95 | TITLE=[Explainer] Why is India a major hub for wildlife trafficking? - Mongabay-India
2026-05-11 08:33:31,766 | INFO | SEMANTIC SCORE | SCORE=55.34 | TITLE=[Explainer] Why is India a major hub for wildlife trafficking? - Mongabay-India
2026-05-11 08:33:31,767 | WARNING | ARTICLE REJECTED | REASON=Low confidence | TITLE=[Explainer] Why is India a major hub for wildlife trafficking? - Mongabay-India
2026-05-11 08:33:33,308 | WARNING | ARTICLE REJECTED | REASON=Validation failure | TITLE=India has done wonderfully in conservation of wildlife: Abhishek Ray - Garhwal Post
2026-05-11 08:33:34,816 | INFO | ML PREDICTION | PREDICTION=crime | CONFIDENCE=52.73 | TITLE=Mizoram hosts two-day training to bolster wildlife crime investigation skills - India Today NE
2026-05-11 08:33:34,857 | INFO | SEMANTIC SCORE | SCORE=27.79 | TITLE=Mizoram hosts two-day training to bolster wildlife crime investigation skills - India Today NE
2026-05-11 08:33:34,857 | WARNING | ARTICLE REJECTED | REASON=Low confidence | TITLE=Mizoram hosts two-day training to bolster wildlife crime investigation skills - India Today NE
2026-05-11 08:33:36,418 | INFO | ML PREDICTION | PREDICTION=other | CONFIDENCE=57.04 | TITLE=WILDLIFE CRIME CONTROL BUREAU FROM INDIA AND NEPAL MEET TO STRENGTHEN COLLABORATION FOR CURBING - WWF India
2026-05-11 08:33:36,457 | INFO | SEMANTIC SCORE | SCORE=50.3 | TITLE=WILDLIFE CRIME CONTROL BUREAU FROM INDIA AND NEPAL MEET TO STRENGTHEN COLLABORATION FOR CURBING - WWF India
2026-05-11 08:33:36,457 | WARNING | ARTICLE REJECTED | REASON=Low confidence | TITLE=WILDLIFE CRIME CONTROL BUREAU FROM INDIA AND NEPAL MEET TO STRENGTHEN COLLABORATION FOR CURBING - WWF India
2026-05-11 08:33:37,970 | INFO | ML PREDICTION | PREDICTION=crime | CONFIDENCE=61.25 | TITLE=Mumbai Customs Officials Foil Major Wildlife Trafficking At Airport, 61 Live Animals Seized - Republic World
2026-05-11 08:33:38,014 | INFO | SEMANTIC SCORE | SCORE=61.53 | TITLE=Mumbai Customs Officials Foil Major Wildlife Trafficking At Airport, 61 Live Animals Seized - Republic World
2026-05-11 08:33:38,015 | WARNING | ARTICLE REJECTED | REASON=Low confidence | TITLE=Mumbai Customs Officials Foil Major Wildlife Trafficking At Airport, 61 Live Animals Seized - Republic World
2026-05-11 08:33:39,446 | WARNING | ARTICLE REJECTED | REASON=Validated | TITLE=NCRB Report 2023: Deaths and injuries due to animal attacks and bites increased in India - Down To Earth
2026-05-11 08:33:41,019 | INFO | ML PREDICTION | PREDICTION=crime | CONFIDENCE=56.99 | TITLE=Illegal wildlife trade busted from Crawford Market, man arrested - The Times of India
2026-05-11 08:33:41,053 | INFO | SEMANTIC SCORE | SCORE=71.81 | TITLE=Illegal wildlife trade busted from Crawford Market, man arrested - The Times of India
2026-05-11 08:33:41,054 | WARNING | ARTICLE REJECTED | REASON=Low confidence | TITLE=Illegal wildlife trade busted from Crawford Market, man arrested - The Times of India
2026-05-11 08:33:42,759 | INFO | ML PREDICTION | PREDICTION=other | CONFIDENCE=77.53 | TITLE=BHUTAN, INDIA, AND NEPAL COLLABORATE TO COUNTER WILDLIFE TRAFFICKING IN SOUTH ASIA - WWF India
2026-05-11 08:33:42,819 | INFO | SEMANTIC SCORE | SCORE=57.18 | TITLE=BHUTAN, INDIA, AND NEPAL COLLABORATE TO COUNTER WILDLIFE TRAFFICKING IN SOUTH ASIA - WWF India
2026-05-11 08:33:46,161 | WARNING | ARTICLE REJECTED | REASON=Duplicate article | TITLE=BHUTAN, INDIA, AND NEPAL COLLABORATE TO COUNTER WILDLIFE TRAFFICKING IN SOUTH ASIA - WWF India
2026-05-11 08:33:48,345 | WARNING | ARTICLE REJECTED | REASON=Validated | TITLE=After Vantara Visit, CITES Raps India, Says No More Imports of Endangered Wildlife Until Compliance - TheWire.in
2026-05-11 08:33:50,821 | WARNING | ARTICLE REJECTED | REASON=Validated | TITLE=India: Our endangered wildlife - a cause for concern - United Nations Office on Drugs and Crime
2026-05-11 08:33:52,392 | INFO | ML PREDICTION | PREDICTION=other | CONFIDENCE=53.14 | TITLE=Joint operation cracks down on illegal wildlife trade in Gujarat's Valsad; three held - ANI News
2026-05-11 08:33:52,433 | INFO | SEMANTIC SCORE | SCORE=54.27 | TITLE=Joint operation cracks down on illegal wildlife trade in Gujarat's Valsad; three held - ANI News
2026-05-11 08:33:52,434 | WARNING | ARTICLE REJECTED | REASON=Low confidence | TITLE=Joint operation cracks down on illegal wildlife trade in Gujarat's Valsad; three held - ANI News
2026-05-11 08:33:54,075 | INFO | ML PREDICTION | PREDICTION=other | CONFIDENCE=87.39 | TITLE=India, Nepal Sign New MoU to Boost Forest and Wildlife Cooperation - Adda247
2026-05-11 08:33:54,118 | INFO | SEMANTIC SCORE | SCORE=40.47 | TITLE=India, Nepal Sign New MoU to Boost Forest and Wildlife Cooperation - Adda247
2026-05-11 08:33:57,404 | WARNING | ARTICLE REJECTED | REASON=Duplicate article | TITLE=India, Nepal Sign New MoU to Boost Forest and Wildlife Cooperation - Adda247
2026-05-11 08:33:59,322 | WARNING | ARTICLE REJECTED | REASON=Validated | TITLE=ED chargesheets Elvish Yadav in wildlife-linked money laundering case - Business Standard
2026-05-11 08:34:01,292 | INFO | ML PREDICTION | PREDICTION=crime | CONFIDENCE=80.11 | TITLE=Saving Tiger: Habitat Loss, Wildlife Crime Pose Major Challenges - Ukhrul Times
2026-05-11 08:34:01,354 | INFO | SEMANTIC SCORE | SCORE=45.66 | TITLE=Saving Tiger: Habitat Loss, Wildlife Crime Pose Major Challenges - Ukhrul Times
2026-05-11 08:34:04,354 | WARNING | ARTICLE REJECTED | REASON=Duplicate article | TITLE=Saving Tiger: Habitat Loss, Wildlife Crime Pose Major Challenges - Ukhrul Times
2026-05-11 08:34:06,470 | INFO | ML PREDICTION | PREDICTION=other | CONFIDENCE=56.6 | TITLE=Belgian Malinois to help check wildlife crimes in Ranthambore - The Times of India
2026-05-11 08:34:06,551 | INFO | SEMANTIC SCORE | SCORE=47.5 | TITLE=Belgian Malinois to help check wildlife crimes in Ranthambore - The Times of India
2026-05-11 08:34:06,552 | WARNING | ARTICLE REJECTED | REASON=Low confidence | TITLE=Belgian Malinois to help check wildlife crimes in Ranthambore - The Times of India
2026-05-11 08:34:10,713 | WARNING | ARTICLE REJECTED | REASON=Validated | TITLE=Inside CCMB Hyderabad—where scientists turn elephant blood, tiger bones into criminal evidence - ThePrint
2026-05-11 08:34:12,582 | WARNING | ARTICLE REJECTED | REASON=Validation failure | TITLE=Increase in gibbon trafficking into India has conservationists worried - news - Mongabay
2026-05-11 08:34:14,153 | WARNING | ARTICLE REJECTED | REASON=Validated | TITLE=INDIA AND NEPAL MEET TO ADDRESS CHALLENGES TO CURBING ILLEGAL WILDLIFE TRADE - WWF India
2026-05-11 08:34:15,592 | INFO | ML PREDICTION | PREDICTION=crime | CONFIDENCE=63.08 | TITLE=Decoding solutions: curbing online wildlife crime in India - TRAFFIC.org
2026-05-11 08:34:15,663 | INFO | SEMANTIC SCORE | SCORE=60.7 | TITLE=Decoding solutions: curbing online wildlife crime in India - TRAFFIC.org
2026-05-11 08:34:15,664 | WARNING | ARTICLE REJECTED | REASON=Low confidence | TITLE=Decoding solutions: curbing online wildlife crime in India - TRAFFIC.org
2026-05-11 08:34:17,491 | INFO | ML PREDICTION | PREDICTION=crime | CONFIDENCE=63.08 | TITLE=How DNA detectives are unmasking wildlife crime in India - Nature
2026-05-11 08:34:17,537 | INFO | SEMANTIC SCORE | SCORE=55.67 | TITLE=How DNA detectives are unmasking wildlife crime in India - Nature
2026-05-11 08:34:17,537 | WARNING | ARTICLE REJECTED | REASON=Low confidence | TITLE=How DNA detectives are unmasking wildlife crime in India - Nature
2026-05-11 08:34:19,165 | WARNING | ARTICLE REJECTED | REASON=Validated | TITLE=Environmental crimes are often hidden by ‘flying money’ laundering schemes (commentary) - news - Mongabay
2026-05-11 08:34:20,748 | INFO | ML PREDICTION | PREDICTION=other | CONFIDENCE=63.59 | TITLE=SOUTH ASIAN COUNTRIES MEET AGAIN TO STRENGTHEN EFFORTS TO CURB WILDLIFE TRAFFICKING - WWF India
2026-05-11 08:34:20,820 | INFO | SEMANTIC SCORE | SCORE=43.61 | TITLE=SOUTH ASIAN COUNTRIES MEET AGAIN TO STRENGTHEN EFFORTS TO CURB WILDLIFE TRAFFICKING - WWF India
2026-05-11 08:34:20,821 | WARNING | ARTICLE REJECTED | REASON=Low confidence | TITLE=SOUTH ASIAN COUNTRIES MEET AGAIN TO STRENGTHEN EFFORTS TO CURB WILDLIFE TRAFFICKING - WWF India
2026-05-11 08:34:22,506 | INFO | ML PREDICTION | PREDICTION=other | CONFIDENCE=51.48 | TITLE=How India is curbing wildlife trafficking - DD News
2026-05-11 08:34:22,573 | INFO | SEMANTIC SCORE | SCORE=62.23 | TITLE=How India is curbing wildlife trafficking - DD News
2026-05-11 08:34:22,574 | WARNING | ARTICLE REJECTED | REASON=Low confidence | TITLE=How India is curbing wildlife trafficking - DD News
2026-05-11 08:34:24,142 | INFO | ML PREDICTION | PREDICTION=crime | CONFIDENCE=74.64 | TITLE=Wildlife Crime - ClearIAS
2026-05-11 08:34:24,185 | INFO | SEMANTIC SCORE | SCORE=69.26 | TITLE=Wildlife Crime - ClearIAS
2026-05-11 08:34:27,705 | WARNING | ARTICLE REJECTED | REASON=Duplicate article | TITLE=Wildlife Crime - ClearIAS
2026-05-11 08:34:30,828 | INFO | ML PREDICTION | PREDICTION=crime | CONFIDENCE=60.44 | TITLE=Nepal collaborates with neighbors to gain wildlife crime intel but struggles with enforcement - news - Mongabay
2026-05-11 08:34:30,937 | INFO | SEMANTIC SCORE | SCORE=54.57 | TITLE=Nepal collaborates with neighbors to gain wildlife crime intel but struggles with enforcement - news - Mongabay
2026-05-11 08:34:30,938 | WARNING | ARTICLE REJECTED | REASON=Low confidence | TITLE=Nepal collaborates with neighbors to gain wildlife crime intel but struggles with enforcement - news - Mongabay
2026-05-11 08:34:32,566 | WARNING | ARTICLE REJECTED | REASON=Validation failure | TITLE=World Environment Day 2021-India’s Commitment Towards Stopping Illegal Wildlife Trafficking - Welcome to the United Nations
2026-05-11 08:34:33,924 | INFO | ML PREDICTION | PREDICTION=other | CONFIDENCE=54.82 | TITLE=Snakes on a plane highlight Thailand-India wildlife trafficking, NGO reports - The Japan Times
2026-05-11 08:34:34,005 | INFO | SEMANTIC SCORE | SCORE=53.96 | TITLE=Snakes on a plane highlight Thailand-India wildlife trafficking, NGO reports - The Japan Times
2026-05-11 08:34:34,006 | WARNING | ARTICLE REJECTED | REASON=Low confidence | TITLE=Snakes on a plane highlight Thailand-India wildlife trafficking, NGO reports - The Japan Times
2026-05-11 08:34:35,729 | INFO | ML PREDICTION | PREDICTION=other | CONFIDENCE=51.68 | TITLE=Major crackdown on illegal wildlife trade: 226 protected animals seized at Mumbai's Crawford Market - Mid-day
2026-05-11 08:34:35,773 | INFO | SEMANTIC SCORE | SCORE=70.63 | TITLE=Major crackdown on illegal wildlife trade: 226 protected animals seized at Mumbai's Crawford Market - Mid-day
2026-05-11 08:34:35,774 | WARNING | ARTICLE REJECTED | REASON=Low confidence | TITLE=Major crackdown on illegal wildlife trade: 226 protected animals seized at Mumbai's Crawford Market - Mid-day
2026-05-11 08:34:37,366 | INFO | ML PREDICTION | PREDICTION=other | CONFIDENCE=70.66 | TITLE=ENFORCEMENT AGENCIES TRAIN TOGETHER TO STOP WILDLIFE TRAFFICKING ACROSS INDIA’S HIMALAYAS - WWF India
2026-05-11 08:34:37,407 | INFO | SEMANTIC SCORE | SCORE=61.13 | TITLE=ENFORCEMENT AGENCIES TRAIN TOGETHER TO STOP WILDLIFE TRAFFICKING ACROSS INDIA’S HIMALAYAS - WWF India
2026-05-11 08:34:40,935 | WARNING | ARTICLE REJECTED | REASON=Duplicate article | TITLE=ENFORCEMENT AGENCIES TRAIN TOGETHER TO STOP WILDLIFE TRAFFICKING ACROSS INDIA’S HIMALAYAS - WWF India
2026-05-11 08:34:44,469 | INFO | ML PREDICTION | PREDICTION=crime | CONFIDENCE=58.39 | TITLE=JUDICIARY TO HELP CURB WILDLIFE CRIME IN MEGHALAYA - WWF India
2026-05-11 08:34:44,529 | INFO | SEMANTIC SCORE | SCORE=50.16 | TITLE=JUDICIARY TO HELP CURB WILDLIFE CRIME IN MEGHALAYA - WWF India
2026-05-11 08:34:44,529 | WARNING | ARTICLE REJECTED | REASON=Low confidence | TITLE=JUDICIARY TO HELP CURB WILDLIFE CRIME IN MEGHALAYA - WWF India
2026-05-11 08:34:46,273 | WARNING | ARTICLE REJECTED | REASON=Validation failure | TITLE=‘Not all animals migrate by choice’ campaign launched to raise awareness on illegal wildlife trade - Press Information Bureau
2026-05-11 08:34:47,851 | INFO | ML PREDICTION | PREDICTION=other | CONFIDENCE=71.38 | TITLE=FIRST OF ITS KIND PROJECT LAUNCHES NEW TOOLS TO COMBAT WILDLIFE TRAFFICKING IN INDIA’S AIRPORT - WWF India
2026-05-11 08:34:47,904 | INFO | SEMANTIC SCORE | SCORE=60.22 | TITLE=FIRST OF ITS KIND PROJECT LAUNCHES NEW TOOLS TO COMBAT WILDLIFE TRAFFICKING IN INDIA’S AIRPORT - WWF India
2026-05-11 08:34:52,325 | WARNING | ARTICLE REJECTED | REASON=Duplicate article | TITLE=FIRST OF ITS KIND PROJECT LAUNCHES NEW TOOLS TO COMBAT WILDLIFE TRAFFICKING IN INDIA’S AIRPORT - WWF India
2026-05-11 08:34:55,693 | WARNING | ARTICLE REJECTED | REASON=Validated | TITLE=This invention is bad news for illegal hunters and poachers - FairPlanet
2026-05-11 08:34:57,234 | INFO | ML PREDICTION | PREDICTION=crime | CONFIDENCE=55.37 | TITLE=[Video] Combatting wildlife crime with technology - Mongabay-India
2026-05-11 08:34:57,279 | INFO | SEMANTIC SCORE | SCORE=50.7 | TITLE=[Video] Combatting wildlife crime with technology - Mongabay-India
2026-05-11 08:34:57,280 | WARNING | ARTICLE REJECTED | REASON=Low confidence | TITLE=[Video] Combatting wildlife crime with technology - Mongabay-India
2026-05-11 08:34:58,903 | INFO | ML PREDICTION | PREDICTION=other | CONFIDENCE=72.54 | TITLE=First of its kind project launches new tools to combat Wildlife Trafficking In India’s Airports - TRAFFIC.org
2026-05-11 08:34:59,006 | INFO | SEMANTIC SCORE | SCORE=65.95 | TITLE=First of its kind project launches new tools to combat Wildlife Trafficking In India’s Airports - TRAFFIC.org
2026-05-11 08:35:02,343 | WARNING | ARTICLE REJECTED | REASON=Duplicate article | TITLE=First of its kind project launches new tools to combat Wildlife Trafficking In India’s Airports - TRAFFIC.org
2026-05-11 08:35:04,535 | WARNING | ARTICLE REJECTED | REASON=Validation failure | TITLE=WORLD ENVIRONMENT DAY 2021-INDIA’S COMMITMENT TOWARDS STOPPING ILLEGAL WILDLIFE TRAFFICKING - WWF India
2026-05-11 08:35:06,076 | WARNING | ARTICLE REJECTED | REASON=Validation failure | TITLE=India’s Wildlife Conservation Milestones - Press Information Bureau
2026-05-11 08:35:07,587 | INFO | ML PREDICTION | PREDICTION=crime | CONFIDENCE=79.29 | TITLE=Manas poaching case unravels global wildlife smuggling ring - The Times of India
2026-05-11 08:35:07,638 | INFO | SEMANTIC SCORE | SCORE=56.52 | TITLE=Manas poaching case unravels global wildlife smuggling ring - The Times of India
2026-05-11 08:35:12,111 | WARNING | ARTICLE REJECTED | REASON=Duplicate article | TITLE=Manas poaching case unravels global wildlife smuggling ring - The Times of India
2026-05-11 08:35:14,521 | INFO | ML PREDICTION | PREDICTION=other | CONFIDENCE=73.07 | TITLE=How Two Techies Are Helping Foresters Combat Wildlife Crimes With Technology - The Better India
2026-05-11 08:35:14,569 | INFO | SEMANTIC SCORE | SCORE=47.44 | TITLE=How Two Techies Are Helping Foresters Combat Wildlife Crimes With Technology - The Better India
2026-05-11 08:35:14,570 | WARNING | ARTICLE REJECTED | REASON=Low confidence | TITLE=How Two Techies Are Helping Foresters Combat Wildlife Crimes With Technology - The Better India
2026-05-11 08:35:16,176 | INFO | ML PREDICTION | PREDICTION=other | CONFIDENCE=56.92 | TITLE=Wildlife crime goes digital, WCCB increases vigilance - The New Indian Express
2026-05-11 08:35:16,261 | INFO | SEMANTIC SCORE | SCORE=56.28 | TITLE=Wildlife crime goes digital, WCCB increases vigilance - The New Indian Express
2026-05-11 08:35:16,262 | WARNING | ARTICLE REJECTED | REASON=Low confidence | TITLE=Wildlife crime goes digital, WCCB increases vigilance - The New Indian Express
2026-05-11 08:35:17,866 | INFO | ML PREDICTION | PREDICTION=other | CONFIDENCE=66.31 | TITLE=Bhutan, India, Nepal to counter wildlife trafficking - The Times of India
2026-05-11 08:35:17,912 | INFO | SEMANTIC SCORE | SCORE=54.07 | TITLE=Bhutan, India, Nepal to counter wildlife trafficking - The Times of India
2026-05-11 08:35:17,912 | WARNING | ARTICLE REJECTED | REASON=Low confidence | TITLE=Bhutan, India, Nepal to counter wildlife trafficking - The Times of India
2026-05-11 08:35:19,553 | INFO | ML PREDICTION | PREDICTION=other | CONFIDENCE=56.85 | TITLE=Caging Birds? You Could End Up Behind Bars, Warn Wildlife Crime Control Bureau and PETA India - PETA India
2026-05-11 08:35:19,591 | INFO | SEMANTIC SCORE | SCORE=45.03 | TITLE=Caging Birds? You Could End Up Behind Bars, Warn Wildlife Crime Control Bureau and PETA India - PETA India
2026-05-11 08:35:19,591 | WARNING | ARTICLE REJECTED | REASON=Low confidence | TITLE=Caging Birds? You Could End Up Behind Bars, Warn Wildlife Crime Control Bureau and PETA India - PETA India
2026-05-11 08:35:21,262 | WARNING | ARTICLE REJECTED | REASON=Validated | TITLE=NGO Flags Rise in Illegal Wildlife Trade Guised as ‘Zoo Transfers’, Including to India - TheWire.in
2026-05-11 08:35:22,762 | INFO | ML PREDICTION | PREDICTION=crime | CONFIDENCE=87.33 | TITLE=GEARING UP TO FIGHT WILDLIFE CRIME AT MELGHAT TIGER RESERVE: FOREST OFFICIALS HONE THEIR SKILLS - WWF India
2026-05-11 08:35:22,858 | INFO | SEMANTIC SCORE | SCORE=52.72 | TITLE=GEARING UP TO FIGHT WILDLIFE CRIME AT MELGHAT TIGER RESERVE: FOREST OFFICIALS HONE THEIR SKILLS - WWF India
2026-05-11 08:35:26,162 | WARNING | ARTICLE REJECTED | REASON=Duplicate article | TITLE=GEARING UP TO FIGHT WILDLIFE CRIME AT MELGHAT TIGER RESERVE: FOREST OFFICIALS HONE THEIR SKILLS - WWF India
2026-05-11 08:35:28,661 | WARNING | ARTICLE REJECTED | REASON=Validated | TITLE=The Media’s Disservice to India’s Wildlife That Only It Can Fix - The Wire Science
2026-05-11 08:35:30,489 | WARNING | ARTICLE REJECTED | REASON=Validation failure | TITLE=India holds first national workshop on capacity building for effective wildlife law enforcement - TRAFFIC.org
2026-05-11 08:35:32,012 | WARNING | ARTICLE REJECTED | REASON=Validated | TITLE=TRAFFIC initiative in India warns against buying illegal wildlife products - TRAFFIC.org
2026-05-11 08:35:33,586 | INFO | ML PREDICTION | PREDICTION=other | CONFIDENCE=73.33 | TITLE=Assam Forest Department learn new skills to crack wildlife cybercrime - TRAFFIC.org
2026-05-11 08:35:33,662 | INFO | SEMANTIC SCORE | SCORE=56.15 | TITLE=Assam Forest Department learn new skills to crack wildlife cybercrime - TRAFFIC.org
2026-05-11 08:35:37,770 | WARNING | ARTICLE REJECTED | REASON=Duplicate article | TITLE=Assam Forest Department learn new skills to crack wildlife cybercrime - TRAFFIC.org
2026-05-11 08:35:41,648 | WARNING | ARTICLE REJECTED | REASON=Validated | TITLE=EIGHT WILDLIFE SNIFFER DOGS SHARPEN THEIR 'PAWSOME' SKILLS TO HELP CURB ILLEGAL WILDLIFE TRADE - WWF India
2026-05-11 08:35:43,420 | WARNING | ARTICLE REJECTED | REASON=Validated | TITLE=Excess Baggage: How wildlife is trafficked by air in and out of India - Mongabay-India
2026-05-11 08:35:45,958 | INFO | ML PREDICTION | PREDICTION=other | CONFIDENCE=63.71 | TITLE=A community leads protection of the pangolin in a critical illegal trade corridor - Mongabay-India
2026-05-11 08:35:46,016 | INFO | SEMANTIC SCORE | SCORE=64.77 | TITLE=A community leads protection of the pangolin in a critical illegal trade corridor - Mongabay-India
2026-05-11 08:35:46,016 | WARNING | ARTICLE REJECTED | REASON=Low confidence | TITLE=A community leads protection of the pangolin in a critical illegal trade corridor - Mongabay-India
2026-05-11 08:35:47,578 | INFO | ML PREDICTION | PREDICTION=crime | CONFIDENCE=50.46 | TITLE=Why NCRB Data Understates Wildlife Crime in India - Frontline Magazine
2026-05-11 08:35:47,621 | INFO | SEMANTIC SCORE | SCORE=56.1 | TITLE=Why NCRB Data Understates Wildlife Crime in India - Frontline Magazine
2026-05-11 08:35:47,622 | WARNING | ARTICLE REJECTED | REASON=Low confidence | TITLE=Why NCRB Data Understates Wildlife Crime in India - Frontline Magazine
2026-05-11 08:35:49,065 | WARNING | ARTICLE REJECTED | REASON=Validated | TITLE=Rising illegal wildlife trade across Himalayan countries threatens the mountain ecosystem - Mongabay-India
2026-05-11 08:35:50,511 | WARNING | ARTICLE REJECTED | REASON=Validated | TITLE=The anatomy of illicit wildlife trade In India - Dailyhunt
2026-05-11 08:35:51,961 | WARNING | ARTICLE REJECTED | REASON=Validation failure | TITLE=Workshop in Bagdogra Targets Wildlife Trafficking - Arunachal24
2026-05-11 08:35:53,517 | INFO | ML PREDICTION | PREDICTION=crime | CONFIDENCE=62.68 | TITLE=First CBI Prosecuted Wildlife Crime Case in India - usthadian.com
2026-05-11 08:35:53,577 | INFO | SEMANTIC SCORE | SCORE=62.72 | TITLE=First CBI Prosecuted Wildlife Crime Case in India - usthadian.com
2026-05-11 08:35:53,578 | WARNING | ARTICLE REJECTED | REASON=Low confidence | TITLE=First CBI Prosecuted Wildlife Crime Case in India - usthadian.com
2026-05-11 08:35:55,138 | INFO | ML PREDICTION | PREDICTION=crime | CONFIDENCE=67.45 | TITLE=The cost of cute: how ‘petfluencers’ are driving Asia’s wildlife crime - South China Morning Post
2026-05-11 08:35:55,234 | INFO | SEMANTIC SCORE | SCORE=42.53 | TITLE=The cost of cute: how ‘petfluencers’ are driving Asia’s wildlife crime - South China Morning Post
2026-05-11 08:35:55,234 | WARNING | ARTICLE REJECTED | REASON=Low confidence | TITLE=The cost of cute: how ‘petfluencers’ are driving Asia’s wildlife crime - South China Morning Post
2026-05-11 08:35:56,891 | WARNING | ARTICLE REJECTED | REASON=Validated | TITLE=Global rules, local gaps: Why CITES can’t help curb India’s domestic wildlife trade - Down To Earth
2026-05-11 08:35:58,462 | INFO | ML PREDICTION | PREDICTION=other | CONFIDENCE=58.21 | TITLE=Shift of wildlife trafficking to the North East–Myanmar corridor - INSIGHTS IAS
2026-05-11 08:35:58,513 | INFO | SEMANTIC SCORE | SCORE=74.97 | TITLE=Shift of wildlife trafficking to the North East–Myanmar corridor - INSIGHTS IAS
2026-05-11 08:36:01,852 | WARNING | ARTICLE REJECTED | REASON=Duplicate article | TITLE=Shift of wildlife trafficking to the North East–Myanmar corridor - INSIGHTS IAS
2026-05-11 08:36:05,070 | INFO | ML PREDICTION | PREDICTION=other | CONFIDENCE=53.1 | TITLE=Brazil police seize devices from bird expert in trafficking probe linked to Vantara zoo - news - Mongabay
2026-05-11 08:36:05,123 | INFO | SEMANTIC SCORE | SCORE=48.29 | TITLE=Brazil police seize devices from bird expert in trafficking probe linked to Vantara zoo - news - Mongabay
2026-05-11 08:36:05,123 | WARNING | ARTICLE REJECTED | REASON=Low confidence | TITLE=Brazil police seize devices from bird expert in trafficking probe linked to Vantara zoo - news - Mongabay
2026-05-11 08:36:06,632 | INFO | ML PREDICTION | PREDICTION=crime | CONFIDENCE=73.34 | TITLE=Kerala: Forest officials bust wildlife trafficking gang trying to sell tiger skin, claws, teeth; 7 held - The Times of India
2026-05-11 08:36:06,728 | INFO | SEMANTIC SCORE | SCORE=60.94 | TITLE=Kerala: Forest officials bust wildlife trafficking gang trying to sell tiger skin, claws, teeth; 7 held - The Times of India
2026-05-11 08:36:10,081 | WARNING | ARTICLE REJECTED | REASON=Duplicate article | TITLE=Kerala: Forest officials bust wildlife trafficking gang trying to sell tiger skin, claws, teeth; 7 held - The Times of India
2026-05-11 08:36:13,978 | INFO | ML PREDICTION | PREDICTION=other | CONFIDENCE=70.92 | TITLE=Operation Thunder, Highlights, Trends, Legal Framework - Vajiram & Ravi
2026-05-11 08:36:14,011 | INFO | SEMANTIC SCORE | SCORE=25.72 | TITLE=Operation Thunder, Highlights, Trends, Legal Framework - Vajiram & Ravi
2026-05-11 08:36:14,011 | WARNING | ARTICLE REJECTED | REASON=Low confidence | TITLE=Operation Thunder, Highlights, Trends, Legal Framework - Vajiram & Ravi
2026-05-11 08:36:17,044 | WARNING | ARTICLE REJECTED | REASON=Validated | TITLE=NE border attracts MP, Maharashtra poachers - The New Indian Express
2026-05-11 08:36:18,580 | WARNING | ARTICLE REJECTED | REASON=Validated | TITLE=Outpacing wildlife traffickers through regional action - International Fund for Animal Welfare | IFAW
2026-05-11 08:36:20,130 | INFO | ML PREDICTION | PREDICTION=crime | CONFIDENCE=74.89 | TITLE=Woman wanted by Interpol for trafficking tiger parts arrested in India - BBC
2026-05-11 08:36:20,173 | INFO | SEMANTIC SCORE | SCORE=45.46 | TITLE=Woman wanted by Interpol for trafficking tiger parts arrested in India - BBC
2026-05-11 08:36:23,437 | WARNING | ARTICLE REJECTED | REASON=Duplicate article | TITLE=Woman wanted by Interpol for trafficking tiger parts arrested in India - BBC
2026-05-11 08:36:26,904 | INFO | ML PREDICTION | PREDICTION=other | CONFIDENCE=63.2 | TITLE=Decade-old case gets fresh life as woman at centre of India’s biggest wildlife trafficking operation is arrested - The Indian Express
2026-05-11 08:36:26,971 | INFO | SEMANTIC SCORE | SCORE=44.88 | TITLE=Decade-old case gets fresh life as woman at centre of India’s biggest wildlife trafficking operation is arrested - The Indian Express
2026-05-11 08:36:30,621 | WARNING | ARTICLE REJECTED | REASON=Duplicate article | TITLE=Decade-old case gets fresh life as woman at centre of India’s biggest wildlife trafficking operation is arrested - The Indian Express
2026-05-11 08:36:33,194 | WARNING | ARTICLE REJECTED | REASON=Validated | TITLE=Indian Softshell Turtle Rescue Highlights Illegal Wildlife Trade - GK Today
2026-05-11 08:36:34,561 | INFO | ML PREDICTION | PREDICTION=crime | CONFIDENCE=50.68 | TITLE=World Pangolin Day 2026: 500,000+ pangolins seized globally between 2016 and 2024 - Down To Earth
2026-05-11 08:36:34,604 | INFO | SEMANTIC SCORE | SCORE=68.27 | TITLE=World Pangolin Day 2026: 500,000+ pangolins seized globally between 2016 and 2024 - Down To Earth
2026-05-11 08:36:34,604 | WARNING | ARTICLE REJECTED | REASON=Low confidence | TITLE=World Pangolin Day 2026: 500,000+ pangolins seized globally between 2016 and 2024 - Down To Earth
2026-05-11 08:36:36,194 | WARNING | ARTICLE REJECTED | REASON=Validated | TITLE=Ahmedabad: Illegal wildlife trade thrives despite crackdown, exotic pet trail leads cops to farmhouses - The Times of India
2026-05-11 08:36:37,688 | WARNING | ARTICLE REJECTED | REASON=Validated | TITLE=India defends animal imports, calls wildlife governance ‘unmatched’ - Mongabay-India
2026-05-11 08:36:39,135 | WARNING | ARTICLE REJECTED | REASON=Validated | TITLE=CITES withdraws recommendation to suspend trade of endangered species to India - Mongabay-India
2026-05-11 08:36:40,778 | INFO | ML PREDICTION | PREDICTION=other | CONFIDENCE=50.76 | TITLE=Vanishing Wings: Exposing the organised radical syndicates behind the wildlife trafficking crisis of Bharat - Organiser
2026-05-11 08:36:40,839 | INFO | SEMANTIC SCORE | SCORE=67.98 | TITLE=Vanishing Wings: Exposing the organised radical syndicates behind the wildlife trafficking crisis of Bharat - Organiser
2026-05-11 08:36:40,839 | WARNING | ARTICLE REJECTED | REASON=Low confidence | TITLE=Vanishing Wings: Exposing the organised radical syndicates behind the wildlife trafficking crisis of Bharat - Organiser
2026-05-11 08:36:42,520 | WARNING | ARTICLE REJECTED | REASON=Validated | TITLE=Snake Venom Trail Uncovers Alleged Illegal Exotic Wildlife Trade In Ahmedabad Flat - Vibes Of India
2026-05-11 08:36:44,074 | WARNING | ARTICLE REJECTED | REASON=Validated | TITLE=Woman held with 2 kg pangolin scales in Jharkhand, exposing India’s link to a global wildlife trade - Telegraph India
2026-05-11 08:36:45,660 | WARNING | ARTICLE REJECTED | REASON=Validated | TITLE=Indian Softshell Turtle Rescue Exposes Wildlife Trade Crisis - usthadian.com
2026-05-11 08:36:47,295 | WARNING | ARTICLE REJECTED | REASON=Validated | TITLE=Timely informed; timely re-wilded: How India can help conserve its small cats - Down To Earth
2026-05-11 08:36:48,747 | INFO | ML PREDICTION | PREDICTION=crime | CONFIDENCE=57.92 | TITLE=24 protected Ibex seized in Manipur, two held in cross-border wildlife smuggling bust - India Today NE
2026-05-11 08:36:48,811 | INFO | SEMANTIC SCORE | SCORE=44.88 | TITLE=24 protected Ibex seized in Manipur, two held in cross-border wildlife smuggling bust - India Today NE
2026-05-11 08:36:48,812 | WARNING | ARTICLE REJECTED | REASON=Low confidence | TITLE=24 protected Ibex seized in Manipur, two held in cross-border wildlife smuggling bust - India Today NE
2026-05-11 08:36:50,410 | INFO | ML PREDICTION | PREDICTION=crime | CONFIDENCE=74.06 | TITLE=61 arrested in tri-state wildlife crime crackdown as forest teams seize pangolin scales, skins - Telegraph India
2026-05-11 08:36:50,459 | INFO | SEMANTIC SCORE | SCORE=71.94 | TITLE=61 arrested in tri-state wildlife crime crackdown as forest teams seize pangolin scales, skins - Telegraph India
2026-05-11 08:36:53,769 | WARNING | ARTICLE REJECTED | REASON=Duplicate article | TITLE=61 arrested in tri-state wildlife crime crackdown as forest teams seize pangolin scales, skins - Telegraph India
2026-05-11 08:36:57,272 | WARNING | ARTICLE REJECTED | REASON=Validation failure | TITLE=Interpol Notice And Movie-Style Arrest Of Wildlife Trafficker In Sikkim - NDTV
2026-05-11 08:36:58,862 | INFO | ML PREDICTION | PREDICTION=crime | CONFIDENCE=65.7 | TITLE=9 jailed for 3 yrs in 4 wildlife crime cases in Alipurduar - The Times of India
2026-05-11 08:36:58,952 | INFO | SEMANTIC SCORE | SCORE=61.93 | TITLE=9 jailed for 3 yrs in 4 wildlife crime cases in Alipurduar - The Times of India
2026-05-11 08:36:58,952 | WARNING | ARTICLE REJECTED | REASON=Low confidence | TITLE=9 jailed for 3 yrs in 4 wildlife crime cases in Alipurduar - The Times of India
2026-05-11 08:37:00,628 | INFO | ML PREDICTION | PREDICTION=other | CONFIDENCE=67.03 | TITLE=Police crack down on smugglers attempting to cross border: 'High demand for illegal trade' - The Cool Down
2026-05-11 08:37:00,683 | INFO | SEMANTIC SCORE | SCORE=36.26 | TITLE=Police crack down on smugglers attempting to cross border: 'High demand for illegal trade' - The Cool Down
2026-05-11 08:37:00,683 | WARNING | ARTICLE REJECTED | REASON=Low confidence | TITLE=Police crack down on smugglers attempting to cross border: 'High demand for illegal trade' - The Cool Down
2026-05-11 08:37:02,279 | WARNING | ARTICLE REJECTED | REASON=Validated | TITLE=CITES CoP20: Global South drives critical changes and shapes global wildlife trade policies - Down To Earth
2026-05-11 08:37:03,729 | WARNING | ARTICLE REJECTED | REASON=Validated | TITLE=After Ambani zoo probe, wildlife body reverses call to curb animal imports to India - Reuters
2026-05-11 08:37:05,299 | INFO | ML PREDICTION | PREDICTION=other | CONFIDENCE=63.75 | TITLE=Wildlife seized from Thais linked to Indian smugglers - Bangkok Post
2026-05-11 08:37:05,336 | INFO | SEMANTIC SCORE | SCORE=62.81 | TITLE=Wildlife seized from Thais linked to Indian smugglers - Bangkok Post
2026-05-11 08:37:05,337 | WARNING | ARTICLE REJECTED | REASON=Low confidence | TITLE=Wildlife seized from Thais linked to Indian smugglers - Bangkok Post
2026-05-11 08:37:07,011 | INFO | ML PREDICTION | PREDICTION=other | CONFIDENCE=51.92 | TITLE=Banned wildlife trade busted: Three arrested for wildlife trophy possession; Investigation hints at a wid - The Times of India
2026-05-11 08:37:07,057 | INFO | SEMANTIC SCORE | SCORE=68.93 | TITLE=Banned wildlife trade busted: Three arrested for wildlife trophy possession; Investigation hints at a wid - The Times of India
2026-05-11 08:37:07,057 | WARNING | ARTICLE REJECTED | REASON=Low confidence | TITLE=Banned wildlife trade busted: Three arrested for wildlife trophy possession; Investigation hints at a wid - The Times of India
2026-05-11 08:37:08,681 | WARNING | ARTICLE REJECTED | REASON=Validated | TITLE=Vantara Row: CITES Reverses Earlier Recommendation to India About Banning Imports of Endangered Wildlife - TheWire.in
2026-05-11 08:37:10,165 | INFO | ML PREDICTION | PREDICTION=other | CONFIDENCE=79.99 | TITLE=Gujarat: Wildlife trade racket busted, Indian star tortoises and rose-ringed parakeets rescued - The Hans India
2026-05-11 08:37:10,247 | INFO | SEMANTIC SCORE | SCORE=54.52 | TITLE=Gujarat: Wildlife trade racket busted, Indian star tortoises and rose-ringed parakeets rescued - The Hans India
2026-05-11 08:37:13,685 | WARNING | ARTICLE REJECTED | REASON=Duplicate article | TITLE=Gujarat: Wildlife trade racket busted, Indian star tortoises and rose-ringed parakeets rescued - The Hans India
2026-05-11 08:37:17,477 | INFO | ML PREDICTION | PREDICTION=other | CONFIDENCE=62.81 | TITLE=Tougher action to curb Southeast Asia-India wildlife smuggling by air - TRAFFIC.org
2026-05-11 08:37:17,521 | INFO | SEMANTIC SCORE | SCORE=56.64 | TITLE=Tougher action to curb Southeast Asia-India wildlife smuggling by air - TRAFFIC.org
2026-05-11 08:37:17,521 | WARNING | ARTICLE REJECTED | REASON=Low confidence | TITLE=Tougher action to curb Southeast Asia-India wildlife smuggling by air - TRAFFIC.org
2026-05-11 08:37:19,151 | INFO | ML PREDICTION | PREDICTION=other | CONFIDENCE=66.95 | TITLE=[Explainer] Why is India a major hub for wildlife trafficking? - Mongabay-India
2026-05-11 08:37:19,233 | INFO | SEMANTIC SCORE | SCORE=55.34 | TITLE=[Explainer] Why is India a major hub for wildlife trafficking? - Mongabay-India
2026-05-11 08:37:19,233 | WARNING | ARTICLE REJECTED | REASON=Low confidence | TITLE=[Explainer] Why is India a major hub for wildlife trafficking? - Mongabay-India
2026-05-11 08:37:20,921 | WARNING | ARTICLE REJECTED | REASON=Validated | TITLE=Authorities make shocking discovery after getting tip about vehicle — here's what they found - The Cool Down
2026-05-11 08:37:22,480 | WARNING | ARTICLE REJECTED | REASON=Validated | TITLE=Exotic reptiles in illegal wildlife trade in India - WWF India
2026-05-11 08:37:24,073 | WARNING | ARTICLE REJECTED | REASON=Validated | TITLE=Global biodiversity assessment counters Supreme Court’s clean chit to Vantara - Mongabay-India
2026-05-11 08:37:25,649 | WARNING | ARTICLE REJECTED | REASON=Validation failure | TITLE=Increase in gibbon trafficking into India has conservationists worried - news - Mongabay
2026-05-11 08:37:27,401 | INFO | ML PREDICTION | PREDICTION=other | CONFIDENCE=63.92 | TITLE=High Flying: Insight Into Wildlife Trafficking Through India's Airports - Wildlife Trade Report from TRAFFIC - TRAFFIC.org
2026-05-11 08:37:27,495 | INFO | SEMANTIC SCORE | SCORE=67.33 | TITLE=High Flying: Insight Into Wildlife Trafficking Through India's Airports - Wildlife Trade Report from TRAFFIC - TRAFFIC.org
2026-05-11 08:37:30,760 | WARNING | ARTICLE REJECTED | REASON=Duplicate article | TITLE=High Flying: Insight Into Wildlife Trafficking Through India's Airports - Wildlife Trade Report from TRAFFIC - TRAFFIC.org
2026-05-11 08:37:33,336 | INFO | ML PREDICTION | PREDICTION=other | CONFIDENCE=65.76 | TITLE=Unique species in air passenger baggage exposes global reach of Thailand-India wild life smuggling - TRAFFIC.org
2026-05-11 08:37:33,421 | INFO | SEMANTIC SCORE | SCORE=50.3 | TITLE=Unique species in air passenger baggage exposes global reach of Thailand-India wild life smuggling - TRAFFIC.org
2026-05-11 08:37:33,422 | WARNING | ARTICLE REJECTED | REASON=Low confidence | TITLE=Unique species in air passenger baggage exposes global reach of Thailand-India wild life smuggling - TRAFFIC.org
2026-05-11 08:37:35,053 | INFO | ML PREDICTION | PREDICTION=other | CONFIDENCE=50.33 | TITLE=Strengthening law enforcement capacity to curb wildlife crime in Madhya Pradesh - WWF India
2026-05-11 08:37:35,094 | INFO | SEMANTIC SCORE | SCORE=59.41 | TITLE=Strengthening law enforcement capacity to curb wildlife crime in Madhya Pradesh - WWF India
2026-05-11 08:37:35,095 | WARNING | ARTICLE REJECTED | REASON=Low confidence | TITLE=Strengthening law enforcement capacity to curb wildlife crime in Madhya Pradesh - WWF India
2026-05-11 08:37:36,692 | INFO | ML PREDICTION | PREDICTION=other | CONFIDENCE=57.04 | TITLE=WILDLIFE CRIME CONTROL BUREAU FROM INDIA AND NEPAL MEET TO STRENGTHEN COLLABORATION FOR CURBING - WWF India
2026-05-11 08:37:36,726 | INFO | SEMANTIC SCORE | SCORE=50.3 | TITLE=WILDLIFE CRIME CONTROL BUREAU FROM INDIA AND NEPAL MEET TO STRENGTHEN COLLABORATION FOR CURBING - WWF India
2026-05-11 08:37:36,727 | WARNING | ARTICLE REJECTED | REASON=Low confidence | TITLE=WILDLIFE CRIME CONTROL BUREAU FROM INDIA AND NEPAL MEET TO STRENGTHEN COLLABORATION FOR CURBING - WWF India
2026-05-11 08:37:38,468 | WARNING | ARTICLE REJECTED | REASON=Validated | TITLE=India asks UN wildlife body to not curb its animal imports amid Ambani zoo furore - Reuters
2026-05-11 08:37:40,075 | INFO | ML PREDICTION | PREDICTION=other | CONFIDENCE=51.48 | TITLE=How India is curbing wildlife trafficking - DD News
2026-05-11 08:37:40,114 | INFO | SEMANTIC SCORE | SCORE=62.23 | TITLE=How India is curbing wildlife trafficking - DD News
2026-05-11 08:37:40,115 | WARNING | ARTICLE REJECTED | REASON=Low confidence | TITLE=How India is curbing wildlife trafficking - DD News
2026-05-11 08:37:41,838 | INFO | ML PREDICTION | PREDICTION=crime | CONFIDENCE=63.3 | TITLE=India: Exotic apes seized at Mumbai airport - DW.com
2026-05-11 08:37:41,907 | INFO | SEMANTIC SCORE | SCORE=50.04 | TITLE=India: Exotic apes seized at Mumbai airport - DW.com
2026-05-11 08:37:41,908 | WARNING | ARTICLE REJECTED | REASON=Low confidence | TITLE=India: Exotic apes seized at Mumbai airport - DW.com
2026-05-11 08:37:43,619 | INFO | ML PREDICTION | PREDICTION=other | CONFIDENCE=77.53 | TITLE=BHUTAN, INDIA, AND NEPAL COLLABORATE TO COUNTER WILDLIFE TRAFFICKING IN SOUTH ASIA - WWF India
2026-05-11 08:37:43,677 | INFO | SEMANTIC SCORE | SCORE=57.18 | TITLE=BHUTAN, INDIA, AND NEPAL COLLABORATE TO COUNTER WILDLIFE TRAFFICKING IN SOUTH ASIA - WWF India
2026-05-11 08:37:47,084 | WARNING | ARTICLE REJECTED | REASON=Duplicate article | TITLE=BHUTAN, INDIA, AND NEPAL COLLABORATE TO COUNTER WILDLIFE TRAFFICKING IN SOUTH ASIA - WWF India
2026-05-11 08:37:50,251 | WARNING | ARTICLE REJECTED | REASON=Validated | TITLE=Excess Baggage: How wildlife is trafficked by air in and out of India - Mongabay-India
2026-05-11 08:37:51,853 | INFO | ML PREDICTION | PREDICTION=other | CONFIDENCE=71.38 | TITLE=FIRST OF ITS KIND PROJECT LAUNCHES NEW TOOLS TO COMBAT WILDLIFE TRAFFICKING IN INDIA’S AIRPORT - WWF India
2026-05-11 08:37:51,906 | INFO | SEMANTIC SCORE | SCORE=60.22 | TITLE=FIRST OF ITS KIND PROJECT LAUNCHES NEW TOOLS TO COMBAT WILDLIFE TRAFFICKING IN INDIA’S AIRPORT - WWF India
2026-05-11 08:37:55,346 | WARNING | ARTICLE REJECTED | REASON=Duplicate article | TITLE=FIRST OF ITS KIND PROJECT LAUNCHES NEW TOOLS TO COMBAT WILDLIFE TRAFFICKING IN INDIA’S AIRPORT - WWF India
2026-05-11 08:37:58,355 | WARNING | ARTICLE REJECTED | REASON=Validated | TITLE=Vantara, an Indian billionaire's enormous private zoo - Le Monde.fr
2026-05-11 08:38:00,023 | WARNING | ARTICLE REJECTED | REASON=Validated | TITLE=INDIA AND NEPAL MEET TO ADDRESS CHALLENGES TO CURBING ILLEGAL WILDLIFE TRADE - WWF India
2026-05-11 08:38:01,649 | INFO | ML PREDICTION | PREDICTION=crime | CONFIDENCE=51.01 | TITLE=Wildlife crime cases in India decline significantly: Govt - Deccan Herald
2026-05-11 08:38:01,710 | INFO | SEMANTIC SCORE | SCORE=58.47 | TITLE=Wildlife crime cases in India decline significantly: Govt - Deccan Herald
2026-05-11 08:38:01,711 | WARNING | ARTICLE REJECTED | REASON=Low confidence | TITLE=Wildlife crime cases in India decline significantly: Govt - Deccan Herald
2026-05-11 08:38:03,505 | WARNING | ARTICLE REJECTED | REASON=Validation failure | TITLE=World Environment Day 2021-India’s Commitment Towards Stopping Illegal Wildlife Trafficking - Welcome to the United Nations
2026-05-11 08:38:05,241 | WARNING | ARTICLE REJECTED | REASON=Validated | TITLE=Tame the trade - Down To Earth
2026-05-11 08:38:06,804 | WARNING | ARTICLE REJECTED | REASON=Validated | TITLE=Wildlife-Related Crime Numbers Witness a Significant Decline - FACTLY
2026-05-11 08:38:08,408 | INFO | ML PREDICTION | PREDICTION=other | CONFIDENCE=72.54 | TITLE=First of its kind project launches new tools to combat Wildlife Trafficking In India’s Airports - TRAFFIC.org
2026-05-11 08:38:08,450 | INFO | SEMANTIC SCORE | SCORE=65.95 | TITLE=First of its kind project launches new tools to combat Wildlife Trafficking In India’s Airports - TRAFFIC.org
2026-05-11 08:38:11,850 | WARNING | ARTICLE REJECTED | REASON=Duplicate article | TITLE=First of its kind project launches new tools to combat Wildlife Trafficking In India’s Airports - TRAFFIC.org
2026-05-11 08:38:16,157 | WARNING | ARTICLE REJECTED | REASON=Validated | TITLE=From policy to practice: Evaluating India’s approach to exotic wildlife trade under CITES - The Leaflet
2026-05-11 08:38:17,969 | WARNING | ARTICLE REJECTED | REASON=Validated | TITLE=How India’s Wildlife Import System Became A Gateway For Gaps - Madras Courier
2026-05-11 08:38:19,417 | INFO | ML PREDICTION | PREDICTION=other | CONFIDENCE=70.66 | TITLE=ENFORCEMENT AGENCIES TRAIN TOGETHER TO STOP WILDLIFE TRAFFICKING ACROSS INDIA’S HIMALAYAS - WWF India
2026-05-11 08:38:19,469 | INFO | SEMANTIC SCORE | SCORE=61.13 | TITLE=ENFORCEMENT AGENCIES TRAIN TOGETHER TO STOP WILDLIFE TRAFFICKING ACROSS INDIA’S HIMALAYAS - WWF India
2026-05-11 08:38:22,733 | WARNING | ARTICLE REJECTED | REASON=Duplicate article | TITLE=ENFORCEMENT AGENCIES TRAIN TOGETHER TO STOP WILDLIFE TRAFFICKING ACROSS INDIA’S HIMALAYAS - WWF India
2026-05-11 08:38:24,931 | INFO | ML PREDICTION | PREDICTION=other | CONFIDENCE=63.59 | TITLE=SOUTH ASIAN COUNTRIES MEET AGAIN TO STRENGTHEN EFFORTS TO CURB WILDLIFE TRAFFICKING - WWF India
2026-05-11 08:38:25,013 | INFO | SEMANTIC SCORE | SCORE=43.61 | TITLE=SOUTH ASIAN COUNTRIES MEET AGAIN TO STRENGTHEN EFFORTS TO CURB WILDLIFE TRAFFICKING - WWF India
2026-05-11 08:38:25,014 | WARNING | ARTICLE REJECTED | REASON=Low confidence | TITLE=SOUTH ASIAN COUNTRIES MEET AGAIN TO STRENGTHEN EFFORTS TO CURB WILDLIFE TRAFFICKING - WWF India
2026-05-11 08:38:27,501 | WARNING | ARTICLE REJECTED | REASON=Validated | TITLE=A Wake-Up Call for India’s Wildlife Governance - Drishti IAS
2026-05-11 08:38:29,164 | WARNING | ARTICLE REJECTED | REASON=Validated | TITLE=CITES Report Urges India to Halt Wildlife Imports Pending Stronger Checks - Vajiram & Ravi
2026-05-11 08:38:30,691 | WARNING | ARTICLE REJECTED | REASON=Validated | TITLE=In Deep Water: India's Sea Cucumbers in Illegal Wildlife Trade - TRAFFIC.org
2026-05-11 08:38:32,266 | INFO | ML PREDICTION | PREDICTION=other | CONFIDENCE=51.01 | TITLE=How India Is Using AI to Stop Poaching: 5 Tech Initiatives Protecting Wildlife - The Better India
2026-05-11 08:38:32,312 | INFO | SEMANTIC SCORE | SCORE=44.32 | TITLE=How India Is Using AI to Stop Poaching: 5 Tech Initiatives Protecting Wildlife - The Better India
2026-05-11 08:38:32,313 | WARNING | ARTICLE REJECTED | REASON=Low confidence | TITLE=How India Is Using AI to Stop Poaching: 5 Tech Initiatives Protecting Wildlife - The Better India
2026-05-11 08:38:33,755 | WARNING | ARTICLE REJECTED | REASON=Validated | TITLE=India's Pangolins buried in Illegal Wildlife Trade - Wildlife Trade Report from TRAFFIC - TRAFFIC.org
2026-05-11 08:38:35,179 | WARNING | ARTICLE REJECTED | REASON=Validated | TITLE=NGO Flags Rise in Illegal Wildlife Trade Guised as ‘Zoo Transfers’, Including to India - TheWire.in
2026-05-11 08:38:36,613 | INFO | ML PREDICTION | PREDICTION=other | CONFIDENCE=65.01 | TITLE=Champhai district in Mizoram is now a hotspot for wildlife trafficking in India - Mongabay-India
2026-05-11 08:38:36,662 | INFO | SEMANTIC SCORE | SCORE=56.7 | TITLE=Champhai district in Mizoram is now a hotspot for wildlife trafficking in India - Mongabay-India
2026-05-11 08:38:36,662 | WARNING | ARTICLE REJECTED | REASON=Low confidence | TITLE=Champhai district in Mizoram is now a hotspot for wildlife trafficking in India - Mongabay-India
2026-05-11 08:38:38,257 | INFO | ML PREDICTION | PREDICTION=other | CONFIDENCE=64.79 | TITLE=India’s Wildlife Trafficking Epidemic - The Diplomat – Asia-Pacific
2026-05-11 08:38:38,300 | INFO | SEMANTIC SCORE | SCORE=70.59 | TITLE=India’s Wildlife Trafficking Epidemic - The Diplomat – Asia-Pacific
2026-05-11 08:38:41,683 | WARNING | ARTICLE REJECTED | REASON=Duplicate article | TITLE=India’s Wildlife Trafficking Epidemic - The Diplomat – Asia-Pacific
2026-05-11 08:38:44,357 | INFO | ML PREDICTION | PREDICTION=crime | CONFIDENCE=63.08 | TITLE=Decoding solutions: curbing online wildlife crime in India - TRAFFIC.org
2026-05-11 08:38:44,430 | INFO | SEMANTIC SCORE | SCORE=60.7 | TITLE=Decoding solutions: curbing online wildlife crime in India - TRAFFIC.org
2026-05-11 08:38:44,431 | WARNING | ARTICLE REJECTED | REASON=Low confidence | TITLE=Decoding solutions: curbing online wildlife crime in India - TRAFFIC.org
2026-05-11 08:38:46,076 | INFO | ML PREDICTION | PREDICTION=crime | CONFIDENCE=58.11 | TITLE=Can AI help India fight against wildlife trafficking and animal poaching? - IndiaAI
2026-05-11 08:38:46,164 | INFO | SEMANTIC SCORE | SCORE=52.5 | TITLE=Can AI help India fight against wildlife trafficking and animal poaching? - IndiaAI
2026-05-11 08:38:46,165 | WARNING | ARTICLE REJECTED | REASON=Low confidence | TITLE=Can AI help India fight against wildlife trafficking and animal poaching? - IndiaAI
2026-05-11 08:38:47,728 | INFO | ML PREDICTION | PREDICTION=other | CONFIDENCE=56.27 | TITLE=Malaysia steps up action against smuggling of wildlife in passenger luggage between Southeast Asia, India - Asia News Network
2026-05-11 08:38:47,793 | INFO | SEMANTIC SCORE | SCORE=41.9 | TITLE=Malaysia steps up action against smuggling of wildlife in passenger luggage between Southeast Asia, India - Asia News Network
2026-05-11 08:38:47,794 | WARNING | ARTICLE REJECTED | REASON=Low confidence | TITLE=Malaysia steps up action against smuggling of wildlife in passenger luggage between Southeast Asia, India - Asia News Network
2026-05-11 08:38:49,240 | INFO | ML PREDICTION | PREDICTION=other | CONFIDENCE=57.26 | TITLE=Unique species in air passenger baggage exposes global reach of Thailand India wildlife smuggling - TRAFFIC.org
2026-05-11 08:38:49,319 | INFO | SEMANTIC SCORE | SCORE=57.48 | TITLE=Unique species in air passenger baggage exposes global reach of Thailand India wildlife smuggling - TRAFFIC.org
2026-05-11 08:38:49,320 | WARNING | ARTICLE REJECTED | REASON=Low confidence | TITLE=Unique species in air passenger baggage exposes global reach of Thailand India wildlife smuggling - TRAFFIC.org
2026-05-11 08:38:50,985 | WARNING | ARTICLE REJECTED | REASON=Validated | TITLE=Factsheet on Indian Spiny-tailed Lizard in illegal wildlife trade - Wildlife Trade Report from TRAFFIC - TRAFFIC.org
2026-05-11 08:38:52,383 | WARNING | ARTICLE REJECTED | REASON=Validation failure | TITLE=‘Not all animals migrate by choice’ campaign launched to raise awareness on illegal wildlife trade - Press Information Bureau
2026-05-11 08:38:53,958 | WARNING | ARTICLE REJECTED | REASON=Validated | TITLE=After Vantara Visit, CITES Raps India, Says No More Imports of Endangered Wildlife Until Compliance - TheWire.in
2026-05-11 08:38:55,567 | WARNING | ARTICLE REJECTED | REASON=Validated | TITLE=INDIA'S PANGOLIN BURIED IN ILLEGAL WILDLIFE TRADE: Over 1200 were poached and trafficked from - WWF India
2026-05-11 08:38:57,268 | WARNING | ARTICLE REJECTED | REASON=Validated | TITLE=TRAFFIC initiative in India warns against buying illegal wildlife products - TRAFFIC.org
2026-05-11 08:38:58,853 | WARNING | ARTICLE REJECTED | REASON=Validated | TITLE=Factsheet on India’s Red Sanders in illegal wildlife trade - TRAFFIC.org
2026-05-11 08:39:00,620 | WARNING | ARTICLE REJECTED | REASON=Validation failure | TITLE=Who’s Hoo? How to identify owls in illegal wildlife trade this International Owl Awareness Day - WWF India
2026-05-11 08:39:02,135 | INFO | ML PREDICTION | PREDICTION=crime | CONFIDENCE=69.92 | TITLE=Tantric rituals lead to wildlife crime arrest, 1 held - The Times of India
2026-05-11 08:39:02,180 | INFO | SEMANTIC SCORE | SCORE=41.22 | TITLE=Tantric rituals lead to wildlife crime arrest, 1 held - The Times of India
2026-05-11 08:39:02,180 | WARNING | ARTICLE REJECTED | REASON=Low confidence | TITLE=Tantric rituals lead to wildlife crime arrest, 1 held - The Times of India
2026-05-11 08:39:03,737 | INFO | ML PREDICTION | PREDICTION=crime | CONFIDENCE=51.01 | TITLE=Wildlife crime cases in India decline significantly from 2020 to 2024: Govt - ThePrint
2026-05-11 08:39:03,771 | INFO | SEMANTIC SCORE | SCORE=57.44 | TITLE=Wildlife crime cases in India decline significantly from 2020 to 2024: Govt - ThePrint
2026-05-11 08:39:03,772 | WARNING | ARTICLE REJECTED | REASON=Low confidence | TITLE=Wildlife crime cases in India decline significantly from 2020 to 2024: Govt - ThePrint
2026-05-11 08:39:05,467 | WARNING | ARTICLE REJECTED | REASON=Validated | TITLE=Factsheet on India’s Agarwood in illegal wildlife trade - TRAFFIC.org
2026-05-11 08:39:07,001 | WARNING | ARTICLE REJECTED | REASON=Validated | TITLE=Indian Customs Department installs illegal wildlife trade displays at Delhi International Airport - TRAFFIC.org
2026-05-11 08:39:08,230 | INFO | ML PREDICTION | PREDICTION=crime | CONFIDENCE=56.99 | TITLE=Illegal wildlife trade busted from Crawford Market, man arrested - The Times of India
2026-05-11 08:39:08,274 | INFO | SEMANTIC SCORE | SCORE=71.81 | TITLE=Illegal wildlife trade busted from Crawford Market, man arrested - The Times of India
2026-05-11 08:39:08,275 | WARNING | ARTICLE REJECTED | REASON=Low confidence | TITLE=Illegal wildlife trade busted from Crawford Market, man arrested - The Times of India
2026-05-11 08:39:09,897 | INFO | ML PREDICTION | PREDICTION=other | CONFIDENCE=56.92 | TITLE=Wildlife crime goes digital, WCCB increases vigilance - The New Indian Express
2026-05-11 08:39:09,971 | INFO | SEMANTIC SCORE | SCORE=56.28 | TITLE=Wildlife crime goes digital, WCCB increases vigilance - The New Indian Express
2026-05-11 08:39:09,971 | WARNING | ARTICLE REJECTED | REASON=Low confidence | TITLE=Wildlife crime goes digital, WCCB increases vigilance - The New Indian Express
2026-05-11 08:39:11,634 | INFO | ML PREDICTION | PREDICTION=other | CONFIDENCE=70.35 | TITLE=US and India Co-operate to Combat Illegal Trade in Wildlife - TRAFFIC.org
2026-05-11 08:39:11,712 | INFO | SEMANTIC SCORE | SCORE=66.85 | TITLE=US and India Co-operate to Combat Illegal Trade in Wildlife - TRAFFIC.org
2026-05-11 08:39:15,138 | WARNING | ARTICLE REJECTED | REASON=Duplicate article | TITLE=US and India Co-operate to Combat Illegal Trade in Wildlife - TRAFFIC.org
2026-05-11 08:39:18,831 | INFO | ML PREDICTION | PREDICTION=crime | CONFIDENCE=60.44 | TITLE=Nepal collaborates with neighbors to gain wildlife crime intel but struggles with enforcement - news - Mongabay
2026-05-11 08:39:18,871 | INFO | SEMANTIC SCORE | SCORE=54.57 | TITLE=Nepal collaborates with neighbors to gain wildlife crime intel but struggles with enforcement - news - Mongabay
2026-05-11 08:39:18,872 | WARNING | ARTICLE REJECTED | REASON=Low confidence | TITLE=Nepal collaborates with neighbors to gain wildlife crime intel but struggles with enforcement - news - Mongabay
2026-05-11 08:39:20,578 | INFO | ML PREDICTION | PREDICTION=other | CONFIDENCE=69.35 | TITLE=Young coders put their skills together to address wildlife trafficking in India: Watch our late - WWF India
2026-05-11 08:39:20,652 | INFO | SEMANTIC SCORE | SCORE=59.21 | TITLE=Young coders put their skills together to address wildlife trafficking in India: Watch our late - WWF India
2026-05-11 08:39:20,653 | WARNING | ARTICLE REJECTED | REASON=Low confidence | TITLE=Young coders put their skills together to address wildlife trafficking in India: Watch our late - WWF India
2026-05-11 08:39:22,397 | WARNING | ARTICLE REJECTED | REASON=Validated | TITLE=Factsheet: Netted In Illegal Wildlife Trade - Sharks of India - TRAFFIC.org
2026-05-11 08:39:24,016 | WARNING | ARTICLE REJECTED | REASON=Validated | TITLE=A mutating crisis - Down To Earth
2026-05-11 08:39:25,591 | INFO | ML PREDICTION | PREDICTION=other | CONFIDENCE=62.47 | TITLE=Wildlife trafficking in Tamil Nadu | The grey in the colourful plumage - The Hindu
2026-05-11 08:39:25,629 | INFO | SEMANTIC SCORE | SCORE=70.09 | TITLE=Wildlife trafficking in Tamil Nadu | The grey in the colourful plumage - The Hindu
2026-05-11 08:39:29,992 | WARNING | ARTICLE REJECTED | REASON=Duplicate article | TITLE=Wildlife trafficking in Tamil Nadu | The grey in the colourful plumage - The Hindu
2026-05-11 08:39:31,815 | WARNING | ARTICLE REJECTED | REASON=Validated | TITLE=Indian Customs Department extends support: Installs informative displays on illegal wildlife t - WWF India
2026-05-11 08:39:33,597 | WARNING | ARTICLE REJECTED | REASON=Validated | TITLE=Why wildlife traffickers are getting caught at airports - The Times of India
2026-05-11 08:39:34,983 | INFO | ML PREDICTION | PREDICTION=crime | CONFIDENCE=57.96 | TITLE=350 exotic animals trafficked from Bangkok seized at Pune, Mumbai airports in two months | Hindustan Times - Hindustan Times
2026-05-11 08:39:35,023 | INFO | SEMANTIC SCORE | SCORE=57.27 | TITLE=350 exotic animals trafficked from Bangkok seized at Pune, Mumbai airports in two months | Hindustan Times - Hindustan Times
2026-05-11 08:39:35,023 | WARNING | ARTICLE REJECTED | REASON=Low confidence | TITLE=350 exotic animals trafficked from Bangkok seized at Pune, Mumbai airports in two months | Hindustan Times - Hindustan Times
2026-05-11 08:39:36,574 | INFO | ML PREDICTION | PREDICTION=other | CONFIDENCE=66.31 | TITLE=Bhutan, India, Nepal to counter wildlife trafficking - The Times of India
2026-05-11 08:39:36,644 | INFO | SEMANTIC SCORE | SCORE=54.07 | TITLE=Bhutan, India, Nepal to counter wildlife trafficking - The Times of India
2026-05-11 08:39:36,645 | WARNING | ARTICLE REJECTED | REASON=Low confidence | TITLE=Bhutan, India, Nepal to counter wildlife trafficking - The Times of India
2026-05-11 08:39:38,202 | INFO | ML PREDICTION | PREDICTION=crime | CONFIDENCE=72.41 | TITLE=Reported wildlife poaching in India more than doubles during COVID-19 lockdown - TRAFFIC.org
2026-05-11 08:39:38,258 | INFO | SEMANTIC SCORE | SCORE=59.23 | TITLE=Reported wildlife poaching in India more than doubles during COVID-19 lockdown - TRAFFIC.org
2026-05-11 08:39:41,526 | WARNING | ARTICLE REJECTED | REASON=Duplicate article | TITLE=Reported wildlife poaching in India more than doubles during COVID-19 lockdown - TRAFFIC.org
2026-05-11 08:39:45,815 | INFO | ML PREDICTION | PREDICTION=other | CONFIDENCE=63.71 | TITLE=A community leads protection of the pangolin in a critical illegal trade corridor - Mongabay-India
2026-05-11 08:39:45,861 | INFO | SEMANTIC SCORE | SCORE=64.77 | TITLE=A community leads protection of the pangolin in a critical illegal trade corridor - Mongabay-India
2026-05-11 08:39:45,861 | WARNING | ARTICLE REJECTED | REASON=Low confidence | TITLE=A community leads protection of the pangolin in a critical illegal trade corridor - Mongabay-India
2026-05-11 08:39:48,094 | INFO | ML PREDICTION | PREDICTION=crime | CONFIDENCE=50.46 | TITLE=Why NCRB Data Understates Wildlife Crime in India - Frontline Magazine
2026-05-11 08:39:48,174 | INFO | SEMANTIC SCORE | SCORE=56.1 | TITLE=Why NCRB Data Understates Wildlife Crime in India - Frontline Magazine
2026-05-11 08:39:48,175 | WARNING | ARTICLE REJECTED | REASON=Low confidence | TITLE=Why NCRB Data Understates Wildlife Crime in India - Frontline Magazine
2026-05-11 08:39:49,644 | WARNING | ARTICLE REJECTED | REASON=Validated | TITLE=Rising illegal wildlife trade across Himalayan countries threatens the mountain ecosystem - Mongabay-India
2026-05-11 08:39:51,308 | WARNING | ARTICLE REJECTED | REASON=Validated | TITLE=Exotic reptiles in illegal wildlife trade in India - WWF India
2026-05-11 08:39:52,996 | WARNING | ARTICLE REJECTED | REASON=Validated | TITLE=Global rules, local gaps: Why CITES can’t help curb India’s domestic wildlife trade - Down To Earth
2026-05-11 08:39:54,727 | INFO | ML PREDICTION | PREDICTION=other | CONFIDENCE=62.81 | TITLE=Tougher action to curb Southeast Asia-India wildlife smuggling by air - TRAFFIC.org
2026-05-11 08:39:54,811 | INFO | SEMANTIC SCORE | SCORE=56.64 | TITLE=Tougher action to curb Southeast Asia-India wildlife smuggling by air - TRAFFIC.org
2026-05-11 08:39:54,811 | WARNING | ARTICLE REJECTED | REASON=Low confidence | TITLE=Tougher action to curb Southeast Asia-India wildlife smuggling by air - TRAFFIC.org
2026-05-11 08:39:56,460 | WARNING | ARTICLE REJECTED | REASON=Validation failure | TITLE=Workshop in Bagdogra Targets Wildlife Trafficking - Arunachal24
2026-05-11 08:39:58,020 | WARNING | ARTICLE REJECTED | REASON=Validated | TITLE=The anatomy of illicit wildlife trade In India - Dailyhunt
2026-05-11 08:39:59,665 | INFO | ML PREDICTION | PREDICTION=other | CONFIDENCE=58.21 | TITLE=Shift of wildlife trafficking to the North East–Myanmar corridor - INSIGHTS IAS
2026-05-11 08:39:59,700 | INFO | SEMANTIC SCORE | SCORE=74.97 | TITLE=Shift of wildlife trafficking to the North East–Myanmar corridor - INSIGHTS IAS
2026-05-11 08:40:03,054 | WARNING | ARTICLE REJECTED | REASON=Duplicate article | TITLE=Shift of wildlife trafficking to the North East–Myanmar corridor - INSIGHTS IAS
2026-05-11 08:40:05,981 | WARNING | ARTICLE REJECTED | REASON=Validated | TITLE=How India’s Wildlife Import System Became A Gateway For Gaps - Madras Courier
2026-05-11 08:40:07,479 | WARNING | ARTICLE REJECTED | REASON=Validated | TITLE=Stop wildlife imports to India until proper checks in place: CITES report - Vision IAS
2026-05-11 08:40:09,290 | INFO | ML PREDICTION | PREDICTION=crime | CONFIDENCE=62.68 | TITLE=First CBI Prosecuted Wildlife Crime Case in India - usthadian.com
2026-05-11 08:40:09,350 | INFO | SEMANTIC SCORE | SCORE=62.72 | TITLE=First CBI Prosecuted Wildlife Crime Case in India - usthadian.com
2026-05-11 08:40:09,350 | WARNING | ARTICLE REJECTED | REASON=Low confidence | TITLE=First CBI Prosecuted Wildlife Crime Case in India - usthadian.com
2026-05-11 08:40:11,002 | WARNING | ARTICLE REJECTED | REASON=Validated | TITLE=Indian Softshell Turtle Rescue Highlights Illegal Wildlife Trade - GK Today
2026-05-11 08:40:12,516 | INFO | ML PREDICTION | PREDICTION=other | CONFIDENCE=60.21 | TITLE=In unfamiliar lands: Trafficking of exotic wildlife species in India - WWF India
2026-05-11 08:40:12,609 | INFO | SEMANTIC SCORE | SCORE=71.19 | TITLE=In unfamiliar lands: Trafficking of exotic wildlife species in India - WWF India
2026-05-11 08:40:16,002 | WARNING | ARTICLE REJECTED | REASON=Duplicate article | TITLE=In unfamiliar lands: Trafficking of exotic wildlife species in India - WWF India
2026-05-11 08:40:18,912 | INFO | ML PREDICTION | PREDICTION=other | CONFIDENCE=53.1 | TITLE=Brazil police seize devices from bird expert in trafficking probe linked to Vantara zoo - news - Mongabay
2026-05-11 08:40:18,969 | INFO | SEMANTIC SCORE | SCORE=48.29 | TITLE=Brazil police seize devices from bird expert in trafficking probe linked to Vantara zoo - news - Mongabay
2026-05-11 08:40:18,970 | WARNING | ARTICLE REJECTED | REASON=Low confidence | TITLE=Brazil police seize devices from bird expert in trafficking probe linked to Vantara zoo - news - Mongabay
2026-05-11 08:40:21,776 | WARNING | ARTICLE REJECTED | REASON=Validated | TITLE=Tame the trade - Down To Earth
2026-05-11 08:40:23,415 | WARNING | ARTICLE REJECTED | REASON=Validated | TITLE=ADDING TEETH TO WILDLIFE LAW ENFORCEMENT - WWF India
2026-05-11 08:40:25,022 | WARNING | ARTICLE REJECTED | REASON=Validated | TITLE=India defends animal imports, calls wildlife governance ‘unmatched’ - Mongabay-India
2026-05-11 08:40:26,781 | INFO | ML PREDICTION | PREDICTION=other | CONFIDENCE=50.33 | TITLE=Strengthening law enforcement capacity to curb wildlife crime in Madhya Pradesh - WWF India
2026-05-11 08:40:26,884 | INFO | SEMANTIC SCORE | SCORE=59.41 | TITLE=Strengthening law enforcement capacity to curb wildlife crime in Madhya Pradesh - WWF India
2026-05-11 08:40:26,884 | WARNING | ARTICLE REJECTED | REASON=Low confidence | TITLE=Strengthening law enforcement capacity to curb wildlife crime in Madhya Pradesh - WWF India
2026-05-11 08:40:28,434 | WARNING | ARTICLE REJECTED | REASON=Validated | TITLE=Global biodiversity assessment counters Supreme Court’s clean chit to Vantara - Mongabay-India
2026-05-11 08:40:30,136 | INFO | ML PREDICTION | PREDICTION=other | CONFIDENCE=70.92 | TITLE=Operation Thunder, Highlights, Trends, Legal Framework - Vajiram & Ravi
2026-05-11 08:40:30,215 | INFO | SEMANTIC SCORE | SCORE=25.72 | TITLE=Operation Thunder, Highlights, Trends, Legal Framework - Vajiram & Ravi
2026-05-11 08:40:30,216 | WARNING | ARTICLE REJECTED | REASON=Low confidence | TITLE=Operation Thunder, Highlights, Trends, Legal Framework - Vajiram & Ravi
2026-05-11 08:40:32,048 | INFO | ML PREDICTION | PREDICTION=crime | CONFIDENCE=50.68 | TITLE=World Pangolin Day 2026: 500,000+ pangolins seized globally between 2016 and 2024 - Down To Earth
2026-05-11 08:40:32,113 | INFO | SEMANTIC SCORE | SCORE=68.27 | TITLE=World Pangolin Day 2026: 500,000+ pangolins seized globally between 2016 and 2024 - Down To Earth
2026-05-11 08:40:32,113 | WARNING | ARTICLE REJECTED | REASON=Low confidence | TITLE=World Pangolin Day 2026: 500,000+ pangolins seized globally between 2016 and 2024 - Down To Earth
2026-05-11 08:40:33,842 | INFO | ML PREDICTION | PREDICTION=crime | CONFIDENCE=55.63 | TITLE=Three arrested for illegal wildlife trade in Nakodar - The Tribune
2026-05-11 08:40:33,905 | INFO | SEMANTIC SCORE | SCORE=64.24 | TITLE=Three arrested for illegal wildlife trade in Nakodar - The Tribune
2026-05-11 08:40:33,906 | WARNING | ARTICLE REJECTED | REASON=Low confidence | TITLE=Three arrested for illegal wildlife trade in Nakodar - The Tribune
2026-05-11 08:40:35,682 | INFO | ML PREDICTION | PREDICTION=other | CONFIDENCE=66.95 | TITLE=[Explainer] Why is India a major hub for wildlife trafficking? - Mongabay-India
2026-05-11 08:40:35,720 | INFO | SEMANTIC SCORE | SCORE=55.34 | TITLE=[Explainer] Why is India a major hub for wildlife trafficking? - Mongabay-India
2026-05-11 08:40:35,720 | WARNING | ARTICLE REJECTED | REASON=Low confidence | TITLE=[Explainer] Why is India a major hub for wildlife trafficking? - Mongabay-India
2026-05-11 08:40:37,284 | WARNING | ARTICLE REJECTED | REASON=Validated | TITLE=NE border attracts MP, Maharashtra poachers - The New Indian Express
2026-05-11 08:40:38,942 | INFO | ML PREDICTION | PREDICTION=crime | CONFIDENCE=56.99 | TITLE=Illegal wildlife trade busted from Crawford Market, man arrested - The Times of India
2026-05-11 08:40:39,046 | INFO | SEMANTIC SCORE | SCORE=71.81 | TITLE=Illegal wildlife trade busted from Crawford Market, man arrested - The Times of India
2026-05-11 08:40:39,046 | WARNING | ARTICLE REJECTED | REASON=Low confidence | TITLE=Illegal wildlife trade busted from Crawford Market, man arrested - The Times of India
2026-05-11 08:40:40,779 | INFO | ML PREDICTION | PREDICTION=other | CONFIDENCE=51.92 | TITLE=Banned wildlife trade busted: Three arrested for wildlife trophy possession; Investigation hints at a wid - The Times of India
2026-05-11 08:40:40,842 | INFO | SEMANTIC SCORE | SCORE=68.93 | TITLE=Banned wildlife trade busted: Three arrested for wildlife trophy possession; Investigation hints at a wid - The Times of India
2026-05-11 08:40:40,843 | WARNING | ARTICLE REJECTED | REASON=Low confidence | TITLE=Banned wildlife trade busted: Three arrested for wildlife trophy possession; Investigation hints at a wid - The Times of India
2026-05-11 08:40:42,536 | WARNING | ARTICLE REJECTED | REASON=Validated | TITLE=Woman held with 2 kg pangolin scales in Jharkhand, exposing India’s link to a global wildlife trade - Telegraph India
2026-05-11 08:40:44,105 | WARNING | ARTICLE REJECTED | REASON=Validated | TITLE=CITES Report Urges India to Halt Wildlife Imports Pending Stronger Checks - Vajiram & Ravi
2026-05-11 08:40:45,660 | WARNING | ARTICLE REJECTED | REASON=Validated | TITLE=Stop wildlife imports to India until proper checks in place: CITES report - The Indian Express
2026-05-11 08:40:47,150 | WARNING | ARTICLE REJECTED | REASON=Validated | TITLE=Snake Venom Trail Uncovers Alleged Illegal Exotic Wildlife Trade In Ahmedabad Flat - Vibes Of India
2026-05-11 08:40:48,547 | WARNING | ARTICLE REJECTED | REASON=Validation failure | TITLE=Increase in gibbon trafficking into India has conservationists worried - news - Mongabay
2026-05-11 08:40:49,982 | WARNING | ARTICLE REJECTED | REASON=Validated | TITLE=After Vantara Visit, CITES Raps India, Says No More Imports of Endangered Wildlife Until Compliance - TheWire.in
2026-05-11 08:40:51,685 | INFO | ML PREDICTION | PREDICTION=crime | CONFIDENCE=69.77 | TITLE=631 Live Turtles Rescued in Odisha’s Malkangiri During Wildlife Smuggling Crackdown; Seven Arrested - pragativadi.com
2026-05-11 08:40:51,750 | INFO | SEMANTIC SCORE | SCORE=55.2 | TITLE=631 Live Turtles Rescued in Odisha’s Malkangiri During Wildlife Smuggling Crackdown; Seven Arrested - pragativadi.com
2026-05-11 08:40:51,750 | WARNING | ARTICLE REJECTED | REASON=Low confidence | TITLE=631 Live Turtles Rescued in Odisha’s Malkangiri During Wildlife Smuggling Crackdown; Seven Arrested - pragativadi.com
2026-05-11 08:40:53,503 | INFO | ML PREDICTION | PREDICTION=other | CONFIDENCE=67.03 | TITLE=Police crack down on smugglers attempting to cross border: 'High demand for illegal trade' - The Cool Down
2026-05-11 08:40:53,599 | INFO | SEMANTIC SCORE | SCORE=36.26 | TITLE=Police crack down on smugglers attempting to cross border: 'High demand for illegal trade' - The Cool Down
2026-05-11 08:40:53,600 | WARNING | ARTICLE REJECTED | REASON=Low confidence | TITLE=Police crack down on smugglers attempting to cross border: 'High demand for illegal trade' - The Cool Down
2026-05-11 08:40:55,358 | INFO | ML PREDICTION | PREDICTION=other | CONFIDENCE=51.01 | TITLE=How India Is Using AI to Stop Poaching: 5 Tech Initiatives Protecting Wildlife - The Better India
2026-05-11 08:40:55,407 | INFO | SEMANTIC SCORE | SCORE=44.32 | TITLE=How India Is Using AI to Stop Poaching: 5 Tech Initiatives Protecting Wildlife - The Better India
2026-05-11 08:40:55,408 | WARNING | ARTICLE REJECTED | REASON=Low confidence | TITLE=How India Is Using AI to Stop Poaching: 5 Tech Initiatives Protecting Wildlife - The Better India
2026-05-11 08:40:57,068 | WARNING | ARTICLE REJECTED | REASON=Validated | TITLE=India’s endangered tigers are being sold in Myanmar for lust potions and dark myths - The Economic Times
2026-05-11 08:40:58,671 | INFO | ML PREDICTION | PREDICTION=other | CONFIDENCE=56.27 | TITLE=Malaysia steps up action against smuggling of wildlife in passenger luggage between Southeast Asia, India - Asia News Network
2026-05-11 08:40:58,751 | INFO | SEMANTIC SCORE | SCORE=41.9 | TITLE=Malaysia steps up action against smuggling of wildlife in passenger luggage between Southeast Asia, India - Asia News Network
2026-05-11 08:40:58,752 | WARNING | ARTICLE REJECTED | REASON=Low confidence | TITLE=Malaysia steps up action against smuggling of wildlife in passenger luggage between Southeast Asia, India - Asia News Network
2026-05-11 08:41:00,370 | INFO | ML PREDICTION | PREDICTION=crime | CONFIDENCE=60.35 | TITLE=Over 100 Parrots Seized in Major Forest Department Crackdown in Jamshedpur, Smuggler Arrested - The Avenue Mail
2026-05-11 08:41:00,459 | INFO | SEMANTIC SCORE | SCORE=62.24 | TITLE=Over 100 Parrots Seized in Major Forest Department Crackdown in Jamshedpur, Smuggler Arrested - The Avenue Mail
2026-05-11 08:41:05,565 | WARNING | ARTICLE REJECTED | REASON=Duplicate article | TITLE=Over 100 Parrots Seized in Major Forest Department Crackdown in Jamshedpur, Smuggler Arrested - The Avenue Mail
2026-05-11 08:41:07,579 | INFO | ML PREDICTION | PREDICTION=other | CONFIDENCE=53.14 | TITLE=Joint operation cracks down on illegal wildlife trade in Gujarat's Valsad; three held - ANI News
2026-05-11 08:41:07,675 | INFO | SEMANTIC SCORE | SCORE=54.27 | TITLE=Joint operation cracks down on illegal wildlife trade in Gujarat's Valsad; three held - ANI News
2026-05-11 08:41:07,675 | WARNING | ARTICLE REJECTED | REASON=Low confidence | TITLE=Joint operation cracks down on illegal wildlife trade in Gujarat's Valsad; three held - ANI News
2026-05-11 08:41:09,337 | INFO | ML PREDICTION | PREDICTION=crime | CONFIDENCE=70.14 | TITLE=CBI court sentences six to two years’ jail in tiger, leopard parts smuggling case - The Hans India
2026-05-11 08:41:09,395 | INFO | SEMANTIC SCORE | SCORE=45.23 | TITLE=CBI court sentences six to two years’ jail in tiger, leopard parts smuggling case - The Hans India
2026-05-11 08:41:09,395 | WARNING | ARTICLE REJECTED | REASON=Low confidence | TITLE=CBI court sentences six to two years’ jail in tiger, leopard parts smuggling case - The Hans India
2026-05-11 08:41:10,953 | INFO | ML PREDICTION | PREDICTION=crime | CONFIDENCE=56.43 | TITLE=‘Forgotten’ leopards being driven to silent extinction by poaching and trade - news - Mongabay
2026-05-11 08:41:11,008 | INFO | SEMANTIC SCORE | SCORE=58.29 | TITLE=‘Forgotten’ leopards being driven to silent extinction by poaching and trade - news - Mongabay
2026-05-11 08:41:11,008 | WARNING | ARTICLE REJECTED | REASON=Low confidence | TITLE=‘Forgotten’ leopards being driven to silent extinction by poaching and trade - news - Mongabay
2026-05-11 08:41:12,551 | WARNING | ARTICLE REJECTED | REASON=Validated | TITLE=In Deep Water: India's Sea Cucumbers in Illegal Wildlife Trade - TRAFFIC.org
2026-05-11 08:41:14,352 | WARNING | ARTICLE REJECTED | REASON=Validated | TITLE=NGO Flags Rise in Illegal Wildlife Trade Guised as ‘Zoo Transfers’, Including to India - TheWire.in
2026-05-11 08:41:15,896 | WARNING | ARTICLE REJECTED | REASON=Validated | TITLE=India's Pangolins buried in Illegal Wildlife Trade - Wildlife Trade Report from TRAFFIC - TRAFFIC.org
2026-05-11 08:41:17,579 | WARNING | ARTICLE REJECTED | REASON=Validated | TITLE=INDIA AND NEPAL MEET TO ADDRESS CHALLENGES TO CURBING ILLEGAL WILDLIFE TRADE - WWF India
2026-05-11 08:41:19,131 | INFO | ML PREDICTION | PREDICTION=other | CONFIDENCE=51.68 | TITLE=Major crackdown on illegal wildlife trade: 226 protected animals seized at Mumbai's Crawford Market - Mid-day
2026-05-11 08:41:19,197 | INFO | SEMANTIC SCORE | SCORE=70.63 | TITLE=Major crackdown on illegal wildlife trade: 226 protected animals seized at Mumbai's Crawford Market - Mid-day
2026-05-11 08:41:19,198 | WARNING | ARTICLE REJECTED | REASON=Low confidence | TITLE=Major crackdown on illegal wildlife trade: 226 protected animals seized at Mumbai's Crawford Market - Mid-day
2026-05-11 08:41:20,792 | WARNING | ARTICLE REJECTED | REASON=Validated | TITLE=Excess Baggage: How wildlife is trafficked by air in and out of India - Mongabay-India
2026-05-11 08:41:22,320 | WARNING | ARTICLE REJECTED | REASON=Validated | TITLE=Factsheet on Indian Spiny-tailed Lizard in illegal wildlife trade - Wildlife Trade Report from TRAFFIC - TRAFFIC.org
2026-05-11 08:41:24,179 | WARNING | ARTICLE REJECTED | REASON=Validation failure | TITLE=World Environment Day 2021-India’s Commitment Towards Stopping Illegal Wildlife Trafficking - Welcome to the United Nations
2026-05-11 08:41:27,637 | WARNING | ARTICLE REJECTED | REASON=Validated | TITLE=Factsheet on India’s Red Sanders in illegal wildlife trade - TRAFFIC.org
2026-05-11 08:41:31,473 | WARNING | ARTICLE REJECTED | REASON=Validated | TITLE=Factsheet on India’s Agarwood in illegal wildlife trade - TRAFFIC.org
2026-05-11 08:41:33,596 | INFO | ML PREDICTION | PREDICTION=other | CONFIDENCE=77.53 | TITLE=BHUTAN, INDIA, AND NEPAL COLLABORATE TO COUNTER WILDLIFE TRAFFICKING IN SOUTH ASIA - WWF India
2026-05-11 08:41:33,663 | INFO | SEMANTIC SCORE | SCORE=57.18 | TITLE=BHUTAN, INDIA, AND NEPAL COLLABORATE TO COUNTER WILDLIFE TRAFFICKING IN SOUTH ASIA - WWF India
2026-05-11 08:41:37,448 | WARNING | ARTICLE REJECTED | REASON=Duplicate article | TITLE=BHUTAN, INDIA, AND NEPAL COLLABORATE TO COUNTER WILDLIFE TRAFFICKING IN SOUTH ASIA - WWF India
2026-05-11 08:41:39,636 | WARNING | ARTICLE REJECTED | REASON=Validated | TITLE=Factsheet: Netted In Illegal Wildlife Trade - Sharks of India - TRAFFIC.org
2026-05-11 08:41:42,550 | INFO | ML PREDICTION | PREDICTION=other | CONFIDENCE=51.48 | TITLE=How India is curbing wildlife trafficking - DD News
2026-05-11 08:41:42,587 | INFO | SEMANTIC SCORE | SCORE=62.23 | TITLE=How India is curbing wildlife trafficking - DD News
2026-05-11 08:41:42,588 | WARNING | ARTICLE REJECTED | REASON=Low confidence | TITLE=How India is curbing wildlife trafficking - DD News
2026-05-11 08:41:45,895 | WARNING | ARTICLE REJECTED | REASON=Validated | TITLE=TRAFFIC initiative in India warns against buying illegal wildlife products - TRAFFIC.org
2026-05-11 08:41:48,546 | INFO | ML PREDICTION | PREDICTION=other | CONFIDENCE=63.92 | TITLE=High Flying: Insight Into Wildlife Trafficking Through India's Airports - Wildlife Trade Report from TRAFFIC - TRAFFIC.org
2026-05-11 08:41:48,598 | INFO | SEMANTIC SCORE | SCORE=67.33 | TITLE=High Flying: Insight Into Wildlife Trafficking Through India's Airports - Wildlife Trade Report from TRAFFIC - TRAFFIC.org
2026-05-11 08:41:52,691 | WARNING | ARTICLE REJECTED | REASON=Duplicate article | TITLE=High Flying: Insight Into Wildlife Trafficking Through India's Airports - Wildlife Trade Report from TRAFFIC - TRAFFIC.org
2026-05-11 08:41:54,766 | WARNING | ARTICLE REJECTED | REASON=Validated | TITLE=7 animals you can’t keep as pets at home - The Indian Express
2026-05-11 08:41:58,866 | WARNING | ARTICLE REJECTED | REASON=Validation failure | TITLE=Who’s Hoo? How to identify owls in illegal wildlife trade this International Owl Awareness Day - WWF India
2026-05-11 08:42:00,665 | WARNING | ARTICLE REJECTED | REASON=Validated | TITLE=Factsheet on Orchids in India's illegal wildlife trade - Wildlife Trade Report from TRAFFIC - TRAFFIC.org
2026-05-11 08:42:02,564 | INFO | ML PREDICTION | PREDICTION=other | CONFIDENCE=57.04 | TITLE=WILDLIFE CRIME CONTROL BUREAU FROM INDIA AND NEPAL MEET TO STRENGTHEN COLLABORATION FOR CURBING - WWF India
2026-05-11 08:42:02,612 | INFO | SEMANTIC SCORE | SCORE=50.3 | TITLE=WILDLIFE CRIME CONTROL BUREAU FROM INDIA AND NEPAL MEET TO STRENGTHEN COLLABORATION FOR CURBING - WWF India
2026-05-11 08:42:02,612 | WARNING | ARTICLE REJECTED | REASON=Low confidence | TITLE=WILDLIFE CRIME CONTROL BUREAU FROM INDIA AND NEPAL MEET TO STRENGTHEN COLLABORATION FOR CURBING - WWF India
2026-05-11 08:42:05,053 | WARNING | ARTICLE REJECTED | REASON=Validated | TITLE=INDIA'S PANGOLIN BURIED IN ILLEGAL WILDLIFE TRADE: Over 1200 were poached and trafficked from - WWF India
2026-05-11 08:42:06,901 | WARNING | ARTICLE REJECTED | REASON=Validation failure | TITLE=‘Not all animals migrate by choice’ campaign launched to raise awareness on illegal wildlife trade - Press Information Bureau
2026-05-11 08:42:08,648 | WARNING | ARTICLE REJECTED | REASON=Validated | TITLE=A mutating crisis - Down To Earth
2026-05-11 08:42:10,800 | WARNING | ARTICLE REJECTED | REASON=Validation failure | TITLE=WORLD ENVIRONMENT DAY 2021-INDIA’S COMMITMENT TOWARDS STOPPING ILLEGAL WILDLIFE TRAFFICKING - WWF India
2026-05-11 08:42:12,592 | WARNING | ARTICLE REJECTED | REASON=Validated | TITLE=Superstitious Beliefs – Another Source of Demand in India’s Illegal Wildlife Trade - The Wire Science
2026-05-11 08:42:14,405 | WARNING | ARTICLE REJECTED | REASON=Validated | TITLE=There are major issues surrounding legal wildlife trade that have been overlooked - Down To Earth
2026-05-11 08:42:16,152 | INFO | ML PREDICTION | PREDICTION=other | CONFIDENCE=67.63 | TITLE=Illegal trade of Red Pandas in India and across borders - Wildlife Trade Report from TRAFFIC - TRAFFIC.org
2026-05-11 08:42:16,199 | INFO | SEMANTIC SCORE | SCORE=60.6 | TITLE=Illegal trade of Red Pandas in India and across borders - Wildlife Trade Report from TRAFFIC - TRAFFIC.org
2026-05-11 08:42:16,200 | WARNING | ARTICLE REJECTED | REASON=Low confidence | TITLE=Illegal trade of Red Pandas in India and across borders - Wildlife Trade Report from TRAFFIC - TRAFFIC.org
2026-05-11 08:42:18,276 | INFO | ML PREDICTION | PREDICTION=other | CONFIDENCE=64.79 | TITLE=India’s Wildlife Trafficking Epidemic - The Diplomat – Asia-Pacific
2026-05-11 08:42:18,392 | INFO | SEMANTIC SCORE | SCORE=70.59 | TITLE=India’s Wildlife Trafficking Epidemic - The Diplomat – Asia-Pacific
2026-05-11 08:42:22,206 | WARNING | ARTICLE REJECTED | REASON=Duplicate article | TITLE=India’s Wildlife Trafficking Epidemic - The Diplomat – Asia-Pacific
2026-05-11 08:42:25,009 | INFO | ML PREDICTION | PREDICTION=crime | CONFIDENCE=60.44 | TITLE=Nepal collaborates with neighbors to gain wildlife crime intel but struggles with enforcement - news - Mongabay
2026-05-11 08:42:25,087 | INFO | SEMANTIC SCORE | SCORE=54.57 | TITLE=Nepal collaborates with neighbors to gain wildlife crime intel but struggles with enforcement - news - Mongabay
2026-05-11 08:42:25,087 | WARNING | ARTICLE REJECTED | REASON=Low confidence | TITLE=Nepal collaborates with neighbors to gain wildlife crime intel but struggles with enforcement - news - Mongabay
2026-05-11 08:42:28,669 | WARNING | ARTICLE REJECTED | REASON=Validated | TITLE=From policy to practice: Evaluating India’s approach to exotic wildlife trade under CITES - The Leaflet
2026-05-11 08:42:32,166 | INFO | ML PREDICTION | PREDICTION=other | CONFIDENCE=72.54 | TITLE=First of its kind project launches new tools to combat Wildlife Trafficking In India’s Airports - TRAFFIC.org
2026-05-11 08:42:32,275 | INFO | SEMANTIC SCORE | SCORE=65.95 | TITLE=First of its kind project launches new tools to combat Wildlife Trafficking In India’s Airports - TRAFFIC.org
2026-05-11 08:42:36,083 | WARNING | ARTICLE REJECTED | REASON=Duplicate article | TITLE=First of its kind project launches new tools to combat Wildlife Trafficking In India’s Airports - TRAFFIC.org
2026-05-11 08:42:40,032 | WARNING | ARTICLE REJECTED | REASON=Validated | TITLE=Factsheet on India’s caterpillar fungus in illegal wildlife trade - TRAFFIC.org
2026-05-11 08:42:43,115 | WARNING | ARTICLE REJECTED | REASON=Validated | TITLE=Illegal wildlife trade a global threat: FATF report - The Hindu
2026-05-11 08:42:46,237 | WARNING | ARTICLE REJECTED | REASON=Validated | TITLE=Amazon, eBay involved in illegal wildlife trade: Indian government - news - Mongabay
2026-05-11 08:42:49,947 | WARNING | ARTICLE REJECTED | REASON=Validated | TITLE=Indian Customs Department extends support: Installs informative displays on illegal wildlife t - WWF India
2026-05-11 08:42:51,975 | INFO | ML PREDICTION | PREDICTION=other | CONFIDENCE=71.38 | TITLE=FIRST OF ITS KIND PROJECT LAUNCHES NEW TOOLS TO COMBAT WILDLIFE TRAFFICKING IN INDIA’S AIRPORT - WWF India
2026-05-11 08:42:52,060 | INFO | SEMANTIC SCORE | SCORE=60.22 | TITLE=FIRST OF ITS KIND PROJECT LAUNCHES NEW TOOLS TO COMBAT WILDLIFE TRAFFICKING IN INDIA’S AIRPORT - WWF India
2026-05-11 08:42:56,010 | WARNING | ARTICLE REJECTED | REASON=Duplicate article | TITLE=FIRST OF ITS KIND PROJECT LAUNCHES NEW TOOLS TO COMBAT WILDLIFE TRAFFICKING IN INDIA’S AIRPORT - WWF India
2026-05-11 08:43:00,393 | INFO | ML PREDICTION | PREDICTION=other | CONFIDENCE=56.92 | TITLE=Wildlife crime goes digital, WCCB increases vigilance - The New Indian Express
2026-05-11 08:43:00,516 | INFO | SEMANTIC SCORE | SCORE=56.28 | TITLE=Wildlife crime goes digital, WCCB increases vigilance - The New Indian Express
2026-05-11 08:43:00,517 | WARNING | ARTICLE REJECTED | REASON=Low confidence | TITLE=Wildlife crime goes digital, WCCB increases vigilance - The New Indian Express
2026-05-11 08:43:03,658 | INFO | ML PREDICTION | PREDICTION=crime | CONFIDENCE=63.08 | TITLE=Decoding solutions: curbing online wildlife crime in India - TRAFFIC.org
2026-05-11 08:43:03,720 | INFO | SEMANTIC SCORE | SCORE=60.7 | TITLE=Decoding solutions: curbing online wildlife crime in India - TRAFFIC.org
2026-05-11 08:43:03,722 | WARNING | ARTICLE REJECTED | REASON=Low confidence | TITLE=Decoding solutions: curbing online wildlife crime in India - TRAFFIC.org
2026-05-11 08:43:06,367 | INFO | ML PREDICTION | PREDICTION=other | CONFIDENCE=63.59 | TITLE=SOUTH ASIAN COUNTRIES MEET AGAIN TO STRENGTHEN EFFORTS TO CURB WILDLIFE TRAFFICKING - WWF India
2026-05-11 08:43:06,452 | INFO | SEMANTIC SCORE | SCORE=43.61 | TITLE=SOUTH ASIAN COUNTRIES MEET AGAIN TO STRENGTHEN EFFORTS TO CURB WILDLIFE TRAFFICKING - WWF India
2026-05-11 08:43:06,453 | WARNING | ARTICLE REJECTED | REASON=Low confidence | TITLE=SOUTH ASIAN COUNTRIES MEET AGAIN TO STRENGTHEN EFFORTS TO CURB WILDLIFE TRAFFICKING - WWF India
2026-05-11 08:43:10,504 | INFO | ML PREDICTION | PREDICTION=crime | CONFIDENCE=79.29 | TITLE=Manas poaching case unravels global wildlife smuggling ring - The Times of India
2026-05-11 08:43:10,581 | INFO | SEMANTIC SCORE | SCORE=56.52 | TITLE=Manas poaching case unravels global wildlife smuggling ring - The Times of India
2026-05-11 08:43:14,606 | WARNING | ARTICLE REJECTED | REASON=Duplicate article | TITLE=Manas poaching case unravels global wildlife smuggling ring - The Times of India
2026-05-11 08:43:18,749 | INFO | ML PREDICTION | PREDICTION=other | CONFIDENCE=70.66 | TITLE=ENFORCEMENT AGENCIES TRAIN TOGETHER TO STOP WILDLIFE TRAFFICKING ACROSS INDIA’S HIMALAYAS - WWF India
2026-05-11 08:43:18,886 | INFO | SEMANTIC SCORE | SCORE=61.13 | TITLE=ENFORCEMENT AGENCIES TRAIN TOGETHER TO STOP WILDLIFE TRAFFICKING ACROSS INDIA’S HIMALAYAS - WWF India
2026-05-11 08:43:23,080 | WARNING | ARTICLE REJECTED | REASON=Duplicate article | TITLE=ENFORCEMENT AGENCIES TRAIN TOGETHER TO STOP WILDLIFE TRAFFICKING ACROSS INDIA’S HIMALAYAS - WWF India
2026-05-11 08:43:25,406 | INFO | ML PREDICTION | PREDICTION=other | CONFIDENCE=70.35 | TITLE=US and India Co-operate to Combat Illegal Trade in Wildlife - TRAFFIC.org
2026-05-11 08:43:25,523 | INFO | SEMANTIC SCORE | SCORE=66.85 | TITLE=US and India Co-operate to Combat Illegal Trade in Wildlife - TRAFFIC.org
2026-05-11 08:43:29,670 | WARNING | ARTICLE REJECTED | REASON=Duplicate article | TITLE=US and India Co-operate to Combat Illegal Trade in Wildlife - TRAFFIC.org
2026-05-11 08:43:34,024 | WARNING | ARTICLE REJECTED | REASON=Validated | TITLE=TRAFFIC warns against buying illegal wildlife products - WWF India
2026-05-11 08:43:36,768 | WARNING | ARTICLE REJECTED | REASON=Validated | TITLE=Indian Customs Department installs illegal wildlife trade displays at Delhi International Airport - TRAFFIC.org
2026-05-11 08:43:39,370 | WARNING | ARTICLE REJECTED | REASON=Validated | TITLE=AGARWOOD IN ILLEGAL WILDLIFE TRADE - WWF India
2026-05-11 08:43:42,540 | WARNING | ARTICLE REJECTED | REASON=Validated | TITLE=Tortoises and Freshwater Turtles Under Siege - Wildlife Trade Report from TRAFFIC - TRAFFIC.org
2026-05-11 08:43:46,002 | WARNING | ARTICLE REJECTED | REASON=Validated | TITLE=EIGHT WILDLIFE SNIFFER DOGS SHARPEN THEIR 'PAWSOME' SKILLS TO HELP CURB ILLEGAL WILDLIFE TRADE - WWF India
2026-05-11 08:43:48,524 | WARNING | ARTICLE REJECTED | REASON=Validation failure | TITLE=Who’s Hoo? How to identify owls in illegal wildlife trade this International Owl Awareness Day - TRAFFIC.org
2026-05-11 08:43:52,443 | INFO | ML PREDICTION | PREDICTION=other | CONFIDENCE=80.79 | TITLE=SEA CUCUMBER IN DEEP WATERS: NEW STUDY REVEALS WORRYING ILLEGAL TRADE IN INDIA - WWF India
2026-05-11 08:43:52,550 | INFO | SEMANTIC SCORE | SCORE=39.71 | TITLE=SEA CUCUMBER IN DEEP WATERS: NEW STUDY REVEALS WORRYING ILLEGAL TRADE IN INDIA - WWF India
2026-05-11 08:43:56,601 | WARNING | ARTICLE REJECTED | REASON=Duplicate article | TITLE=SEA CUCUMBER IN DEEP WATERS: NEW STUDY REVEALS WORRYING ILLEGAL TRADE IN INDIA - WWF India
2026-05-11 08:44:01,375 | INFO | ML PREDICTION | PREDICTION=crime | CONFIDENCE=59.5 | TITLE=522 reports of wildlife poaching and trade in 2020 from India, 51 from Karnataka - The Hindu
2026-05-11 08:44:01,418 | INFO | SEMANTIC SCORE | SCORE=52.76 | TITLE=522 reports of wildlife poaching and trade in 2020 from India, 51 from Karnataka - The Hindu
2026-05-11 08:44:01,419 | WARNING | ARTICLE REJECTED | REASON=Low confidence | TITLE=522 reports of wildlife poaching and trade in 2020 from India, 51 from Karnataka - The Hindu
2026-05-11 08:44:03,992 | INFO | ML PREDICTION | PREDICTION=other | CONFIDENCE=56.06 | TITLE=Karnataka Forest Department prepare to curb illegal wildlife trade online - TRAFFIC.org
2026-05-11 08:44:04,049 | INFO | SEMANTIC SCORE | SCORE=61.22 | TITLE=Karnataka Forest Department prepare to curb illegal wildlife trade online - TRAFFIC.org
2026-05-11 08:44:04,049 | WARNING | ARTICLE REJECTED | REASON=Low confidence | TITLE=Karnataka Forest Department prepare to curb illegal wildlife trade online - TRAFFIC.org
2026-05-11 08:44:07,603 | WARNING | ARTICLE REJECTED | REASON=Validated | TITLE=CATERPILLAR FUNGUS IN ILLEGAL WILDLIFE TRADE - WWF India
2026-05-11 08:44:10,265 | WARNING | ARTICLE REJECTED | REASON=Validated | TITLE=Kangaroos in the street and a suitcase of iguanas: India’s exotic pet problem - The Guardian
2026-05-11 08:44:13,386 | WARNING | ARTICLE REJECTED | REASON=Validation failure | TITLE=Conservationists focus on illegal trade of India's poorly-known wildlife species - TRAFFIC.org
2026-05-11 08:44:16,798 | WARNING | ARTICLE REJECTED | REASON=Validated | TITLE=Nearly 6,000 pangolins in illegal wildlife trade in India since 2009 finds TRAFFIC’s latest stu - WWF India
2026-05-11 08:44:21,778 | WARNING | ARTICLE REJECTED | REASON=Validated | TITLE=Illegal wildlife trade in Northeast India and measures of control to deter those trades - Ground Report
2026-05-11 08:44:25,063 | WARNING | ARTICLE REJECTED | REASON=Validated | TITLE=Using citizen science to track illegal wildlife trade in the Himalayas - Mongabay-India
2026-05-11 08:44:27,623 | WARNING | ARTICLE REJECTED | REASON=Validated | TITLE=Nearly 6,000 pangolins in illegal wildlife trade in India since 2009 - TRAFFIC.org
2026-05-11 08:44:31,410 | WARNING | ARTICLE REJECTED | REASON=Validated | TITLE=India steps up efforts to combat wildlife trade - news - Mongabay
2026-05-11 08:44:38,573 | INFO | ML PREDICTION | PREDICTION=other | CONFIDENCE=63.71 | TITLE=A community leads protection of the pangolin in a critical illegal trade corridor - Mongabay-India
2026-05-11 08:44:38,677 | INFO | SEMANTIC SCORE | SCORE=64.77 | TITLE=A community leads protection of the pangolin in a critical illegal trade corridor - Mongabay-India
2026-05-11 08:44:38,678 | WARNING | ARTICLE REJECTED | REASON=Low confidence | TITLE=A community leads protection of the pangolin in a critical illegal trade corridor - Mongabay-India
2026-05-11 08:44:42,819 | WARNING | ARTICLE REJECTED | REASON=Validated | TITLE=Rising illegal wildlife trade across Himalayan countries threatens the mountain ecosystem - Mongabay-India
2026-05-11 08:44:46,300 | WARNING | ARTICLE REJECTED | REASON=Validated | TITLE=Maharashtra to set up sniffer dog squads to crack down on wildlife trade - Mid-day
2026-05-11 08:44:50,452 | WARNING | ARTICLE REJECTED | REASON=Validation failure | TITLE=Workshop in Bagdogra Targets Wildlife Trafficking - Arunachal24
2026-05-11 08:44:54,094 | INFO | ML PREDICTION | PREDICTION=crime | CONFIDENCE=74.11 | TITLE=Exotic wildlife smuggling resurfaces: 49 species seized in 2 days at Chennai Airport - The Times of India
2026-05-11 08:44:54,215 | INFO | SEMANTIC SCORE | SCORE=61.37 | TITLE=Exotic wildlife smuggling resurfaces: 49 species seized in 2 days at Chennai Airport - The Times of India
2026-05-11 08:45:33,934 | WARNING | ARTICLE REJECTED | REASON=Duplicate article | TITLE=Exotic wildlife smuggling resurfaces: 49 species seized in 2 days at Chennai Airport - The Times of India
2026-05-11 08:45:36,475 | WARNING | ARTICLE REJECTED | REASON=Validated | TITLE=The anatomy of illicit wildlife trade In India - Dailyhunt
2026-05-11 08:45:40,888 | INFO | ML PREDICTION | PREDICTION=crime | CONFIDENCE=65.91 | TITLE=DRI seizes 16.5 kg pangolin scales, busts inter-state wildlife trafficking syndicate | Mumbai news - Hindustan Times
2026-05-11 08:45:40,995 | INFO | SEMANTIC SCORE | SCORE=53.6 | TITLE=DRI seizes 16.5 kg pangolin scales, busts inter-state wildlife trafficking syndicate | Mumbai news - Hindustan Times
2026-05-11 08:45:40,996 | WARNING | ARTICLE REJECTED | REASON=Low confidence | TITLE=DRI seizes 16.5 kg pangolin scales, busts inter-state wildlife trafficking syndicate | Mumbai news - Hindustan Times
2026-05-11 08:45:43,477 | INFO | ML PREDICTION | PREDICTION=other | CONFIDENCE=60.21 | TITLE=In unfamiliar lands: Trafficking of exotic wildlife species in India - WWF India
2026-05-11 08:45:43,534 | INFO | SEMANTIC SCORE | SCORE=71.19 | TITLE=In unfamiliar lands: Trafficking of exotic wildlife species in India - WWF India
2026-05-11 08:45:47,299 | WARNING | ARTICLE REJECTED | REASON=Duplicate article | TITLE=In unfamiliar lands: Trafficking of exotic wildlife species in India - WWF India
2026-05-11 08:45:50,545 | WARNING | ARTICLE REJECTED | REASON=Validated | TITLE=Global rules, local gaps: Why CITES can’t help curb India’s domestic wildlife trade - Down To Earth
2026-05-11 08:45:54,841 | INFO | ML PREDICTION | PREDICTION=crime | CONFIDENCE=51.14 | TITLE=Air passenger caught smuggling 31 exotic reptiles — including pythons and water dragons - The Cool Down
2026-05-11 08:45:54,989 | INFO | SEMANTIC SCORE | SCORE=56.46 | TITLE=Air passenger caught smuggling 31 exotic reptiles — including pythons and water dragons - The Cool Down
2026-05-11 08:45:54,990 | WARNING | ARTICLE REJECTED | REASON=Low confidence | TITLE=Air passenger caught smuggling 31 exotic reptiles — including pythons and water dragons - The Cool Down
2026-05-11 08:45:59,270 | INFO | ML PREDICTION | PREDICTION=other | CONFIDENCE=53.1 | TITLE=Brazil police seize devices from bird expert in trafficking probe linked to Vantara zoo - news - Mongabay
2026-05-11 08:45:59,381 | INFO | SEMANTIC SCORE | SCORE=48.29 | TITLE=Brazil police seize devices from bird expert in trafficking probe linked to Vantara zoo - news - Mongabay
2026-05-11 08:45:59,381 | WARNING | ARTICLE REJECTED | REASON=Low confidence | TITLE=Brazil police seize devices from bird expert in trafficking probe linked to Vantara zoo - news - Mongabay
2026-05-11 08:46:03,092 | WARNING | ARTICLE REJECTED | REASON=Validated | TITLE=Customs seize exotic animals smuggled from Bangkok at Bengaluru airport - The Hindu
2026-05-11 08:46:06,613 | WARNING | ARTICLE REJECTED | REASON=Validated | TITLE=NE border attracts MP, Maharashtra poachers - The New Indian Express
2026-05-11 08:46:08,024 | INFO | ML PREDICTION | PREDICTION=other | CONFIDENCE=58.21 | TITLE=Shift of wildlife trafficking to the North East–Myanmar corridor - INSIGHTS IAS
2026-05-11 08:46:08,071 | INFO | SEMANTIC SCORE | SCORE=74.97 | TITLE=Shift of wildlife trafficking to the North East–Myanmar corridor - INSIGHTS IAS
2026-05-11 08:46:11,906 | WARNING | ARTICLE REJECTED | REASON=Duplicate article | TITLE=Shift of wildlife trafficking to the North East–Myanmar corridor - INSIGHTS IAS
2026-05-11 08:46:13,640 | INFO | ML PREDICTION | PREDICTION=crime | CONFIDENCE=57.92 | TITLE=24 protected Ibex seized in Manipur, two held in cross-border wildlife smuggling bust - India Today NE
2026-05-11 08:46:13,703 | INFO | SEMANTIC SCORE | SCORE=44.88 | TITLE=24 protected Ibex seized in Manipur, two held in cross-border wildlife smuggling bust - India Today NE
2026-05-11 08:46:13,704 | WARNING | ARTICLE REJECTED | REASON=Low confidence | TITLE=24 protected Ibex seized in Manipur, two held in cross-border wildlife smuggling bust - India Today NE
2026-05-11 08:46:15,317 | INFO | ML PREDICTION | PREDICTION=crime | CONFIDENCE=69.77 | TITLE=631 Live Turtles Rescued in Odisha’s Malkangiri During Wildlife Smuggling Crackdown; Seven Arrested - pragativadi.com
2026-05-11 08:46:15,368 | INFO | SEMANTIC SCORE | SCORE=55.2 | TITLE=631 Live Turtles Rescued in Odisha’s Malkangiri During Wildlife Smuggling Crackdown; Seven Arrested - pragativadi.com
2026-05-11 08:46:15,369 | WARNING | ARTICLE REJECTED | REASON=Low confidence | TITLE=631 Live Turtles Rescued in Odisha’s Malkangiri During Wildlife Smuggling Crackdown; Seven Arrested - pragativadi.com
2026-05-11 08:46:17,222 | INFO | ML PREDICTION | PREDICTION=crime | CONFIDENCE=63.89 | TITLE=CBI court sends 6 to 2 years in jail for wildlife smuggling - The Times of India
2026-05-11 08:46:17,283 | INFO | SEMANTIC SCORE | SCORE=48.08 | TITLE=CBI court sends 6 to 2 years in jail for wildlife smuggling - The Times of India
2026-05-11 08:46:17,284 | WARNING | ARTICLE REJECTED | REASON=Low confidence | TITLE=CBI court sends 6 to 2 years in jail for wildlife smuggling - The Times of India
2026-05-11 08:46:18,949 | INFO | ML PREDICTION | PREDICTION=crime | CONFIDENCE=66.69 | TITLE=Jamshedpur Forest Officials Eye Kolkata Kingpin in Wildlife Smuggling Bust - The Times of India
2026-05-11 08:46:19,008 | INFO | SEMANTIC SCORE | SCORE=54.46 | TITLE=Jamshedpur Forest Officials Eye Kolkata Kingpin in Wildlife Smuggling Bust - The Times of India
2026-05-11 08:46:19,009 | WARNING | ARTICLE REJECTED | REASON=Low confidence | TITLE=Jamshedpur Forest Officials Eye Kolkata Kingpin in Wildlife Smuggling Bust - The Times of India
2026-05-11 08:46:20,813 | INFO | ML PREDICTION | PREDICTION=crime | CONFIDENCE=73.34 | TITLE=Kerala: Forest officials bust wildlife trafficking gang trying to sell tiger skin, claws, teeth; 7 held - The Times of India
2026-05-11 08:46:20,955 | INFO | SEMANTIC SCORE | SCORE=60.94 | TITLE=Kerala: Forest officials bust wildlife trafficking gang trying to sell tiger skin, claws, teeth; 7 held - The Times of India
2026-05-11 08:46:25,032 | WARNING | ARTICLE REJECTED | REASON=Duplicate article | TITLE=Kerala: Forest officials bust wildlife trafficking gang trying to sell tiger skin, claws, teeth; 7 held - The Times of India
2026-05-11 08:46:26,746 | WARNING | ARTICLE REJECTED | REASON=Validated | TITLE=Threat to wildlife: Wildlife trafficker apprehended with illegal animal parts; Ongoing efforts to dismant - The Times of India
2026-05-11 08:46:28,547 | INFO | ML PREDICTION | PREDICTION=crime | CONFIDENCE=58.19 | TITLE=Wildlife Trafficking: Permanent Officers at KIA Airport - Deccan Herald
2026-05-11 08:46:28,602 | INFO | SEMANTIC SCORE | SCORE=71.69 | TITLE=Wildlife Trafficking: Permanent Officers at KIA Airport - Deccan Herald
2026-05-11 08:46:28,602 | WARNING | ARTICLE REJECTED | REASON=Low confidence | TITLE=Wildlife Trafficking: Permanent Officers at KIA Airport - Deccan Herald
2026-05-11 08:46:30,305 | INFO | ML PREDICTION | PREDICTION=other | CONFIDENCE=50.76 | TITLE=Vanishing Wings: Exposing the organised radical syndicates behind the wildlife trafficking crisis of Bharat - Organiser
2026-05-11 08:46:30,372 | INFO | SEMANTIC SCORE | SCORE=67.98 | TITLE=Vanishing Wings: Exposing the organised radical syndicates behind the wildlife trafficking crisis of Bharat - Organiser
2026-05-11 08:46:30,372 | WARNING | ARTICLE REJECTED | REASON=Low confidence | TITLE=Vanishing Wings: Exposing the organised radical syndicates behind the wildlife trafficking crisis of Bharat - Organiser
2026-05-11 08:46:32,530 | INFO | ML PREDICTION | PREDICTION=crime | CONFIDENCE=55.63 | TITLE=Three arrested for illegal wildlife trade in Nakodar - The Tribune
2026-05-11 08:46:32,578 | INFO | SEMANTIC SCORE | SCORE=64.24 | TITLE=Three arrested for illegal wildlife trade in Nakodar - The Tribune
2026-05-11 08:46:32,578 | WARNING | ARTICLE REJECTED | REASON=Low confidence | TITLE=Three arrested for illegal wildlife trade in Nakodar - The Tribune
2026-05-11 08:46:34,535 | WARNING | ARTICLE REJECTED | REASON=Validated | TITLE=Snake Venom Trail Uncovers Alleged Illegal Exotic Wildlife Trade In Ahmedabad Flat - Vibes Of India
2026-05-11 08:46:36,276 | INFO | ML PREDICTION | PREDICTION=crime | CONFIDENCE=68.53 | TITLE=Jamshedpur Wildlife Smuggling Bust: Parrots, Cockatiels, Deer Antler Seized, Three Arrested - The Times of India
2026-05-11 08:46:36,341 | INFO | SEMANTIC SCORE | SCORE=65.68 | TITLE=Jamshedpur Wildlife Smuggling Bust: Parrots, Cockatiels, Deer Antler Seized, Three Arrested - The Times of India
2026-05-11 08:46:40,126 | WARNING | ARTICLE REJECTED | REASON=Duplicate article | TITLE=Jamshedpur Wildlife Smuggling Bust: Parrots, Cockatiels, Deer Antler Seized, Three Arrested - The Times of India
2026-05-11 08:46:41,811 | INFO | ML PREDICTION | PREDICTION=other | CONFIDENCE=51.66 | TITLE=Pune Customs Caught ₹60-Crore Drug and Wildlife Smuggling Material in Nine Months - The Bridge Chronicle
2026-05-11 08:46:41,867 | INFO | SEMANTIC SCORE | SCORE=56.42 | TITLE=Pune Customs Caught ₹60-Crore Drug and Wildlife Smuggling Material in Nine Months - The Bridge Chronicle
2026-05-11 08:46:41,867 | WARNING | ARTICLE REJECTED | REASON=Low confidence | TITLE=Pune Customs Caught ₹60-Crore Drug and Wildlife Smuggling Material in Nine Months - The Bridge Chronicle
2026-05-11 08:46:43,676 | INFO | ML PREDICTION | PREDICTION=other | CONFIDENCE=63.2 | TITLE=Decade-old case gets fresh life as woman at centre of India’s biggest wildlife trafficking operation is arrested - The Indian Express
2026-05-11 08:46:43,757 | INFO | SEMANTIC SCORE | SCORE=44.88 | TITLE=Decade-old case gets fresh life as woman at centre of India’s biggest wildlife trafficking operation is arrested - The Indian Express
2026-05-11 08:46:47,582 | WARNING | ARTICLE REJECTED | REASON=Duplicate article | TITLE=Decade-old case gets fresh life as woman at centre of India’s biggest wildlife trafficking operation is arrested - The Indian Express
2026-05-11 08:46:51,457 | INFO | ML PREDICTION | PREDICTION=crime | CONFIDENCE=74.89 | TITLE=Woman wanted by Interpol for trafficking tiger parts arrested in India - BBC
2026-05-11 08:46:51,504 | INFO | SEMANTIC SCORE | SCORE=45.46 | TITLE=Woman wanted by Interpol for trafficking tiger parts arrested in India - BBC
2026-05-11 08:46:55,421 | WARNING | ARTICLE REJECTED | REASON=Duplicate article | TITLE=Woman wanted by Interpol for trafficking tiger parts arrested in India - BBC
2026-05-11 08:46:58,937 | WARNING | ARTICLE REJECTED | REASON=Validated | TITLE=Woman held with 2 kg pangolin scales in Jharkhand, exposing India’s link to a global wildlife trade - Telegraph India
2026-05-11 08:47:03,499 | WARNING | ARTICLE REJECTED | REASON=Validated | TITLE=India defends animal imports, calls wildlife governance ‘unmatched’ - Mongabay-India
2026-05-11 08:47:06,993 | INFO | ML PREDICTION | PREDICTION=other | CONFIDENCE=70.39 | TITLE=Animal Trafficking Reaches Record High In 2025: Interpol - NDTV
2026-05-11 08:47:07,031 | INFO | SEMANTIC SCORE | SCORE=65.89 | TITLE=Animal Trafficking Reaches Record High In 2025: Interpol - NDTV
2026-05-11 08:47:10,811 | WARNING | ARTICLE REJECTED | REASON=Duplicate article | TITLE=Animal Trafficking Reaches Record High In 2025: Interpol - NDTV
2026-05-11 08:47:13,618 | WARNING | ARTICLE REJECTED | REASON=Validated | TITLE=SSB nabs Nepal duo with animal body parts - Telegraph India
2026-05-11 08:47:16,178 | INFO | ML PREDICTION | PREDICTION=other | CONFIDENCE=63.75 | TITLE=Wildlife seized from Thais linked to Indian smugglers - Bangkok Post
2026-05-11 08:47:16,270 | INFO | SEMANTIC SCORE | SCORE=62.81 | TITLE=Wildlife seized from Thais linked to Indian smugglers - Bangkok Post
2026-05-11 08:47:16,270 | WARNING | ARTICLE REJECTED | REASON=Low confidence | TITLE=Wildlife seized from Thais linked to Indian smugglers - Bangkok Post
2026-05-11 08:47:19,558 | WARNING | ARTICLE REJECTED | REASON=Validated | TITLE=CITES withdraws recommendation to suspend trade of endangered species to India - Mongabay-India
2026-05-11 08:47:23,160 | WARNING | ARTICLE REJECTED | REASON=Validated | TITLE=Indian Softshell Turtle Rescue Exposes Wildlife Trade Crisis - usthadian.com
2026-05-11 08:47:26,508 | INFO | ML PREDICTION | PREDICTION=crime | CONFIDENCE=71.96 | TITLE=Authorities Thwart Wildlife Smuggling Attempt at Suvarnabhumi Airport - Nation Thailand
2026-05-11 08:47:26,610 | INFO | SEMANTIC SCORE | SCORE=62.45 | TITLE=Authorities Thwart Wildlife Smuggling Attempt at Suvarnabhumi Airport - Nation Thailand
2026-05-11 08:47:31,091 | WARNING | ARTICLE REJECTED | REASON=Duplicate article | TITLE=Authorities Thwart Wildlife Smuggling Attempt at Suvarnabhumi Airport - Nation Thailand
2026-05-11 08:47:34,404 | INFO | ML PREDICTION | PREDICTION=crime | CONFIDENCE=56.94 | TITLE=Major wildlife trafficking haul in Assam–Nagaland border, one arrested - India Today NE
2026-05-11 08:47:34,471 | INFO | SEMANTIC SCORE | SCORE=66.26 | TITLE=Major wildlife trafficking haul in Assam–Nagaland border, one arrested - India Today NE
2026-05-11 08:47:38,189 | WARNING | ARTICLE REJECTED | REASON=Duplicate article | TITLE=Major wildlife trafficking haul in Assam–Nagaland border, one arrested - India Today NE
2026-05-11 08:47:41,478 | INFO | ML PREDICTION | PREDICTION=other | CONFIDENCE=51.92 | TITLE=Banned wildlife trade busted: Three arrested for wildlife trophy possession; Investigation hints at a wid - The Times of India
2026-05-11 08:47:41,595 | INFO | SEMANTIC SCORE | SCORE=68.93 | TITLE=Banned wildlife trade busted: Three arrested for wildlife trophy possession; Investigation hints at a wid - The Times of India
2026-05-11 08:47:41,596 | WARNING | ARTICLE REJECTED | REASON=Low confidence | TITLE=Banned wildlife trade busted: Three arrested for wildlife trophy possession; Investigation hints at a wid - The Times of India
2026-05-11 08:47:44,039 | INFO | ML PREDICTION | PREDICTION=crime | CONFIDENCE=72.44 | TITLE=Global tiger trafficking crisis worsens with nine big cats seized monthly - AP News
2026-05-11 08:47:44,116 | INFO | SEMANTIC SCORE | SCORE=48.19 | TITLE=Global tiger trafficking crisis worsens with nine big cats seized monthly - AP News
2026-05-11 08:47:48,142 | WARNING | ARTICLE REJECTED | REASON=Duplicate article | TITLE=Global tiger trafficking crisis worsens with nine big cats seized monthly - AP News
2026-05-11 08:47:51,400 | WARNING | ARTICLE REJECTED | REASON=Validated | TITLE=After Ambani zoo probe, wildlife body reverses call to curb animal imports to India - Reuters
2026-05-11 08:47:53,865 | INFO | ML PREDICTION | PREDICTION=other | CONFIDENCE=62.81 | TITLE=Tougher action to curb Southeast Asia-India wildlife smuggling by air - TRAFFIC.org
2026-05-11 08:47:53,949 | INFO | SEMANTIC SCORE | SCORE=56.64 | TITLE=Tougher action to curb Southeast Asia-India wildlife smuggling by air - TRAFFIC.org
2026-05-11 08:47:53,950 | WARNING | ARTICLE REJECTED | REASON=Low confidence | TITLE=Tougher action to curb Southeast Asia-India wildlife smuggling by air - TRAFFIC.org
2026-05-11 08:47:57,021 | INFO | ML PREDICTION | PREDICTION=other | CONFIDENCE=79.99 | TITLE=Gujarat: Wildlife trade racket busted, Indian star tortoises and rose-ringed parakeets rescued - The Hans India
2026-05-11 08:47:57,084 | INFO | SEMANTIC SCORE | SCORE=54.52 | TITLE=Gujarat: Wildlife trade racket busted, Indian star tortoises and rose-ringed parakeets rescued - The Hans India
2026-05-11 08:48:01,024 | WARNING | ARTICLE REJECTED | REASON=Duplicate article | TITLE=Gujarat: Wildlife trade racket busted, Indian star tortoises and rose-ringed parakeets rescued - The Hans India
2026-05-11 08:48:07,181 | WARNING | ARTICLE REJECTED | REASON=Validated | TITLE=Exotic reptiles in illegal wildlife trade in India - WWF India
2026-05-11 08:48:12,077 | INFO | ML PREDICTION | PREDICTION=other | CONFIDENCE=66.95 | TITLE=[Explainer] Why is India a major hub for wildlife trafficking? - Mongabay-India
2026-05-11 08:48:12,189 | INFO | SEMANTIC SCORE | SCORE=55.34 | TITLE=[Explainer] Why is India a major hub for wildlife trafficking? - Mongabay-India
2026-05-11 08:48:12,190 | WARNING | ARTICLE REJECTED | REASON=Low confidence | TITLE=[Explainer] Why is India a major hub for wildlife trafficking? - Mongabay-India
2026-05-11 08:48:20,578 | INFO | ML PREDICTION | PREDICTION=other | CONFIDENCE=65.76 | TITLE=Unique species in air passenger baggage exposes global reach of Thailand-India wild life smuggling - TRAFFIC.org
2026-05-11 08:48:20,739 | INFO | SEMANTIC SCORE | SCORE=50.3 | TITLE=Unique species in air passenger baggage exposes global reach of Thailand-India wild life smuggling - TRAFFIC.org
2026-05-11 08:48:20,740 | WARNING | ARTICLE REJECTED | REASON=Low confidence | TITLE=Unique species in air passenger baggage exposes global reach of Thailand-India wild life smuggling - TRAFFIC.org
2026-05-11 08:48:25,023 | INFO | ML PREDICTION | PREDICTION=crime | CONFIDENCE=63.3 | TITLE=India: Exotic apes seized at Mumbai airport - DW.com
2026-05-11 08:48:25,129 | INFO | SEMANTIC SCORE | SCORE=50.04 | TITLE=India: Exotic apes seized at Mumbai airport - DW.com
2026-05-11 08:48:25,130 | WARNING | ARTICLE REJECTED | REASON=Low confidence | TITLE=India: Exotic apes seized at Mumbai airport - DW.com
2026-05-11 08:48:30,578 | WARNING | ARTICLE REJECTED | REASON=Validated | TITLE=81 monkeys and meth found in car driven by suspected wildlife smugglers, rangers in Thailand say - CBS News
2026-05-11 08:48:34,758 | WARNING | ARTICLE REJECTED | REASON=Validated | TITLE=After Ambani zoo probe, wildlife body reverses call to curb animal imports to India - The Straits Times
2026-05-11 08:48:39,891 | WARNING | ARTICLE REJECTED | REASON=Validation failure | TITLE=Increase in gibbon trafficking into India has conservationists worried - news - Mongabay
2026-05-11 08:48:43,341 | WARNING | ARTICLE REJECTED | REASON=Validated | TITLE=Smuggled, suffocated, and sold - Mumbai Mirror
2026-05-11 08:48:45,970 | INFO | ML PREDICTION | PREDICTION=crime | CONFIDENCE=70.29 | TITLE=Passenger Arrested At Mumbai Airport For Smuggling 54 Exotic Animals - NDTV
2026-05-11 08:48:46,006 | INFO | SEMANTIC SCORE | SCORE=50.92 | TITLE=Passenger Arrested At Mumbai Airport For Smuggling 54 Exotic Animals - NDTV
2026-05-11 08:48:50,193 | WARNING | ARTICLE REJECTED | REASON=Duplicate article | TITLE=Passenger Arrested At Mumbai Airport For Smuggling 54 Exotic Animals - NDTV
2026-05-11 08:48:52,148 | INFO | ML PREDICTION | PREDICTION=crime | CONFIDENCE=68.0 | TITLE=Wildlife smuggling bust: 154 exotic animals, including 4 baby anacondas seized at Mumbai airport; woman a - The Times of India
2026-05-11 08:48:52,257 | INFO | SEMANTIC SCORE | SCORE=59.13 | TITLE=Wildlife smuggling bust: 154 exotic animals, including 4 baby anacondas seized at Mumbai airport; woman a - The Times of India
2026-05-11 08:48:52,258 | WARNING | ARTICLE REJECTED | REASON=Low confidence | TITLE=Wildlife smuggling bust: 154 exotic animals, including 4 baby anacondas seized at Mumbai airport; woman a - The Times of India
2026-05-11 08:48:54,407 | INFO | ML PREDICTION | PREDICTION=crime | CONFIDENCE=68.03 | TITLE=Kochi airport turns hub for exotic wildlife smuggling from Thailand - The Times of India
2026-05-11 08:48:54,507 | INFO | SEMANTIC SCORE | SCORE=38.71 | TITLE=Kochi airport turns hub for exotic wildlife smuggling from Thailand - The Times of India
2026-05-11 08:48:54,508 | WARNING | ARTICLE REJECTED | REASON=Low confidence | TITLE=Kochi airport turns hub for exotic wildlife smuggling from Thailand - The Times of India
2026-05-11 08:48:57,072 | WARNING | ARTICLE REJECTED | REASON=Validated | TITLE=How India’s Wildlife Import System Became A Gateway For Gaps - Madras Courier
2026-05-11 08:48:59,018 | INFO | ML PREDICTION | PREDICTION=other | CONFIDENCE=56.27 | TITLE=Malaysia steps up action against smuggling of wildlife in passenger luggage between Southeast Asia, India - Asia News Network
2026-05-11 08:48:59,138 | INFO | SEMANTIC SCORE | SCORE=41.9 | TITLE=Malaysia steps up action against smuggling of wildlife in passenger luggage between Southeast Asia, India - Asia News Network
2026-05-11 08:48:59,138 | WARNING | ARTICLE REJECTED | REASON=Low confidence | TITLE=Malaysia steps up action against smuggling of wildlife in passenger luggage between Southeast Asia, India - Asia News Network
2026-05-11 08:49:03,203 | INFO | ML PREDICTION | PREDICTION=crime | CONFIDENCE=57.96 | TITLE=350 exotic animals trafficked from Bangkok seized at Pune, Mumbai airports in two months | Hindustan Times - Hindustan Times
2026-05-11 08:49:03,272 | INFO | SEMANTIC SCORE | SCORE=57.27 | TITLE=350 exotic animals trafficked from Bangkok seized at Pune, Mumbai airports in two months | Hindustan Times - Hindustan Times
2026-05-11 08:49:03,273 | WARNING | ARTICLE REJECTED | REASON=Low confidence | TITLE=350 exotic animals trafficked from Bangkok seized at Pune, Mumbai airports in two months | Hindustan Times - Hindustan Times
2026-05-11 08:49:07,809 | INFO | ML PREDICTION | PREDICTION=other | CONFIDENCE=53.64 | TITLE=India sees surge in exotic wildlife smuggling - The Indian Express
2026-05-11 08:49:07,888 | INFO | SEMANTIC SCORE | SCORE=52.54 | TITLE=India sees surge in exotic wildlife smuggling - The Indian Express
2026-05-11 08:49:07,890 | WARNING | ARTICLE REJECTED | REASON=Low confidence | TITLE=India sees surge in exotic wildlife smuggling - The Indian Express
2026-05-11 08:49:12,190 | INFO | ML PREDICTION | PREDICTION=other | CONFIDENCE=57.26 | TITLE=Unique species in air passenger baggage exposes global reach of Thailand India wildlife smuggling - TRAFFIC.org
2026-05-11 08:49:12,316 | INFO | SEMANTIC SCORE | SCORE=57.48 | TITLE=Unique species in air passenger baggage exposes global reach of Thailand India wildlife smuggling - TRAFFIC.org
2026-05-11 08:49:12,317 | WARNING | ARTICLE REJECTED | REASON=Low confidence | TITLE=Unique species in air passenger baggage exposes global reach of Thailand India wildlife smuggling - TRAFFIC.org
2026-05-11 08:49:14,433 | WARNING | ARTICLE REJECTED | REASON=Validated | TITLE=India asks UN wildlife body to not curb its animal imports amid Ambani zoo furore - Reuters
2026-05-11 08:49:16,888 | INFO | ML PREDICTION | PREDICTION=crime | CONFIDENCE=71.05 | TITLE=DRI Nagpur seizes leopard skin trophy in Bhopal; 3 arrested in wildlife smuggling bust - ANI News
2026-05-11 08:49:16,956 | INFO | SEMANTIC SCORE | SCORE=64.68 | TITLE=DRI Nagpur seizes leopard skin trophy in Bhopal; 3 arrested in wildlife smuggling bust - ANI News
2026-05-11 08:49:21,217 | WARNING | ARTICLE REJECTED | REASON=Duplicate article | TITLE=DRI Nagpur seizes leopard skin trophy in Bhopal; 3 arrested in wildlife smuggling bust - ANI News
2026-05-11 08:49:25,260 | WARNING | ARTICLE REJECTED | REASON=Validated | TITLE=From policy to practice: Evaluating India’s approach to exotic wildlife trade under CITES - The Leaflet
2026-05-11 08:49:28,585 | INFO | ML PREDICTION | PREDICTION=crime | CONFIDENCE=64.14 | TITLE=9 cases of wildlife smuggling unearthed at Mumbai Airport in 6 months | Mumbai news - Hindustan Times
2026-05-11 08:49:28,696 | INFO | SEMANTIC SCORE | SCORE=56.83 | TITLE=9 cases of wildlife smuggling unearthed at Mumbai Airport in 6 months | Mumbai news - Hindustan Times
2026-05-11 08:49:28,697 | WARNING | ARTICLE REJECTED | REASON=Low confidence | TITLE=9 cases of wildlife smuggling unearthed at Mumbai Airport in 6 months | Mumbai news - Hindustan Times
2026-05-11 08:49:34,621 | WARNING | ARTICLE REJECTED | REASON=Validated | TITLE=INDIA AND NEPAL MEET TO ADDRESS CHALLENGES TO CURBING ILLEGAL WILDLIFE TRADE - WWF India
2026-05-11 08:49:39,421 | WARNING | ARTICLE REJECTED | REASON=Validated | TITLE=Excess Baggage: How wildlife is trafficked by air in and out of India - Mongabay-India
2026-05-11 08:49:45,399 | INFO | ML PREDICTION | PREDICTION=crime | CONFIDENCE=51.01 | TITLE=Wildlife crime cases in India decline significantly: Govt - Deccan Herald
2026-05-11 08:49:45,500 | INFO | SEMANTIC SCORE | SCORE=58.47 | TITLE=Wildlife crime cases in India decline significantly: Govt - Deccan Herald
2026-05-11 08:49:45,501 | WARNING | ARTICLE REJECTED | REASON=Low confidence | TITLE=Wildlife crime cases in India decline significantly: Govt - Deccan Herald
2026-05-11 08:49:52,872 | INFO | ML PREDICTION | PREDICTION=other | CONFIDENCE=65.01 | TITLE=Champhai district in Mizoram is now a hotspot for wildlife trafficking in India - Mongabay-India
2026-05-11 08:49:52,933 | INFO | SEMANTIC SCORE | SCORE=56.7 | TITLE=Champhai district in Mizoram is now a hotspot for wildlife trafficking in India - Mongabay-India
2026-05-11 08:49:52,933 | WARNING | ARTICLE REJECTED | REASON=Low confidence | TITLE=Champhai district in Mizoram is now a hotspot for wildlife trafficking in India - Mongabay-India
2026-05-11 08:49:58,110 | WARNING | ARTICLE REJECTED | REASON=Validated | TITLE=In Deep Water: India's Sea Cucumbers in Illegal Wildlife Trade - TRAFFIC.org
2026-05-11 08:50:05,110 | INFO | ML PREDICTION | PREDICTION=other | CONFIDENCE=63.9 | TITLE=Exotic wildlife smuggling linked to pet shops again in Tamil Nadu - The New Indian Express
2026-05-11 08:50:05,238 | INFO | SEMANTIC SCORE | SCORE=64.08 | TITLE=Exotic wildlife smuggling linked to pet shops again in Tamil Nadu - The New Indian Express
2026-05-11 08:50:05,239 | WARNING | ARTICLE REJECTED | REASON=Low confidence | TITLE=Exotic wildlife smuggling linked to pet shops again in Tamil Nadu - The New Indian Express
2026-05-11 08:50:44,857 | INFO | ML PREDICTION | PREDICTION=other | CONFIDENCE=77.53 | TITLE=BHUTAN, INDIA, AND NEPAL COLLABORATE TO COUNTER WILDLIFE TRAFFICKING IN SOUTH ASIA - WWF India
2026-05-11 08:50:44,943 | INFO | SEMANTIC SCORE | SCORE=57.18 | TITLE=BHUTAN, INDIA, AND NEPAL COLLABORATE TO COUNTER WILDLIFE TRAFFICKING IN SOUTH ASIA - WWF India
2026-05-11 08:50:49,132 | WARNING | ARTICLE REJECTED | REASON=Duplicate article | TITLE=BHUTAN, INDIA, AND NEPAL COLLABORATE TO COUNTER WILDLIFE TRAFFICKING IN SOUTH ASIA - WWF India
2026-05-11 08:50:53,894 | INFO | ML PREDICTION | PREDICTION=crime | CONFIDENCE=69.93 | TITLE=Darke Lama: Kingpin of South Asia's wildlife trafficking network, now wanted by Interpol in 2015 MP tiger - The Times of India
2026-05-11 08:50:54,006 | INFO | SEMANTIC SCORE | SCORE=73.15 | TITLE=Darke Lama: Kingpin of South Asia's wildlife trafficking network, now wanted by Interpol in 2015 MP tiger - The Times of India
2026-05-11 08:50:59,570 | WARNING | ARTICLE REJECTED | REASON=Duplicate article | TITLE=Darke Lama: Kingpin of South Asia's wildlife trafficking network, now wanted by Interpol in 2015 MP tiger - The Times of India
2026-05-11 08:51:03,012 | INFO | ML PREDICTION | PREDICTION=other | CONFIDENCE=51.48 | TITLE=How India is curbing wildlife trafficking - DD News
2026-05-11 08:51:03,140 | INFO | SEMANTIC SCORE | SCORE=62.23 | TITLE=How India is curbing wildlife trafficking - DD News
2026-05-11 08:51:03,141 | WARNING | ARTICLE REJECTED | REASON=Low confidence | TITLE=How India is curbing wildlife trafficking - DD News
2026-05-11 08:51:07,128 | INFO | ML PREDICTION | PREDICTION=other | CONFIDENCE=57.04 | TITLE=WILDLIFE CRIME CONTROL BUREAU FROM INDIA AND NEPAL MEET TO STRENGTHEN COLLABORATION FOR CURBING - WWF India
2026-05-11 08:51:07,210 | INFO | SEMANTIC SCORE | SCORE=50.3 | TITLE=WILDLIFE CRIME CONTROL BUREAU FROM INDIA AND NEPAL MEET TO STRENGTHEN COLLABORATION FOR CURBING - WWF India
2026-05-11 08:51:07,210 | WARNING | ARTICLE REJECTED | REASON=Low confidence | TITLE=WILDLIFE CRIME CONTROL BUREAU FROM INDIA AND NEPAL MEET TO STRENGTHEN COLLABORATION FOR CURBING - WWF India
2026-05-11 08:51:10,370 | WARNING | ARTICLE REJECTED | REASON=Validation failure | TITLE=World Environment Day 2021-India’s Commitment Towards Stopping Illegal Wildlife Trafficking - Welcome to the United Nations
2026-05-11 08:51:13,791 | WARNING | ARTICLE REJECTED | REASON=Validated | TITLE=Passenger held at Mumbai airport with 60 exotic wildlife smuggled from Bangkok - The Times of India
2026-05-11 08:51:16,969 | INFO | ML PREDICTION | PREDICTION=other | CONFIDENCE=55.56 | TITLE=Mumbai Customs Foils Wildlife Smuggling Attempt, Seizes Exotic Animals Including Anaconda Hidden In Trolley Bag - Republic World
2026-05-11 08:51:17,095 | INFO | SEMANTIC SCORE | SCORE=63.26 | TITLE=Mumbai Customs Foils Wildlife Smuggling Attempt, Seizes Exotic Animals Including Anaconda Hidden In Trolley Bag - Republic World
2026-05-11 08:51:17,097 | WARNING | ARTICLE REJECTED | REASON=Low confidence | TITLE=Mumbai Customs Foils Wildlife Smuggling Attempt, Seizes Exotic Animals Including Anaconda Hidden In Trolley Bag - Republic World
2026-05-11 08:51:19,533 | INFO | ML PREDICTION | PREDICTION=other | CONFIDENCE=71.38 | TITLE=FIRST OF ITS KIND PROJECT LAUNCHES NEW TOOLS TO COMBAT WILDLIFE TRAFFICKING IN INDIA’S AIRPORT - WWF India
2026-05-11 08:51:19,588 | INFO | SEMANTIC SCORE | SCORE=60.22 | TITLE=FIRST OF ITS KIND PROJECT LAUNCHES NEW TOOLS TO COMBAT WILDLIFE TRAFFICKING IN INDIA’S AIRPORT - WWF India
2026-05-11 08:51:23,755 | WARNING | ARTICLE REJECTED | REASON=Duplicate article | TITLE=FIRST OF ITS KIND PROJECT LAUNCHES NEW TOOLS TO COMBAT WILDLIFE TRAFFICKING IN INDIA’S AIRPORT - WWF India
2026-05-11 08:51:27,457 | WARNING | ARTICLE REJECTED | REASON=Validated | TITLE=When iguanas, cuscus, snakes are smuggled into Bengaluru - Deccan Herald
2026-05-11 08:51:30,897 | INFO | ML PREDICTION | PREDICTION=other | CONFIDENCE=72.54 | TITLE=First of its kind project launches new tools to combat Wildlife Trafficking In India’s Airports - TRAFFIC.org
2026-05-11 08:51:30,970 | INFO | SEMANTIC SCORE | SCORE=65.95 | TITLE=First of its kind project launches new tools to combat Wildlife Trafficking In India’s Airports - TRAFFIC.org
2026-05-11 08:51:35,143 | WARNING | ARTICLE REJECTED | REASON=Duplicate article | TITLE=First of its kind project launches new tools to combat Wildlife Trafficking In India’s Airports - TRAFFIC.org
2026-05-11 08:51:38,073 | WARNING | ARTICLE REJECTED | REASON=Validated | TITLE=CITES Report Urges India to Halt Wildlife Imports Pending Stronger Checks - Vajiram & Ravi
2026-05-11 08:51:41,819 | INFO | ML PREDICTION | PREDICTION=crime | CONFIDENCE=83.21 | TITLE=Wildlife Smuggling: Man Arrested at Kempegowda Airport - Deccan Herald
2026-05-11 08:51:41,862 | INFO | SEMANTIC SCORE | SCORE=61.18 | TITLE=Wildlife Smuggling: Man Arrested at Kempegowda Airport - Deccan Herald
2026-05-11 08:51:48,378 | WARNING | ARTICLE REJECTED | REASON=Duplicate article | TITLE=Wildlife Smuggling: Man Arrested at Kempegowda Airport - Deccan Herald
2026-05-11 08:51:51,375 | INFO | ML PREDICTION | PREDICTION=crime | CONFIDENCE=56.42 | TITLE=Exotic wildlife smuggling through NE into India on rise - The Times of India
2026-05-11 08:51:51,405 | INFO | SEMANTIC SCORE | SCORE=52.54 | TITLE=Exotic wildlife smuggling through NE into India on rise - The Times of India
2026-05-11 08:51:51,405 | WARNING | ARTICLE REJECTED | REASON=Low confidence | TITLE=Exotic wildlife smuggling through NE into India on rise - The Times of India
2026-05-11 08:51:53,510 | INFO | ML PREDICTION | PREDICTION=other | CONFIDENCE=54.82 | TITLE=Snakes on a plane highlight Thailand-India wildlife trafficking, NGO reports - The Japan Times
2026-05-11 08:51:53,558 | INFO | SEMANTIC SCORE | SCORE=53.96 | TITLE=Snakes on a plane highlight Thailand-India wildlife trafficking, NGO reports - The Japan Times
2026-05-11 08:51:53,559 | WARNING | ARTICLE REJECTED | REASON=Low confidence | TITLE=Snakes on a plane highlight Thailand-India wildlife trafficking, NGO reports - The Japan Times
2026-05-11 08:51:55,464 | WARNING | ARTICLE REJECTED | REASON=Validated | TITLE=NGO Flags Rise in Illegal Wildlife Trade Guised as ‘Zoo Transfers’, Including to India - TheWire.in
2026-05-11 08:51:57,629 | INFO | ML PREDICTION | PREDICTION=other | CONFIDENCE=63.59 | TITLE=SOUTH ASIAN COUNTRIES MEET AGAIN TO STRENGTHEN EFFORTS TO CURB WILDLIFE TRAFFICKING - WWF India
2026-05-11 08:51:57,736 | INFO | SEMANTIC SCORE | SCORE=43.61 | TITLE=SOUTH ASIAN COUNTRIES MEET AGAIN TO STRENGTHEN EFFORTS TO CURB WILDLIFE TRAFFICKING - WWF India
2026-05-11 08:51:57,737 | WARNING | ARTICLE REJECTED | REASON=Low confidence | TITLE=SOUTH ASIAN COUNTRIES MEET AGAIN TO STRENGTHEN EFFORTS TO CURB WILDLIFE TRAFFICKING - WWF India
2026-05-11 08:51:59,772 | INFO | ML PREDICTION | PREDICTION=other | CONFIDENCE=66.33 | TITLE=Malaysia takes action against wildlife smuggling after Indian officials raise concerns - The New Indian Express
2026-05-11 08:51:59,874 | INFO | SEMANTIC SCORE | SCORE=47.8 | TITLE=Malaysia takes action against wildlife smuggling after Indian officials raise concerns - The New Indian Express
2026-05-11 08:51:59,875 | WARNING | ARTICLE REJECTED | REASON=Low confidence | TITLE=Malaysia takes action against wildlife smuggling after Indian officials raise concerns - The New Indian Express
2026-05-11 08:52:01,984 | INFO | ML PREDICTION | PREDICTION=crime | CONFIDENCE=61.25 | TITLE=Mumbai Customs Officials Foil Major Wildlife Trafficking At Airport, 61 Live Animals Seized - Republic World
2026-05-11 08:52:02,096 | INFO | SEMANTIC SCORE | SCORE=61.53 | TITLE=Mumbai Customs Officials Foil Major Wildlife Trafficking At Airport, 61 Live Animals Seized - Republic World
2026-05-11 08:52:02,097 | WARNING | ARTICLE REJECTED | REASON=Low confidence | TITLE=Mumbai Customs Officials Foil Major Wildlife Trafficking At Airport, 61 Live Animals Seized - Republic World
2026-05-11 08:52:04,301 | WARNING | ARTICLE REJECTED | REASON=Validated | TITLE=Factsheet on Indian Spiny-tailed Lizard in illegal wildlife trade - Wildlife Trade Report from TRAFFIC - TRAFFIC.org
2026-05-11 08:52:06,435 | INFO | ML PREDICTION | PREDICTION=crime | CONFIDENCE=79.0 | TITLE=Wildlife smuggling bid foiled at Chennai airport; man arrested - The Times of India
2026-05-11 08:52:06,512 | INFO | SEMANTIC SCORE | SCORE=52.38 | TITLE=Wildlife smuggling bid foiled at Chennai airport; man arrested - The Times of India
2026-05-11 08:52:10,470 | WARNING | ARTICLE REJECTED | REASON=Duplicate article | TITLE=Wildlife smuggling bid foiled at Chennai airport; man arrested - The Times of India
2026-05-11 08:52:12,115 | INFO | ML PREDICTION | PREDICTION=crime | CONFIDENCE=79.29 | TITLE=Manas poaching case unravels global wildlife smuggling ring - The Times of India
2026-05-11 08:52:12,176 | INFO | SEMANTIC SCORE | SCORE=56.52 | TITLE=Manas poaching case unravels global wildlife smuggling ring - The Times of India
2026-05-11 08:52:16,446 | WARNING | ARTICLE REJECTED | REASON=Duplicate article | TITLE=Manas poaching case unravels global wildlife smuggling ring - The Times of India
2026-05-11 08:52:19,244 | WARNING | ARTICLE REJECTED | REASON=Validated | TITLE=India's Pangolins buried in Illegal Wildlife Trade - Wildlife Trade Report from TRAFFIC - TRAFFIC.org
2026-05-11 08:52:21,987 | INFO | ML PREDICTION | PREDICTION=crime | CONFIDENCE=66.78 | TITLE=Wildlife Smuggling Attempt: Man Flees Bengaluru Airport After Trying to Traffic Star Tortoises - Deccan Herald
2026-05-11 08:52:22,121 | INFO | SEMANTIC SCORE | SCORE=51.16 | TITLE=Wildlife Smuggling Attempt: Man Flees Bengaluru Airport After Trying to Traffic Star Tortoises - Deccan Herald
2026-05-11 08:52:22,121 | WARNING | ARTICLE REJECTED | REASON=Low confidence | TITLE=Wildlife Smuggling Attempt: Man Flees Bengaluru Airport After Trying to Traffic Star Tortoises - Deccan Herald
2026-05-11 08:52:24,206 | INFO | ML PREDICTION | PREDICTION=crime | CONFIDENCE=56.36 | TITLE=Mumbai Customs Seizes 52 Exotic Reptiles In Major Wildlife Smuggling Bust - News18
2026-05-11 08:52:24,312 | INFO | SEMANTIC SCORE | SCORE=54.71 | TITLE=Mumbai Customs Seizes 52 Exotic Reptiles In Major Wildlife Smuggling Bust - News18
2026-05-11 08:52:24,313 | WARNING | ARTICLE REJECTED | REASON=Low confidence | TITLE=Mumbai Customs Seizes 52 Exotic Reptiles In Major Wildlife Smuggling Bust - News18
2026-05-11 08:52:26,246 | INFO | ML PREDICTION | PREDICTION=other | CONFIDENCE=51.01 | TITLE=How India Is Using AI to Stop Poaching: 5 Tech Initiatives Protecting Wildlife - The Better India
2026-05-11 08:52:26,350 | INFO | SEMANTIC SCORE | SCORE=44.32 | TITLE=How India Is Using AI to Stop Poaching: 5 Tech Initiatives Protecting Wildlife - The Better India
2026-05-11 08:52:26,352 | WARNING | ARTICLE REJECTED | REASON=Low confidence | TITLE=How India Is Using AI to Stop Poaching: 5 Tech Initiatives Protecting Wildlife - The Better India
2026-05-11 08:52:28,691 | WARNING | ARTICLE REJECTED | REASON=Validated | TITLE=Factsheet on India’s Red Sanders in illegal wildlife trade - TRAFFIC.org
2026-05-11 08:52:30,670 | WARNING | ARTICLE REJECTED | REASON=Validated | TITLE=Bengaluru overtakes Chennai in number of seizures of exotic wildlife species - The New Indian Express
2026-05-11 08:52:32,381 | WARNING | ARTICLE REJECTED | REASON=Validation failure | TITLE=WORLD ENVIRONMENT DAY 2021-INDIA’S COMMITMENT TOWARDS STOPPING ILLEGAL WILDLIFE TRAFFICKING - WWF India
2026-05-11 08:52:34,460 | INFO | ML PREDICTION | PREDICTION=other | CONFIDENCE=70.66 | TITLE=ENFORCEMENT AGENCIES TRAIN TOGETHER TO STOP WILDLIFE TRAFFICKING ACROSS INDIA’S HIMALAYAS - WWF India
2026-05-11 08:52:34,547 | INFO | SEMANTIC SCORE | SCORE=61.13 | TITLE=ENFORCEMENT AGENCIES TRAIN TOGETHER TO STOP WILDLIFE TRAFFICKING ACROSS INDIA’S HIMALAYAS - WWF India
2026-05-11 08:52:38,669 | WARNING | ARTICLE REJECTED | REASON=Duplicate article | TITLE=ENFORCEMENT AGENCIES TRAIN TOGETHER TO STOP WILDLIFE TRAFFICKING ACROSS INDIA’S HIMALAYAS - WWF India
2026-05-11 08:52:42,049 | WARNING | ARTICLE REJECTED | REASON=Validated | TITLE=Smugglers using government amnesty scheme as a new tool for exotic wildlife trade - Mongabay-India
2026-05-11 08:52:44,438 | WARNING | ARTICLE REJECTED | REASON=Validated | TITLE=Factsheet on India’s Agarwood in illegal wildlife trade - TRAFFIC.org
2026-05-11 08:52:48,080 | INFO | ML PREDICTION | PREDICTION=crime | CONFIDENCE=58.11 | TITLE=Can AI help India fight against wildlife trafficking and animal poaching? - IndiaAI
2026-05-11 08:52:48,182 | INFO | SEMANTIC SCORE | SCORE=52.5 | TITLE=Can AI help India fight against wildlife trafficking and animal poaching? - IndiaAI
2026-05-11 08:52:48,184 | WARNING | ARTICLE REJECTED | REASON=Low confidence | TITLE=Can AI help India fight against wildlife trafficking and animal poaching? - IndiaAI
2026-05-11 08:52:55,242 | WARNING | ARTICLE REJECTED | REASON=Validated | TITLE=Rising illegal wildlife trade across Himalayan countries threatens the mountain ecosystem - Mongabay-India
2026-05-11 08:52:59,491 | INFO | ML PREDICTION | PREDICTION=crime | CONFIDENCE=50.46 | TITLE=Why NCRB Data Understates Wildlife Crime in India - Frontline Magazine
2026-05-11 08:52:59,537 | INFO | SEMANTIC SCORE | SCORE=56.1 | TITLE=Why NCRB Data Understates Wildlife Crime in India - Frontline Magazine
2026-05-11 08:52:59,537 | WARNING | ARTICLE REJECTED | REASON=Low confidence | TITLE=Why NCRB Data Understates Wildlife Crime in India - Frontline Magazine
2026-05-11 08:53:02,240 | INFO | ML PREDICTION | PREDICTION=crime | CONFIDENCE=66.71 | TITLE=Karnataka turtle poaching: 4 booked under Wildlife Act - Deccan Herald
2026-05-11 08:53:02,294 | INFO | SEMANTIC SCORE | SCORE=59.31 | TITLE=Karnataka turtle poaching: 4 booked under Wildlife Act - Deccan Herald
2026-05-11 08:53:02,294 | WARNING | ARTICLE REJECTED | REASON=Low confidence | TITLE=Karnataka turtle poaching: 4 booked under Wildlife Act - Deccan Herald
2026-05-11 08:53:05,019 | WARNING | ARTICLE REJECTED | REASON=Validated | TITLE=Meet 15 of the most poached animals in 2025 - International Fund for Animal Welfare | IFAW
2026-05-11 08:53:07,389 | WARNING | ARTICLE REJECTED | REASON=Validated | TITLE=200 big cats poached in 20 years, RTI reveals central India as hotspot - The Times of India
2026-05-11 08:53:11,016 | INFO | ML PREDICTION | PREDICTION=other | CONFIDENCE=51.01 | TITLE=How India Is Using AI to Stop Poaching: 5 Tech Initiatives Protecting Wildlife - The Better India
2026-05-11 08:53:11,060 | INFO | SEMANTIC SCORE | SCORE=44.32 | TITLE=How India Is Using AI to Stop Poaching: 5 Tech Initiatives Protecting Wildlife - The Better India
2026-05-11 08:53:11,060 | WARNING | ARTICLE REJECTED | REASON=Low confidence | TITLE=How India Is Using AI to Stop Poaching: 5 Tech Initiatives Protecting Wildlife - The Better India
2026-05-11 08:53:14,445 | INFO | ML PREDICTION | PREDICTION=crime | CONFIDENCE=74.89 | TITLE=Woman wanted by Interpol for trafficking tiger parts arrested in India - BBC
2026-05-11 08:53:14,542 | INFO | SEMANTIC SCORE | SCORE=45.46 | TITLE=Woman wanted by Interpol for trafficking tiger parts arrested in India - BBC
2026-05-11 08:53:18,716 | WARNING | ARTICLE REJECTED | REASON=Duplicate article | TITLE=Woman wanted by Interpol for trafficking tiger parts arrested in India - BBC
2026-05-11 08:53:20,612 | WARNING | ARTICLE REJECTED | REASON=Validated | TITLE=NE border attracts MP, Maharashtra poachers - The New Indian Express
2026-05-11 08:53:22,504 | WARNING | ARTICLE REJECTED | REASON=Validated | TITLE=How poachers targeted areas outside protected zones to traffic 100 tigers to Myanmar - Newslaundry
2026-05-11 08:53:24,416 | INFO | ML PREDICTION | PREDICTION=other | CONFIDENCE=58.21 | TITLE=Shift of wildlife trafficking to the North East–Myanmar corridor - INSIGHTS IAS
2026-05-11 08:53:24,495 | INFO | SEMANTIC SCORE | SCORE=74.97 | TITLE=Shift of wildlife trafficking to the North East–Myanmar corridor - INSIGHTS IAS
2026-05-11 08:53:28,651 | WARNING | ARTICLE REJECTED | REASON=Duplicate article | TITLE=Shift of wildlife trafficking to the North East–Myanmar corridor - INSIGHTS IAS
2026-05-11 08:53:31,762 | INFO | ML PREDICTION | PREDICTION=crime | CONFIDENCE=51.17 | TITLE=Beyond poaching: Why habitat loss is the real crisis for India's wildlife - theweek.in
2026-05-11 08:53:31,895 | INFO | SEMANTIC SCORE | SCORE=45.21 | TITLE=Beyond poaching: Why habitat loss is the real crisis for India's wildlife - theweek.in
2026-05-11 08:53:31,896 | WARNING | ARTICLE REJECTED | REASON=Low confidence | TITLE=Beyond poaching: Why habitat loss is the real crisis for India's wildlife - theweek.in
2026-05-11 08:53:36,025 | WARNING | ARTICLE REJECTED | REASON=Validated | TITLE=A Wake-Up Call for India’s Wildlife Governance - Drishti IAS
2026-05-11 08:53:39,566 | WARNING | ARTICLE REJECTED | REASON=Validated | TITLE=Women guards of Kaziranga brave all challenges to protect wildlife in India - Global Voices
2026-05-11 08:53:42,735 | WARNING | ARTICLE REJECTED | REASON=Validated | TITLE=Madhya Pradesh's Tiger Crisis Deepens As Poachers Jailed, Death Count Soars - NDTV
2026-05-11 08:53:45,437 | WARNING | ARTICLE REJECTED | REASON=Validated | TITLE=The case for a new legal framework to protect India’s wildlife and livelihoods [Commentary] - Mongabay-India
2026-05-11 08:53:49,178 | INFO | ML PREDICTION | PREDICTION=crime | CONFIDENCE=73.34 | TITLE=Kerala: Forest officials bust wildlife trafficking gang trying to sell tiger skin, claws, teeth; 7 held - The Times of India
2026-05-11 08:53:49,264 | INFO | SEMANTIC SCORE | SCORE=60.94 | TITLE=Kerala: Forest officials bust wildlife trafficking gang trying to sell tiger skin, claws, teeth; 7 held - The Times of India
2026-05-11 08:53:53,470 | WARNING | ARTICLE REJECTED | REASON=Duplicate article | TITLE=Kerala: Forest officials bust wildlife trafficking gang trying to sell tiger skin, claws, teeth; 7 held - The Times of India
2026-05-11 08:53:55,924 | INFO | ML PREDICTION | PREDICTION=crime | CONFIDENCE=61.65 | TITLE=This Tribe Turned a Poaching Hotspot Into a Wildlife Reserve Earning Rs 50 Lakh - The Better India
2026-05-11 08:53:56,056 | INFO | SEMANTIC SCORE | SCORE=44.85 | TITLE=This Tribe Turned a Poaching Hotspot Into a Wildlife Reserve Earning Rs 50 Lakh - The Better India
2026-05-11 08:53:56,057 | WARNING | ARTICLE REJECTED | REASON=Low confidence | TITLE=This Tribe Turned a Poaching Hotspot Into a Wildlife Reserve Earning Rs 50 Lakh - The Better India
2026-05-11 08:53:58,862 | INFO | ML PREDICTION | PREDICTION=crime | CONFIDENCE=77.34 | TITLE=Six Bawaria poachers get three years jail in landmark Tamil Nadu tiger poaching case - The New Indian Express
2026-05-11 08:53:58,954 | INFO | SEMANTIC SCORE | SCORE=56.9 | TITLE=Six Bawaria poachers get three years jail in landmark Tamil Nadu tiger poaching case - The New Indian Express
2026-05-11 08:54:03,062 | WARNING | ARTICLE REJECTED | REASON=Duplicate article | TITLE=Six Bawaria poachers get three years jail in landmark Tamil Nadu tiger poaching case - The New Indian Express
2026-05-11 08:54:05,616 | INFO | ML PREDICTION | PREDICTION=crime | CONFIDENCE=69.93 | TITLE=Darke Lama: Kingpin of South Asia's wildlife trafficking network, now wanted by Interpol in 2015 MP tiger - The Times of India
2026-05-11 08:54:05,734 | INFO | SEMANTIC SCORE | SCORE=73.15 | TITLE=Darke Lama: Kingpin of South Asia's wildlife trafficking network, now wanted by Interpol in 2015 MP tiger - The Times of India
2026-05-11 08:54:09,626 | WARNING | ARTICLE REJECTED | REASON=Duplicate article | TITLE=Darke Lama: Kingpin of South Asia's wildlife trafficking network, now wanted by Interpol in 2015 MP tiger - The Times of India
2026-05-11 08:54:13,139 | INFO | ML PREDICTION | PREDICTION=crime | CONFIDENCE=80.63 | TITLE=Big wildlife poaching in Bastar: Tiger, leopard skins recovered, eight held - The Times of India
2026-05-11 08:54:13,189 | INFO | SEMANTIC SCORE | SCORE=53.84 | TITLE=Big wildlife poaching in Bastar: Tiger, leopard skins recovered, eight held - The Times of India
2026-05-11 08:54:17,387 | WARNING | ARTICLE REJECTED | REASON=Duplicate article | TITLE=Big wildlife poaching in Bastar: Tiger, leopard skins recovered, eight held - The Times of India
2026-05-11 08:54:20,671 | INFO | ML PREDICTION | PREDICTION=other | CONFIDENCE=58.16 | TITLE=IUCN-TRAFFIC report praises ‘strengthened monitoring and surveillance’ for protecting India and Nepal’s rhinos from poaching - Down To Earth
2026-05-11 08:54:20,754 | INFO | SEMANTIC SCORE | SCORE=45.05 | TITLE=IUCN-TRAFFIC report praises ‘strengthened monitoring and surveillance’ for protecting India and Nepal’s rhinos from poaching - Down To Earth
2026-05-11 08:54:20,755 | WARNING | ARTICLE REJECTED | REASON=Low confidence | TITLE=IUCN-TRAFFIC report praises ‘strengthened monitoring and surveillance’ for protecting India and Nepal’s rhinos from poaching - Down To Earth
2026-05-11 08:54:24,615 | WARNING | ARTICLE REJECTED | REASON=Validated | TITLE=How Hyderabad Scientists Are Using DNA Technology To Track Wildlife Poachers Across India - ETV Bharat
2026-05-11 08:54:28,726 | INFO | ML PREDICTION | PREDICTION=crime | CONFIDENCE=50.99 | TITLE=Wildlife activists demand action following poaching of tigress - The Statesman
2026-05-11 08:54:28,845 | INFO | SEMANTIC SCORE | SCORE=49.45 | TITLE=Wildlife activists demand action following poaching of tigress - The Statesman
2026-05-11 08:54:28,846 | WARNING | ARTICLE REJECTED | REASON=Low confidence | TITLE=Wildlife activists demand action following poaching of tigress - The Statesman
2026-05-11 08:54:31,492 | WARNING | ARTICLE REJECTED | REASON=Validated | TITLE=India’s wildlife sanctuaries are using elephants as bulldozers to fight poachers - qz.com
2026-05-11 08:54:33,396 | INFO | ML PREDICTION | PREDICTION=crime | CONFIDENCE=75.38 | TITLE=Tiger and leopard deaths contradict govt’s no-poaching claim, says HC - The Times of India
2026-05-11 08:54:33,502 | INFO | SEMANTIC SCORE | SCORE=47.92 | TITLE=Tiger and leopard deaths contradict govt’s no-poaching claim, says HC - The Times of India
2026-05-11 08:54:37,578 | WARNING | ARTICLE REJECTED | REASON=Duplicate article | TITLE=Tiger and leopard deaths contradict govt’s no-poaching claim, says HC - The Times of India
2026-05-11 08:54:39,307 | INFO | ML PREDICTION | PREDICTION=other | CONFIDENCE=66.68 | TITLE=Video | NDTV World Summit | Vivek Menon, Founder of Wildlife Trust of India Talks About Poaching Concerns - NDTV
2026-05-11 08:54:39,374 | INFO | SEMANTIC SCORE | SCORE=45.1 | TITLE=Video | NDTV World Summit | Vivek Menon, Founder of Wildlife Trust of India Talks About Poaching Concerns - NDTV
2026-05-11 08:54:39,374 | WARNING | ARTICLE REJECTED | REASON=Low confidence | TITLE=Video | NDTV World Summit | Vivek Menon, Founder of Wildlife Trust of India Talks About Poaching Concerns - NDTV
2026-05-11 08:54:40,993 | INFO | ML PREDICTION | PREDICTION=crime | CONFIDENCE=56.33 | TITLE=Instagram post leads to arrest of two in wildlife poaching case in Telangana - The New Indian Express
2026-05-11 08:54:41,075 | INFO | SEMANTIC SCORE | SCORE=46.8 | TITLE=Instagram post leads to arrest of two in wildlife poaching case in Telangana - The New Indian Express
2026-05-11 08:54:41,076 | WARNING | ARTICLE REJECTED | REASON=Low confidence | TITLE=Instagram post leads to arrest of two in wildlife poaching case in Telangana - The New Indian Express
2026-05-11 08:54:42,892 | INFO | ML PREDICTION | PREDICTION=crime | CONFIDENCE=65.68 | TITLE=Half of tiger carcass found in Karnataka's MM Hills Wildlife Sanctuary, poaching suspected - The New Indian Express
2026-05-11 08:54:42,989 | INFO | SEMANTIC SCORE | SCORE=60.03 | TITLE=Half of tiger carcass found in Karnataka's MM Hills Wildlife Sanctuary, poaching suspected - The New Indian Express
2026-05-11 08:54:42,990 | WARNING | ARTICLE REJECTED | REASON=Low confidence | TITLE=Half of tiger carcass found in Karnataka's MM Hills Wildlife Sanctuary, poaching suspected - The New Indian Express
2026-05-11 08:54:45,056 | WARNING | ARTICLE REJECTED | REASON=Validated | TITLE=Wildlife Protection Act 1972, Objectives, Provisions, Significance - Vajiram & Ravi
2026-05-11 08:54:47,066 | INFO | ML PREDICTION | PREDICTION=other | CONFIDENCE=66.95 | TITLE=[Explainer] Why is India a major hub for wildlife trafficking? - Mongabay-India
2026-05-11 08:54:47,146 | INFO | SEMANTIC SCORE | SCORE=55.34 | TITLE=[Explainer] Why is India a major hub for wildlife trafficking? - Mongabay-India
2026-05-11 08:54:47,147 | WARNING | ARTICLE REJECTED | REASON=Low confidence | TITLE=[Explainer] Why is India a major hub for wildlife trafficking? - Mongabay-India
2026-05-11 08:54:49,380 | INFO | ML PREDICTION | PREDICTION=crime | CONFIDENCE=86.31 | TITLE=Indias apex tiger body flags poaching across reserves - The Tribune
2026-05-11 08:54:49,473 | INFO | SEMANTIC SCORE | SCORE=48.17 | TITLE=Indias apex tiger body flags poaching across reserves - The Tribune
2026-05-11 08:54:54,394 | WARNING | ARTICLE REJECTED | REASON=Duplicate article | TITLE=Indias apex tiger body flags poaching across reserves - The Tribune
2026-05-11 08:54:57,031 | WARNING | ARTICLE REJECTED | REASON=Validated | TITLE=India: Our endangered wildlife - a cause for concern - United Nations Office on Drugs and Crime
2026-05-11 08:55:01,331 | WARNING | ARTICLE REJECTED | REASON=Validation failure | TITLE=Wildlife Conservation Projects in India, List, Challenges, Impact - Vajiram & Ravi
2026-05-11 08:55:04,367 | WARNING | ARTICLE REJECTED | REASON=Validation failure | TITLE=Tiger population tells success of India’s wildlife conservation story but challenges remain - The Times of India
2026-05-11 08:55:07,744 | INFO | ML PREDICTION | PREDICTION=crime | CONFIDENCE=72.41 | TITLE=Reported wildlife poaching in India more than doubles during COVID-19 lockdown - TRAFFIC.org
2026-05-11 08:55:07,787 | INFO | SEMANTIC SCORE | SCORE=59.23 | TITLE=Reported wildlife poaching in India more than doubles during COVID-19 lockdown - TRAFFIC.org
2026-05-11 08:55:11,540 | WARNING | ARTICLE REJECTED | REASON=Duplicate article | TITLE=Reported wildlife poaching in India more than doubles during COVID-19 lockdown - TRAFFIC.org
2026-05-11 08:55:13,787 | INFO | ML PREDICTION | PREDICTION=crime | CONFIDENCE=56.43 | TITLE=‘Forgotten’ leopards being driven to silent extinction by poaching and trade - news - Mongabay
2026-05-11 08:55:13,881 | INFO | SEMANTIC SCORE | SCORE=58.29 | TITLE=‘Forgotten’ leopards being driven to silent extinction by poaching and trade - news - Mongabay
2026-05-11 08:55:13,883 | WARNING | ARTICLE REJECTED | REASON=Low confidence | TITLE=‘Forgotten’ leopards being driven to silent extinction by poaching and trade - news - Mongabay
2026-05-11 08:55:17,375 | INFO | ML PREDICTION | PREDICTION=crime | CONFIDENCE=70.67 | TITLE=Tiger poaching network, that spread from west to east India, busted - Mongabay-India
2026-05-11 08:55:17,458 | INFO | SEMANTIC SCORE | SCORE=52.43 | TITLE=Tiger poaching network, that spread from west to east India, busted - Mongabay-India
2026-05-11 08:55:22,917 | WARNING | ARTICLE REJECTED | REASON=Duplicate article | TITLE=Tiger poaching network, that spread from west to east India, busted - Mongabay-India
2026-05-11 08:55:26,533 | WARNING | ARTICLE REJECTED | REASON=Validated | TITLE=Inside CCMB Hyderabad—where scientists turn elephant blood, tiger bones into criminal evidence - ThePrint
2026-05-11 08:55:30,285 | INFO | ML PREDICTION | PREDICTION=crime | CONFIDENCE=79.29 | TITLE=Manas poaching case unravels global wildlife smuggling ring - The Times of India
2026-05-11 08:55:30,387 | INFO | SEMANTIC SCORE | SCORE=56.52 | TITLE=Manas poaching case unravels global wildlife smuggling ring - The Times of India
2026-05-11 08:55:34,530 | WARNING | ARTICLE REJECTED | REASON=Duplicate article | TITLE=Manas poaching case unravels global wildlife smuggling ring - The Times of India
2026-05-11 08:55:37,777 | WARNING | ARTICLE REJECTED | REASON=Validated | TITLE=India is fighting its ivory poachers with a powerful tech weapon. - Global Initiative against Transnational Organized Crime (GI-TOC)
2026-05-11 08:55:41,416 | INFO | ML PREDICTION | PREDICTION=crime | CONFIDENCE=78.23 | TITLE=Wildlife Crime Karnataka: Deer Poaching Racket Busted in Bengaluru - Deccan Herald
2026-05-11 08:55:41,465 | INFO | SEMANTIC SCORE | SCORE=66.93 | TITLE=Wildlife Crime Karnataka: Deer Poaching Racket Busted in Bengaluru - Deccan Herald
2026-05-11 08:56:00,921 | INFO | DATABASE SAVE | INCIDENT=CLUSTER-20260511085600
2026-05-11 08:56:00,921 | INFO | ARTICLE ACCEPTED | CONFIDENCE=86.19 | TITLE=Wildlife Crime Karnataka: Deer Poaching Racket Busted in Bengaluru - Deccan Herald
2026-05-11 08:56:05,299 | WARNING | ARTICLE REJECTED | REASON=Validated | TITLE=India’s tiger numbers are bouncing back - Nature
2026-05-11 08:56:07,901 | WARNING | ARTICLE REJECTED | REASON=Validated | TITLE=This invention is bad news for illegal hunters and poachers - FairPlanet
2026-05-11 08:56:10,082 | WARNING | ARTICLE REJECTED | REASON=Validated | TITLE=Vivek Menon’s Journey to Protect Elephants With 101 Corridors in India - The Better India
2026-05-11 08:56:14,749 | WARNING | ARTICLE REJECTED | REASON=Validated | TITLE=SUPER SNIFFERS - WWF India
2026-05-11 08:56:17,417 | WARNING | ARTICLE REJECTED | REASON=Validation failure | TITLE=Increase in gibbon trafficking into India has conservationists worried - news - Mongabay
2026-05-11 08:56:20,935 | INFO | ML PREDICTION | PREDICTION=other | CONFIDENCE=51.48 | TITLE=How India is curbing wildlife trafficking - DD News
2026-05-11 08:56:20,973 | INFO | SEMANTIC SCORE | SCORE=62.23 | TITLE=How India is curbing wildlife trafficking - DD News
2026-05-11 08:56:20,974 | WARNING | ARTICLE REJECTED | REASON=Low confidence | TITLE=How India is curbing wildlife trafficking - DD News
2026-05-11 08:56:23,291 | WARNING | ARTICLE REJECTED | REASON=Validated | TITLE=Radheshyam Bishnoi, defender of wildlife in Thar, ‘gone too soon’ [Obituary] - Mongabay-India
2026-05-11 08:56:27,953 | INFO | ML PREDICTION | PREDICTION=other | CONFIDENCE=59.24 | TITLE=India Has an Elephant Poaching Problem. Alia Bhatt's New Series Takes a Closer Look - Time Magazine
2026-05-11 08:56:28,025 | INFO | SEMANTIC SCORE | SCORE=34.99 | TITLE=India Has an Elephant Poaching Problem. Alia Bhatt's New Series Takes a Closer Look - Time Magazine
2026-05-11 08:56:28,026 | WARNING | ARTICLE REJECTED | REASON=Low confidence | TITLE=India Has an Elephant Poaching Problem. Alia Bhatt's New Series Takes a Closer Look - Time Magazine
2026-05-11 08:56:31,318 | INFO | ML PREDICTION | PREDICTION=crime | CONFIDENCE=55.7 | TITLE=106 AND NOT OUT: SNIFFER DOGS TACKLING WILDLIFE POACHING CROSS 100 AS NEWEST RECRUITS GRADUATE - WWF India
2026-05-11 08:56:31,445 | INFO | SEMANTIC SCORE | SCORE=57.32 | TITLE=106 AND NOT OUT: SNIFFER DOGS TACKLING WILDLIFE POACHING CROSS 100 AS NEWEST RECRUITS GRADUATE - WWF India
2026-05-11 08:56:31,446 | WARNING | ARTICLE REJECTED | REASON=Low confidence | TITLE=106 AND NOT OUT: SNIFFER DOGS TACKLING WILDLIFE POACHING CROSS 100 AS NEWEST RECRUITS GRADUATE - WWF India
2026-05-11 08:56:35,442 | INFO | ML PREDICTION | PREDICTION=other | CONFIDENCE=54.82 | TITLE=Snakes on a plane highlight Thailand-India wildlife trafficking, NGO reports - The Japan Times
2026-05-11 08:56:35,496 | INFO | SEMANTIC SCORE | SCORE=53.96 | TITLE=Snakes on a plane highlight Thailand-India wildlife trafficking, NGO reports - The Japan Times
2026-05-11 08:56:35,497 | WARNING | ARTICLE REJECTED | REASON=Low confidence | TITLE=Snakes on a plane highlight Thailand-India wildlife trafficking, NGO reports - The Japan Times
2026-05-11 08:56:39,764 | INFO | ML PREDICTION | PREDICTION=other | CONFIDENCE=70.66 | TITLE=ENFORCEMENT AGENCIES TRAIN TOGETHER TO STOP WILDLIFE TRAFFICKING ACROSS INDIA’S HIMALAYAS - WWF India
2026-05-11 08:56:39,810 | INFO | SEMANTIC SCORE | SCORE=61.13 | TITLE=ENFORCEMENT AGENCIES TRAIN TOGETHER TO STOP WILDLIFE TRAFFICKING ACROSS INDIA’S HIMALAYAS - WWF India
2026-05-11 08:56:43,705 | WARNING | ARTICLE REJECTED | REASON=Duplicate article | TITLE=ENFORCEMENT AGENCIES TRAIN TOGETHER TO STOP WILDLIFE TRAFFICKING ACROSS INDIA’S HIMALAYAS - WWF India
2026-05-11 08:56:46,516 | INFO | ML PREDICTION | PREDICTION=other | CONFIDENCE=77.53 | TITLE=BHUTAN, INDIA, AND NEPAL COLLABORATE TO COUNTER WILDLIFE TRAFFICKING IN SOUTH ASIA - WWF India
2026-05-11 08:56:46,646 | INFO | SEMANTIC SCORE | SCORE=57.18 | TITLE=BHUTAN, INDIA, AND NEPAL COLLABORATE TO COUNTER WILDLIFE TRAFFICKING IN SOUTH ASIA - WWF India
2026-05-11 08:56:50,772 | WARNING | ARTICLE REJECTED | REASON=Duplicate article | TITLE=BHUTAN, INDIA, AND NEPAL COLLABORATE TO COUNTER WILDLIFE TRAFFICKING IN SOUTH ASIA - WWF India
2026-05-11 08:56:54,072 | INFO | ML PREDICTION | PREDICTION=crime | CONFIDENCE=58.11 | TITLE=Can AI help India fight against wildlife trafficking and animal poaching? - IndiaAI
2026-05-11 08:56:54,174 | INFO | SEMANTIC SCORE | SCORE=52.5 | TITLE=Can AI help India fight against wildlife trafficking and animal poaching? - IndiaAI
2026-05-11 08:56:54,175 | WARNING | ARTICLE REJECTED | REASON=Low confidence | TITLE=Can AI help India fight against wildlife trafficking and animal poaching? - IndiaAI
2026-05-11 08:56:58,620 | INFO | ML PREDICTION | PREDICTION=crime | CONFIDENCE=63.08 | TITLE=How DNA detectives are unmasking wildlife crime in India - Nature
2026-05-11 08:56:58,714 | INFO | SEMANTIC SCORE | SCORE=55.67 | TITLE=How DNA detectives are unmasking wildlife crime in India - Nature
2026-05-11 08:56:58,715 | WARNING | ARTICLE REJECTED | REASON=Low confidence | TITLE=How DNA detectives are unmasking wildlife crime in India - Nature
2026-05-11 08:57:01,982 | INFO | ML PREDICTION | PREDICTION=crime | CONFIDENCE=81.44 | TITLE=India becoming global tiger poaching hotspot - DW.com
2026-05-11 08:57:02,036 | INFO | SEMANTIC SCORE | SCORE=49.8 | TITLE=India becoming global tiger poaching hotspot - DW.com
2026-05-11 08:57:06,166 | WARNING | ARTICLE REJECTED | REASON=Duplicate article | TITLE=India becoming global tiger poaching hotspot - DW.com
2026-05-11 08:57:10,186 | INFO | ML PREDICTION | PREDICTION=crime | CONFIDENCE=59.5 | TITLE=522 reports of wildlife poaching and trade in 2020 from India, 51 from Karnataka - The Hindu
2026-05-11 08:57:10,229 | INFO | SEMANTIC SCORE | SCORE=52.76 | TITLE=522 reports of wildlife poaching and trade in 2020 from India, 51 from Karnataka - The Hindu
2026-05-11 08:57:10,230 | WARNING | ARTICLE REJECTED | REASON=Low confidence | TITLE=522 reports of wildlife poaching and trade in 2020 from India, 51 from Karnataka - The Hindu
2026-05-11 08:57:14,503 | INFO | ML PREDICTION | PREDICTION=other | CONFIDENCE=57.04 | TITLE=WILDLIFE CRIME CONTROL BUREAU FROM INDIA AND NEPAL MEET TO STRENGTHEN COLLABORATION FOR CURBING - WWF India
2026-05-11 08:57:14,637 | INFO | SEMANTIC SCORE | SCORE=50.3 | TITLE=WILDLIFE CRIME CONTROL BUREAU FROM INDIA AND NEPAL MEET TO STRENGTHEN COLLABORATION FOR CURBING - WWF India
2026-05-11 08:57:14,638 | WARNING | ARTICLE REJECTED | REASON=Low confidence | TITLE=WILDLIFE CRIME CONTROL BUREAU FROM INDIA AND NEPAL MEET TO STRENGTHEN COLLABORATION FOR CURBING - WWF India
2026-05-11 08:57:19,115 | WARNING | ARTICLE REJECTED | REASON=Validation failure | TITLE=India’s Wildlife Conservation Milestones - Press Information Bureau
2026-05-11 08:57:22,709 | WARNING | ARTICLE REJECTED | REASON=Validation failure | TITLE=World Environment Day 2021-India’s Commitment Towards Stopping Illegal Wildlife Trafficking - Welcome to the United Nations
2026-05-11 08:57:25,211 | INFO | ML PREDICTION | PREDICTION=other | CONFIDENCE=64.79 | TITLE=India’s Wildlife Trafficking Epidemic - The Diplomat – Asia-Pacific
2026-05-11 08:57:25,382 | INFO | SEMANTIC SCORE | SCORE=70.59 | TITLE=India’s Wildlife Trafficking Epidemic - The Diplomat – Asia-Pacific
2026-05-11 08:57:29,503 | WARNING | ARTICLE REJECTED | REASON=Duplicate article | TITLE=India’s Wildlife Trafficking Epidemic - The Diplomat – Asia-Pacific
2026-05-11 08:57:33,028 | INFO | ML PREDICTION | PREDICTION=crime | CONFIDENCE=77.16 | TITLE=Poaching by organised gangs down, but ‘accidental’ deaths persist - The Times of India
2026-05-11 08:57:33,106 | INFO | SEMANTIC SCORE | SCORE=39.28 | TITLE=Poaching by organised gangs down, but ‘accidental’ deaths persist - The Times of India
2026-05-11 08:57:37,247 | WARNING | ARTICLE REJECTED | REASON=Duplicate article | TITLE=Poaching by organised gangs down, but ‘accidental’ deaths persist - The Times of India
2026-05-11 08:57:40,548 | INFO | ML PREDICTION | PREDICTION=crime | CONFIDENCE=86.29 | TITLE='Bone glue' craze driving tiger poaching in central India; MP poacher arrested - The Times of India
2026-05-11 08:57:40,643 | INFO | SEMANTIC SCORE | SCORE=56.72 | TITLE='Bone glue' craze driving tiger poaching in central India; MP poacher arrested - The Times of India
2026-05-11 08:57:44,580 | WARNING | ARTICLE REJECTED | REASON=Duplicate article | TITLE='Bone glue' craze driving tiger poaching in central India; MP poacher arrested - The Times of India
2026-05-11 08:57:49,161 | WARNING | ARTICLE REJECTED | REASON=Validated | TITLE=India and US sign wildlife agreement - Panda.org
2026-05-11 08:57:53,283 | INFO | ML PREDICTION | PREDICTION=other | CONFIDENCE=63.59 | TITLE=SOUTH ASIAN COUNTRIES MEET AGAIN TO STRENGTHEN EFFORTS TO CURB WILDLIFE TRAFFICKING - WWF India
2026-05-11 08:57:53,368 | INFO | SEMANTIC SCORE | SCORE=43.61 | TITLE=SOUTH ASIAN COUNTRIES MEET AGAIN TO STRENGTHEN EFFORTS TO CURB WILDLIFE TRAFFICKING - WWF India
2026-05-11 08:57:53,369 | WARNING | ARTICLE REJECTED | REASON=Low confidence | TITLE=SOUTH ASIAN COUNTRIES MEET AGAIN TO STRENGTHEN EFFORTS TO CURB WILDLIFE TRAFFICKING - WWF India
2026-05-11 08:57:57,026 | INFO | ML PREDICTION | PREDICTION=crime | CONFIDENCE=66.02 | TITLE=Poaching cases in India went up 151% in lockdown: TRAFFIC report - The Times of India
2026-05-11 08:57:57,129 | INFO | SEMANTIC SCORE | SCORE=41.71 | TITLE=Poaching cases in India went up 151% in lockdown: TRAFFIC report - The Times of India
2026-05-11 08:57:57,130 | WARNING | ARTICLE REJECTED | REASON=Low confidence | TITLE=Poaching cases in India went up 151% in lockdown: TRAFFIC report - The Times of India
2026-05-11 08:58:17,832 | WARNING | ARTICLE REJECTED | REASON=Validated | TITLE=TRAFFIC initiative in India warns against buying illegal wildlife products - TRAFFIC.org
2026-05-11 08:58:20,051 | INFO | ML PREDICTION | PREDICTION=other | CONFIDENCE=53.4 | TITLE=India’s mammoth problem: Elephants threatened by poaching and illegal wildlife trade - WWF India
2026-05-11 08:58:20,076 | INFO | SEMANTIC SCORE | SCORE=54.92 | TITLE=India’s mammoth problem: Elephants threatened by poaching and illegal wildlife trade - WWF India
2026-05-11 08:58:20,077 | WARNING | ARTICLE REJECTED | REASON=Low confidence | TITLE=India’s mammoth problem: Elephants threatened by poaching and illegal wildlife trade - WWF India
2026-05-11 08:58:22,756 | INFO | ML PREDICTION | PREDICTION=crime | CONFIDENCE=66.23 | TITLE=106 and Not Out: Sniffer Dogs Tackling Wildlife Poaching Passes 100 As Newest Recruits Graduate - TRAFFIC.org
2026-05-11 08:58:22,864 | INFO | SEMANTIC SCORE | SCORE=56.32 | TITLE=106 and Not Out: Sniffer Dogs Tackling Wildlife Poaching Passes 100 As Newest Recruits Graduate - TRAFFIC.org
2026-05-11 08:58:22,865 | WARNING | ARTICLE REJECTED | REASON=Low confidence | TITLE=106 and Not Out: Sniffer Dogs Tackling Wildlife Poaching Passes 100 As Newest Recruits Graduate - TRAFFIC.org
2026-05-11 08:58:26,125 | WARNING | ARTICLE REJECTED | REASON=Validated | TITLE=Can Tech Stop Animal Poachers in Their Tracks? - Mother Jones
2026-05-11 08:58:30,608 | WARNING | ARTICLE REJECTED | REASON=Validated | TITLE=As Asian Luxury Market Grows, A Surge in Tiger Killings in India - Yale E360
2026-05-11 08:58:32,057 | INFO | ML PREDICTION | PREDICTION=crime | CONFIDENCE=59.32 | TITLE=Operation Jia: How IFS Officer Sanjeev Sharma Led Himachal’s Biggest Wildlife Poaching Bust - Indianmasterminds
2026-05-11 08:58:32,098 | INFO | SEMANTIC SCORE | SCORE=49.74 | TITLE=Operation Jia: How IFS Officer Sanjeev Sharma Led Himachal’s Biggest Wildlife Poaching Bust - Indianmasterminds
2026-05-11 08:58:32,098 | WARNING | ARTICLE REJECTED | REASON=Low confidence | TITLE=Operation Jia: How IFS Officer Sanjeev Sharma Led Himachal’s Biggest Wildlife Poaching Bust - Indianmasterminds
2026-05-11 08:58:33,703 | WARNING | ARTICLE REJECTED | REASON=Validated | TITLE=Indian state OKs shooting tiger poachers on sight - Panda.org
2026-05-11 08:58:36,845 | WARNING | ARTICLE REJECTED | REASON=Validation failure | TITLE=WORLD ENVIRONMENT DAY 2021-INDIA’S COMMITMENT TOWARDS STOPPING ILLEGAL WILDLIFE TRAFFICKING - WWF India
2026-05-11 08:58:40,633 | INFO | ML PREDICTION | PREDICTION=crime | CONFIDENCE=89.23 | TITLE=Wildlife Bureau Issues 'Red Alert' Against Poaching Gangs Active In Tiger Reserves - NDTV
2026-05-11 08:58:40,850 | INFO | SEMANTIC SCORE | SCORE=56.5 | TITLE=Wildlife Bureau Issues 'Red Alert' Against Poaching Gangs Active In Tiger Reserves - NDTV
2026-05-11 08:58:48,199 | WARNING | ARTICLE REJECTED | REASON=Duplicate article | TITLE=Wildlife Bureau Issues 'Red Alert' Against Poaching Gangs Active In Tiger Reserves - NDTV
2026-05-11 08:58:50,773 | WARNING | ARTICLE REJECTED | REASON=Validated | TITLE=India's Pangolins buried in Illegal Wildlife Trade - Wildlife Trade Report from TRAFFIC - TRAFFIC.org
2026-05-11 08:58:53,976 | INFO | ML PREDICTION | PREDICTION=crime | CONFIDENCE=61.62 | TITLE=Rajasthan sees spike in wildlife poaching during COVID-19 lockdown - Mongabay-India
2026-05-11 08:58:54,053 | INFO | SEMANTIC SCORE | SCORE=52.09 | TITLE=Rajasthan sees spike in wildlife poaching during COVID-19 lockdown - Mongabay-India
2026-05-11 08:58:54,053 | WARNING | ARTICLE REJECTED | REASON=Low confidence | TITLE=Rajasthan sees spike in wildlife poaching during COVID-19 lockdown - Mongabay-India
2026-05-11 08:58:56,944 | INFO | ML PREDICTION | PREDICTION=crime | CONFIDENCE=82.75 | TITLE=With tigers getting the spotlight, is poaching of leopards increasing in the blind spot? - Mongabay-India
2026-05-11 08:58:57,046 | INFO | SEMANTIC SCORE | SCORE=49.68 | TITLE=With tigers getting the spotlight, is poaching of leopards increasing in the blind spot? - Mongabay-India
2026-05-11 08:59:15,070 | INFO | DATABASE SAVE | INCIDENT=CLUSTER-20260511085915
2026-05-11 08:59:15,071 | INFO | ARTICLE ACCEPTED | CONFIDENCE=65.28 | TITLE=With tigers getting the spotlight, is poaching of leopards increasing in the blind spot? - Mongabay-India
2026-05-11 08:59:19,242 | WARNING | ARTICLE REJECTED | REASON=Validated | TITLE=Can big data save the last of India’s wild tigers? - ensia.com
2026-05-11 08:59:22,080 | WARNING | ARTICLE REJECTED | REASON=Validated | TITLE=India steps up efforts to combat wildlife trade - news - Mongabay
2026-05-11 08:59:24,911 | WARNING | ARTICLE REJECTED | REASON=Validated | TITLE=Illegal pangolin trade continues unabated in India - Nature
2026-05-11 08:59:26,821 | WARNING | ARTICLE REJECTED | REASON=Validation failure | TITLE=India holds first national workshop on capacity building for effective wildlife law enforcement - TRAFFIC.org
2026-05-11 08:59:28,692 | WARNING | ARTICLE REJECTED | REASON=Validated | TITLE=TRAFFIC warns against buying illegal wildlife products - WWF India
2026-05-11 08:59:30,287 | WARNING | ARTICLE REJECTED | REASON=Validation failure | TITLE=Who’s Hoo? How to identify owls in illegal wildlife trade this International Owl Awareness Day - WWF India
2026-05-11 08:59:32,151 | INFO | ML PREDICTION | PREDICTION=other | CONFIDENCE=56.29 | TITLE=Gripping docuseries "Poacher" examines shadowy world of elephant poaching in India - International Fund for Animal Welfare | IFAW
2026-05-11 08:59:32,267 | INFO | SEMANTIC SCORE | SCORE=48.51 | TITLE=Gripping docuseries "Poacher" examines shadowy world of elephant poaching in India - International Fund for Animal Welfare | IFAW
2026-05-11 08:59:32,269 | WARNING | ARTICLE REJECTED | REASON=Low confidence | TITLE=Gripping docuseries "Poacher" examines shadowy world of elephant poaching in India - International Fund for Animal Welfare | IFAW
2026-05-11 08:59:34,124 | WARNING | ARTICLE REJECTED | REASON=Validated | TITLE=India’s successful Project Tiger could do even better, say experts - Dialogue Earth
2026-05-11 08:59:36,253 | INFO | ML PREDICTION | PREDICTION=crime | CONFIDENCE=58.39 | TITLE=JUDICIARY TO HELP CURB WILDLIFE CRIME IN MEGHALAYA - WWF India
2026-05-11 08:59:36,367 | INFO | SEMANTIC SCORE | SCORE=50.16 | TITLE=JUDICIARY TO HELP CURB WILDLIFE CRIME IN MEGHALAYA - WWF India
2026-05-11 08:59:36,368 | WARNING | ARTICLE REJECTED | REASON=Low confidence | TITLE=JUDICIARY TO HELP CURB WILDLIFE CRIME IN MEGHALAYA - WWF India
2026-05-11 08:59:38,430 | WARNING | ARTICLE REJECTED | REASON=Validated | TITLE=A mutating crisis - Down To Earth
2026-05-11 08:59:40,421 | INFO | ML PREDICTION | PREDICTION=crime | CONFIDENCE=60.22 | TITLE=Jaldapara leads India’s fight against wildlife crime - Tehelka
2026-05-11 08:59:40,494 | INFO | SEMANTIC SCORE | SCORE=46.93 | TITLE=Jaldapara leads India’s fight against wildlife crime - Tehelka
2026-05-11 08:59:40,494 | WARNING | ARTICLE REJECTED | REASON=Low confidence | TITLE=Jaldapara leads India’s fight against wildlife crime - Tehelka
2026-05-11 08:59:42,894 | WARNING | ARTICLE REJECTED | REASON=Validated | TITLE=How India's First Wildlife Cyber Crime Cell Helped Nab Tiger Poachers - NDTV
2026-05-11 08:59:44,900 | WARNING | ARTICLE REJECTED | REASON=Validated | TITLE=10 of the Most Endangered Species in India - Earth.Org
2026-05-11 08:59:46,972 | WARNING | ARTICLE REJECTED | REASON=Validated | TITLE=[Interview] Richie Mehta on addressing the elephant in the room in ‘Poacher’ - Mongabay-India
2026-05-11 08:59:49,522 | WARNING | ARTICLE REJECTED | REASON=Validated | TITLE=India’s Hidden Tiger Poachers - Roads & Kingdoms
2026-05-11 08:59:51,344 | INFO | ML PREDICTION | PREDICTION=other | CONFIDENCE=54.67 | TITLE=[Interview] Major transnational wildlife crime could catch India by surprise - Mongabay-India
2026-05-11 08:59:51,432 | INFO | SEMANTIC SCORE | SCORE=49.43 | TITLE=[Interview] Major transnational wildlife crime could catch India by surprise - Mongabay-India
2026-05-11 08:59:51,433 | WARNING | ARTICLE REJECTED | REASON=Low confidence | TITLE=[Interview] Major transnational wildlife crime could catch India by surprise - Mongabay-India
2026-05-11 08:59:53,292 | WARNING | ARTICLE REJECTED | REASON=Validated | TITLE=One of the world’s most trafficked animals needs focus outside India’s protected areas - Mongabay-India
2026-05-11 08:59:55,012 | WARNING | ARTICLE REJECTED | REASON=Validated | TITLE=Superstitious Beliefs – Another Source of Demand in India’s Illegal Wildlife Trade - The Wire Science
2026-05-11 08:59:56,691 | INFO | ML PREDICTION | PREDICTION=crime | CONFIDENCE=74.17 | TITLE=Anti-poaching team nabs poachers, seizes wildlife parts - The Times of India
2026-05-11 08:59:56,746 | INFO | SEMANTIC SCORE | SCORE=45.64 | TITLE=Anti-poaching team nabs poachers, seizes wildlife parts - The Times of India
2026-05-11 08:59:56,746 | WARNING | ARTICLE REJECTED | REASON=Low confidence | TITLE=Anti-poaching team nabs poachers, seizes wildlife parts - The Times of India
2026-05-11 08:59:58,597 | INFO | ML PREDICTION | PREDICTION=crime | CONFIDENCE=50.73 | TITLE="It's cold-blooded murder": The real-life story behind Poacher, Amazon's blockbuster wildlife crime drama - BBC Wildlife Magazine
2026-05-11 08:59:58,651 | INFO | SEMANTIC SCORE | SCORE=36.54 | TITLE="It's cold-blooded murder": The real-life story behind Poacher, Amazon's blockbuster wildlife crime drama - BBC Wildlife Magazine
2026-05-11 08:59:58,652 | WARNING | ARTICLE REJECTED | REASON=Low confidence | TITLE="It's cold-blooded murder": The real-life story behind Poacher, Amazon's blockbuster wildlife crime drama - BBC Wildlife Magazine
2026-05-11 09:00:00,431 | INFO | ML PREDICTION | PREDICTION=crime | CONFIDENCE=66.66 | TITLE=IIT Madras and Harvard University Researchers Develop Algorithm to Combat Poaching - iitm.ac.in
2026-05-11 09:00:00,566 | INFO | SEMANTIC SCORE | SCORE=33.74 | TITLE=IIT Madras and Harvard University Researchers Develop Algorithm to Combat Poaching - iitm.ac.in
2026-05-11 09:00:00,567 | WARNING | ARTICLE REJECTED | REASON=Low confidence | TITLE=IIT Madras and Harvard University Researchers Develop Algorithm to Combat Poaching - iitm.ac.in
2026-05-11 09:00:02,393 | INFO | ML PREDICTION | PREDICTION=other | CONFIDENCE=67.63 | TITLE=Illegal trade of Red Pandas in India and across borders - Wildlife Trade Report from TRAFFIC - TRAFFIC.org
2026-05-11 09:00:02,525 | INFO | SEMANTIC SCORE | SCORE=60.6 | TITLE=Illegal trade of Red Pandas in India and across borders - Wildlife Trade Report from TRAFFIC - TRAFFIC.org
2026-05-11 09:00:02,527 | WARNING | ARTICLE REJECTED | REASON=Low confidence | TITLE=Illegal trade of Red Pandas in India and across borders - Wildlife Trade Report from TRAFFIC - TRAFFIC.org
2026-05-11 09:00:05,665 | WARNING | ARTICLE REJECTED | REASON=Validated | TITLE=200 big cats poached in 20 years, RTI reveals central India as hotspot - The Times of India
2026-05-11 09:00:07,941 | WARNING | ARTICLE REJECTED | REASON=Validated | TITLE=How poachers targeted areas outside protected zones to traffic 100 tigers to Myanmar - Newslaundry
2026-05-11 09:00:09,959 | WARNING | ARTICLE REJECTED | REASON=Validated | TITLE=Legendary Tigers of India | Poachers Return: How Trust Made India’s Tigers Vulnerable | Nature - PBS
2026-05-11 09:00:12,193 | INFO | ML PREDICTION | PREDICTION=crime | CONFIDENCE=76.57 | TITLE=Supreme Court seeks response from Centre for CBI probe into tiger poaching ring - The Hindu
2026-05-11 09:00:12,298 | INFO | SEMANTIC SCORE | SCORE=30.69 | TITLE=Supreme Court seeks response from Centre for CBI probe into tiger poaching ring - The Hindu
2026-05-11 09:00:12,299 | WARNING | ARTICLE REJECTED | REASON=Low confidence | TITLE=Supreme Court seeks response from Centre for CBI probe into tiger poaching ring - The Hindu
2026-05-11 09:00:14,544 | INFO | ML PREDICTION | PREDICTION=crime | CONFIDENCE=76.04 | TITLE=Corbett Tiger Poaching: CBI Names Officers, State Says Nothing Happened - The Probe
2026-05-11 09:00:14,676 | INFO | SEMANTIC SCORE | SCORE=52.23 | TITLE=Corbett Tiger Poaching: CBI Names Officers, State Says Nothing Happened - The Probe
2026-05-11 09:00:18,777 | WARNING | ARTICLE REJECTED | REASON=Duplicate article | TITLE=Corbett Tiger Poaching: CBI Names Officers, State Says Nothing Happened - The Probe
2026-05-11 09:00:20,442 | WARNING | ARTICLE REJECTED | REASON=Validated | TITLE=Madhya Pradesh's Tiger Crisis Deepens As Poachers Jailed, Death Count Soars - NDTV
2026-05-11 09:00:22,112 | INFO | ML PREDICTION | PREDICTION=crime | CONFIDENCE=82.98 | TITLE=Odisha loses another melanistic tiger to poaching; nine arrested - Business Standard
2026-05-11 09:00:22,211 | INFO | SEMANTIC SCORE | SCORE=39.54 | TITLE=Odisha loses another melanistic tiger to poaching; nine arrested - Business Standard
2026-05-11 09:00:41,964 | INFO | DATABASE SAVE | INCIDENT=POA-ODI-20260509
2026-05-11 09:00:41,964 | INFO | ARTICLE ACCEPTED | CONFIDENCE=66.35 | TITLE=Odisha loses another melanistic tiger to poaching; nine arrested - Business Standard
2026-05-11 09:00:47,045 | INFO | ML PREDICTION | PREDICTION=crime | CONFIDENCE=80.25 | TITLE=Six get three years in jail for tiger poaching in Maharashtra’s Pench Reserve - ThePrint
2026-05-11 09:00:47,124 | INFO | SEMANTIC SCORE | SCORE=53.09 | TITLE=Six get three years in jail for tiger poaching in Maharashtra’s Pench Reserve - ThePrint
2026-05-11 09:00:52,435 | WARNING | ARTICLE REJECTED | REASON=Duplicate article | TITLE=Six get three years in jail for tiger poaching in Maharashtra’s Pench Reserve - ThePrint
2026-05-11 09:00:54,824 | INFO | ML PREDICTION | PREDICTION=crime | CONFIDENCE=67.14 | TITLE=CBI probe into poaching in Corbett Tiger Reserve: SC issues notice to Centre, Uttarakhand government - The New Indian Express
2026-05-11 09:00:54,936 | INFO | SEMANTIC SCORE | SCORE=50.14 | TITLE=CBI probe into poaching in Corbett Tiger Reserve: SC issues notice to Centre, Uttarakhand government - The New Indian Express
2026-05-11 09:00:54,937 | WARNING | ARTICLE REJECTED | REASON=Low confidence | TITLE=CBI probe into poaching in Corbett Tiger Reserve: SC issues notice to Centre, Uttarakhand government - The New Indian Express
2026-05-11 09:00:57,722 | INFO | ML PREDICTION | PREDICTION=crime | CONFIDENCE=77.02 | TITLE=Poaching alarm near Ranthambhore: Seized bones show three tigers killed - The Indian Express
2026-05-11 09:00:57,777 | INFO | SEMANTIC SCORE | SCORE=53.47 | TITLE=Poaching alarm near Ranthambhore: Seized bones show three tigers killed - The Indian Express
2026-05-11 09:01:01,945 | WARNING | ARTICLE REJECTED | REASON=Duplicate article | TITLE=Poaching alarm near Ranthambhore: Seized bones show three tigers killed - The Indian Express
2026-05-11 09:01:05,633 | INFO | ML PREDICTION | PREDICTION=crime | CONFIDENCE=76.09 | TITLE=Supreme Court seeks Centre’s response on plea for CBI probe into tiger poaching | India News - Hindustan Times
2026-05-11 09:01:05,797 | INFO | SEMANTIC SCORE | SCORE=32.28 | TITLE=Supreme Court seeks Centre’s response on plea for CBI probe into tiger poaching | India News - Hindustan Times
2026-05-11 09:01:05,797 | WARNING | ARTICLE REJECTED | REASON=Low confidence | TITLE=Supreme Court seeks Centre’s response on plea for CBI probe into tiger poaching | India News - Hindustan Times
2026-05-11 09:01:09,406 | INFO | ML PREDICTION | PREDICTION=crime | CONFIDENCE=86.31 | TITLE=Indias apex tiger body flags poaching across reserves - The Tribune
2026-05-11 09:01:09,483 | INFO | SEMANTIC SCORE | SCORE=48.17 | TITLE=Indias apex tiger body flags poaching across reserves - The Tribune
2026-05-11 09:01:13,653 | WARNING | ARTICLE REJECTED | REASON=Duplicate article | TITLE=Indias apex tiger body flags poaching across reserves - The Tribune
2026-05-11 09:01:16,673 | INFO | ML PREDICTION | PREDICTION=crime | CONFIDENCE=88.65 | TITLE=9 arrested in melanistic tiger poaching case - The Times of India
2026-05-11 09:01:16,749 | INFO | SEMANTIC SCORE | SCORE=61.8 | TITLE=9 arrested in melanistic tiger poaching case - The Times of India
2026-05-11 09:01:20,774 | WARNING | ARTICLE REJECTED | REASON=Duplicate article | TITLE=9 arrested in melanistic tiger poaching case - The Times of India
2026-05-11 09:01:23,422 | WARNING | ARTICLE REJECTED | REASON=Validated | TITLE=Tiger Poached, Carcass Buried. A 'Gulf War' Claim Follows 23 Days Later - NDTV
2026-05-11 09:01:25,603 | INFO | ML PREDICTION | PREDICTION=crime | CONFIDENCE=77.34 | TITLE=Six Bawaria poachers get three years jail in landmark Tamil Nadu tiger poaching case - The New Indian Express
2026-05-11 09:01:25,694 | INFO | SEMANTIC SCORE | SCORE=56.9 | TITLE=Six Bawaria poachers get three years jail in landmark Tamil Nadu tiger poaching case - The New Indian Express
2026-05-11 09:01:29,648 | WARNING | ARTICLE REJECTED | REASON=Duplicate article | TITLE=Six Bawaria poachers get three years jail in landmark Tamil Nadu tiger poaching case - The New Indian Express
2026-05-11 09:01:31,555 | INFO | ML PREDICTION | PREDICTION=crime | CONFIDENCE=75.99 | TITLE=PIL in SC seeks CBI investigation into tiger poaching network - The Times of India
2026-05-11 09:01:31,642 | INFO | SEMANTIC SCORE | SCORE=43.66 | TITLE=PIL in SC seeks CBI investigation into tiger poaching network - The Times of India
2026-05-11 09:01:35,846 | WARNING | ARTICLE REJECTED | REASON=Duplicate article | TITLE=PIL in SC seeks CBI investigation into tiger poaching network - The Times of India
2026-05-11 09:01:37,559 | INFO | ML PREDICTION | PREDICTION=crime | CONFIDENCE=71.8 | TITLE=Bail Plea Withdrawn In Trans-Border Tiger Poaching Case As High Court Signals Rejection - The Times of India
2026-05-11 09:01:37,685 | INFO | SEMANTIC SCORE | SCORE=42.19 | TITLE=Bail Plea Withdrawn In Trans-Border Tiger Poaching Case As High Court Signals Rejection - The Times of India
2026-05-11 09:01:37,686 | WARNING | ARTICLE REJECTED | REASON=Low confidence | TITLE=Bail Plea Withdrawn In Trans-Border Tiger Poaching Case As High Court Signals Rejection - The Times of India
2026-05-11 09:01:39,760 | INFO | ML PREDICTION | PREDICTION=crime | CONFIDENCE=69.93 | TITLE=Darke Lama: Kingpin of South Asia's wildlife trafficking network, now wanted by Interpol in 2015 MP tiger - The Times of India
2026-05-11 09:01:39,840 | INFO | SEMANTIC SCORE | SCORE=73.15 | TITLE=Darke Lama: Kingpin of South Asia's wildlife trafficking network, now wanted by Interpol in 2015 MP tiger - The Times of India
2026-05-11 09:01:44,209 | WARNING | ARTICLE REJECTED | REASON=Duplicate article | TITLE=Darke Lama: Kingpin of South Asia's wildlife trafficking network, now wanted by Interpol in 2015 MP tiger - The Times of India
2026-05-11 09:01:46,116 | INFO | ML PREDICTION | PREDICTION=crime | CONFIDENCE=80.63 | TITLE=Big wildlife poaching in Bastar: Tiger, leopard skins recovered, eight held - The Times of India
2026-05-11 09:01:46,228 | INFO | SEMANTIC SCORE | SCORE=53.84 | TITLE=Big wildlife poaching in Bastar: Tiger, leopard skins recovered, eight held - The Times of India
2026-05-11 09:01:50,352 | WARNING | ARTICLE REJECTED | REASON=Duplicate article | TITLE=Big wildlife poaching in Bastar: Tiger, leopard skins recovered, eight held - The Times of India
2026-05-11 09:02:15,516 | INFO | ML PREDICTION | PREDICTION=crime | CONFIDENCE=82.77 | TITLE=Woman wanted in 2013 Akot tiger poaching case held - The Times of India
2026-05-11 09:02:15,625 | INFO | SEMANTIC SCORE | SCORE=44.64 | TITLE=Woman wanted in 2013 Akot tiger poaching case held - The Times of India
2026-05-11 09:02:19,755 | WARNING | ARTICLE REJECTED | REASON=Duplicate article | TITLE=Woman wanted in 2013 Akot tiger poaching case held - The Times of India
2026-05-11 09:02:22,214 | WARNING | ARTICLE REJECTED | REASON=Validated | TITLE=54 Tiger Deaths In Madhya Pradesh In 2025, Most Since Project Tiger Launch - NDTV
2026-05-11 09:02:28,784 | INFO | ML PREDICTION | PREDICTION=crime | CONFIDENCE=83.84 | TITLE=Is poaching the reason behind rising tiger deaths in Madhya Pradesh? - India Today
2026-05-11 09:02:28,867 | INFO | SEMANTIC SCORE | SCORE=57.96 | TITLE=Is poaching the reason behind rising tiger deaths in Madhya Pradesh? - India Today
2026-05-11 09:02:32,937 | WARNING | ARTICLE REJECTED | REASON=Duplicate article | TITLE=Is poaching the reason behind rising tiger deaths in Madhya Pradesh? - India Today
2026-05-11 09:02:35,250 | INFO | ML PREDICTION | PREDICTION=crime | CONFIDENCE=67.91 | TITLE=End of the hunt: ‘Mini Veerappan’ trapped at Mysuru Railway Station over brutal tiger poaching case - The Indian Express
2026-05-11 09:02:35,353 | INFO | SEMANTIC SCORE | SCORE=47.1 | TITLE=End of the hunt: ‘Mini Veerappan’ trapped at Mysuru Railway Station over brutal tiger poaching case - The Indian Express
2026-05-11 09:02:35,353 | WARNING | ARTICLE REJECTED | REASON=Low confidence | TITLE=End of the hunt: ‘Mini Veerappan’ trapped at Mysuru Railway Station over brutal tiger poaching case - The Indian Express
2026-05-11 09:02:37,888 | INFO | ML PREDICTION | PREDICTION=crime | CONFIDENCE=74.89 | TITLE=Woman wanted by Interpol for trafficking tiger parts arrested in India - BBC
2026-05-11 09:02:38,015 | INFO | SEMANTIC SCORE | SCORE=45.46 | TITLE=Woman wanted by Interpol for trafficking tiger parts arrested in India - BBC
2026-05-11 09:02:42,308 | WARNING | ARTICLE REJECTED | REASON=Duplicate article | TITLE=Woman wanted by Interpol for trafficking tiger parts arrested in India - BBC
2026-05-11 09:02:44,280 | INFO | ML PREDICTION | PREDICTION=crime | CONFIDENCE=85.75 | TITLE=Tiger found dead with paw missing in Madhya Pradesh, poaching suspected - The Hindu
2026-05-11 09:02:44,396 | INFO | SEMANTIC SCORE | SCORE=60.46 | TITLE=Tiger found dead with paw missing in Madhya Pradesh, poaching suspected - The Hindu
2026-05-11 09:02:50,294 | WARNING | ARTICLE REJECTED | REASON=Duplicate article | TITLE=Tiger found dead with paw missing in Madhya Pradesh, poaching suspected - The Hindu
2026-05-11 09:02:52,207 | INFO | ML PREDICTION | PREDICTION=crime | CONFIDENCE=61.99 | TITLE=MP nabs Interpol-wanted tiger trafficker in midnight raid on Indo–China border after 10-year hunt - The Times of India
2026-05-11 09:02:52,257 | INFO | SEMANTIC SCORE | SCORE=43.89 | TITLE=MP nabs Interpol-wanted tiger trafficker in midnight raid on Indo–China border after 10-year hunt - The Times of India
2026-05-11 09:02:52,257 | WARNING | ARTICLE REJECTED | REASON=Low confidence | TITLE=MP nabs Interpol-wanted tiger trafficker in midnight raid on Indo–China border after 10-year hunt - The Times of India
2026-05-11 09:02:54,091 | INFO | ML PREDICTION | PREDICTION=crime | CONFIDENCE=63.79 | TITLE=SC seeks responses of Centre, NTCA on PIL alleging organised tiger poaching, illegal wildlife racket - The New Indian Express
2026-05-11 09:02:54,149 | INFO | SEMANTIC SCORE | SCORE=42.05 | TITLE=SC seeks responses of Centre, NTCA on PIL alleging organised tiger poaching, illegal wildlife racket - The New Indian Express
2026-05-11 09:02:54,150 | WARNING | ARTICLE REJECTED | REASON=Low confidence | TITLE=SC seeks responses of Centre, NTCA on PIL alleging organised tiger poaching, illegal wildlife racket - The New Indian Express
2026-05-11 09:02:55,860 | WARNING | ARTICLE REJECTED | REASON=Validation failure | TITLE=Legendary Tigers of India documentary review: A tip-toe through a tiger reserve that serves as a clarion call against poaching - Cinema Express
2026-05-11 09:02:57,681 | INFO | ML PREDICTION | PREDICTION=crime | CONFIDENCE=73.34 | TITLE=Kerala: Forest officials bust wildlife trafficking gang trying to sell tiger skin, claws, teeth; 7 held - The Times of India
2026-05-11 09:02:57,734 | INFO | SEMANTIC SCORE | SCORE=60.94 | TITLE=Kerala: Forest officials bust wildlife trafficking gang trying to sell tiger skin, claws, teeth; 7 held - The Times of India
2026-05-11 09:03:01,670 | WARNING | ARTICLE REJECTED | REASON=Duplicate article | TITLE=Kerala: Forest officials bust wildlife trafficking gang trying to sell tiger skin, claws, teeth; 7 held - The Times of India
2026-05-11 09:03:04,304 | INFO | ML PREDICTION | PREDICTION=crime | CONFIDENCE=63.88 | TITLE=Uttarakhand activist seeks lifting of SC stay to revive CBI probe into Corbett tiger poaching - The New Indian Express
2026-05-11 09:03:04,432 | INFO | SEMANTIC SCORE | SCORE=40.25 | TITLE=Uttarakhand activist seeks lifting of SC stay to revive CBI probe into Corbett tiger poaching - The New Indian Express
2026-05-11 09:03:04,433 | WARNING | ARTICLE REJECTED | REASON=Low confidence | TITLE=Uttarakhand activist seeks lifting of SC stay to revive CBI probe into Corbett tiger poaching - The New Indian Express
2026-05-11 09:03:07,264 | WARNING | ARTICLE REJECTED | REASON=Validated | TITLE=Tiger Mortality In India: Maharashtra Reported 41 Deaths In 2025 - Outlook Traveller
2026-05-11 09:03:10,641 | INFO | ML PREDICTION | PREDICTION=crime | CONFIDENCE=85.68 | TITLE=Chhattisgarh HC takes cognizance of illegal tiger poaching in Revti Forest | SCC Times - SCC Online
2026-05-11 09:03:10,701 | INFO | SEMANTIC SCORE | SCORE=53.96 | TITLE=Chhattisgarh HC takes cognizance of illegal tiger poaching in Revti Forest | SCC Times - SCC Online
2026-05-11 09:03:16,631 | WARNING | ARTICLE REJECTED | REASON=Duplicate article | TITLE=Chhattisgarh HC takes cognizance of illegal tiger poaching in Revti Forest | SCC Times - SCC Online
2026-05-11 09:03:19,325 | WARNING | ARTICLE REJECTED | REASON=Validated | TITLE=Internat’l tiger poacher ‘Kalla Bawriya’ gets 4 years in jail - The Times of India
2026-05-11 09:03:23,260 | WARNING | ARTICLE REJECTED | REASON=Validated | TITLE=International tiger trafficker held by M.P. tiger strike force from Sikkim - The Hindu
2026-05-11 09:03:26,545 | INFO | ML PREDICTION | PREDICTION=crime | CONFIDENCE=58.82 | TITLE=Activist urges Supreme Court to revive stalled 2016 Corbett poaching probe - India Today
2026-05-11 09:03:26,598 | INFO | SEMANTIC SCORE | SCORE=35.45 | TITLE=Activist urges Supreme Court to revive stalled 2016 Corbett poaching probe - India Today
2026-05-11 09:03:26,599 | WARNING | ARTICLE REJECTED | REASON=Low confidence | TITLE=Activist urges Supreme Court to revive stalled 2016 Corbett poaching probe - India Today
2026-05-11 09:03:30,111 | WARNING | ARTICLE REJECTED | REASON=Validated | TITLE=India loses 166 tigers in 2025, forty more than previous year; MP accounts for 55 deaths - The Economic Times
2026-05-11 09:03:33,067 | INFO | ML PREDICTION | PREDICTION=crime | CONFIDENCE=86.35 | TITLE=Interpol alert on MP tiger poaching suspect; STSF first in Asia to secure RCN in environmental case - The Times of India
2026-05-11 09:03:33,161 | INFO | SEMANTIC SCORE | SCORE=46.12 | TITLE=Interpol alert on MP tiger poaching suspect; STSF first in Asia to secure RCN in environmental case - The Times of India
2026-05-11 09:03:38,345 | WARNING | ARTICLE REJECTED | REASON=Duplicate article | TITLE=Interpol alert on MP tiger poaching suspect; STSF first in Asia to secure RCN in environmental case - The Times of India
2026-05-11 09:03:42,045 | INFO | ML PREDICTION | PREDICTION=crime | CONFIDENCE=86.29 | TITLE='Bone glue' craze driving tiger poaching in central India; MP poacher arrested - The Times of India
2026-05-11 09:03:42,193 | INFO | SEMANTIC SCORE | SCORE=56.72 | TITLE='Bone glue' craze driving tiger poaching in central India; MP poacher arrested - The Times of India
2026-05-11 09:03:46,377 | WARNING | ARTICLE REJECTED | REASON=Duplicate article | TITLE='Bone glue' craze driving tiger poaching in central India; MP poacher arrested - The Times of India
2026-05-11 09:03:49,246 | INFO | ML PREDICTION | PREDICTION=crime | CONFIDENCE=80.42 | TITLE=Bones seized from poachers show 3 tigers killed in MP-Raj corridor - The Times of India
2026-05-11 09:03:49,313 | INFO | SEMANTIC SCORE | SCORE=55.11 | TITLE=Bones seized from poachers show 3 tigers killed in MP-Raj corridor - The Times of India
2026-05-11 09:03:53,161 | WARNING | ARTICLE REJECTED | REASON=Duplicate article | TITLE=Bones seized from poachers show 3 tigers killed in MP-Raj corridor - The Times of India
2026-05-11 09:03:57,100 | INFO | ML PREDICTION | PREDICTION=crime | CONFIDENCE=68.5 | TITLE=Interpol issues Red Corner notice to international tiger smuggler for illegal poaching in Madhya Pradesh - The New Indian Express
2026-05-11 09:03:57,183 | INFO | SEMANTIC SCORE | SCORE=34.46 | TITLE=Interpol issues Red Corner notice to international tiger smuggler for illegal poaching in Madhya Pradesh - The New Indian Express
2026-05-11 09:03:57,184 | WARNING | ARTICLE REJECTED | REASON=Low confidence | TITLE=Interpol issues Red Corner notice to international tiger smuggler for illegal poaching in Madhya Pradesh - The New Indian Express
2026-05-11 09:04:01,074 | WARNING | ARTICLE REJECTED | REASON=Validated | TITLE=How the Tiger Became an Indian National Symbol - New Lines Magazine
2026-05-11 09:04:03,473 | INFO | ML PREDICTION | PREDICTION=crime | CONFIDENCE=62.55 | TITLE=Inside India’s biggest tiger poaching syndicate: 100+ big cats killed, digital payments tracked - Moneycontrol.com
2026-05-11 09:04:03,612 | INFO | SEMANTIC SCORE | SCORE=53.34 | TITLE=Inside India’s biggest tiger poaching syndicate: 100+ big cats killed, digital payments tracked - Moneycontrol.com
2026-05-11 09:04:03,613 | WARNING | ARTICLE REJECTED | REASON=Low confidence | TITLE=Inside India’s biggest tiger poaching syndicate: 100+ big cats killed, digital payments tracked - Moneycontrol.com
2026-05-11 09:04:05,672 | WARNING | ARTICLE REJECTED | REASON=Validated | TITLE=How Anil Mistry Went From Poacher to Saving 70 Tigers in Sundarbans - The Better India
2026-05-11 09:04:07,776 | INFO | ML PREDICTION | PREDICTION=crime | CONFIDENCE=66.35 | TITLE=Ranthambore poaching alarm: Bones of three tigers recovered, DNA tests underway - Telegraph India
2026-05-11 09:04:07,890 | INFO | SEMANTIC SCORE | SCORE=48.21 | TITLE=Ranthambore poaching alarm: Bones of three tigers recovered, DNA tests underway - Telegraph India
2026-05-11 09:04:07,892 | WARNING | ARTICLE REJECTED | REASON=Low confidence | TITLE=Ranthambore poaching alarm: Bones of three tigers recovered, DNA tests underway - Telegraph India
2026-05-11 09:04:10,008 | INFO | ML PREDICTION | PREDICTION=crime | CONFIDENCE=70.67 | TITLE=Tiger poaching network, that spread from west to east India, busted - Mongabay-India
2026-05-11 09:04:10,076 | INFO | SEMANTIC SCORE | SCORE=52.43 | TITLE=Tiger poaching network, that spread from west to east India, busted - Mongabay-India
2026-05-11 09:04:14,291 | WARNING | ARTICLE REJECTED | REASON=Duplicate article | TITLE=Tiger poaching network, that spread from west to east India, busted - Mongabay-India
2026-05-11 09:04:16,504 | INFO | ML PREDICTION | PREDICTION=crime | CONFIDENCE=67.41 | TITLE=Poaching threats rise in Ranthambore after recovery of bones of three tigers - The New Indian Express
2026-05-11 09:04:16,595 | INFO | SEMANTIC SCORE | SCORE=50.89 | TITLE=Poaching threats rise in Ranthambore after recovery of bones of three tigers - The New Indian Express
2026-05-11 09:04:16,596 | WARNING | ARTICLE REJECTED | REASON=Low confidence | TITLE=Poaching threats rise in Ranthambore after recovery of bones of three tigers - The New Indian Express
2026-05-11 09:04:18,528 | INFO | ML PREDICTION | PREDICTION=crime | CONFIDENCE=65.68 | TITLE=Half of tiger carcass found in Karnataka's MM Hills Wildlife Sanctuary, poaching suspected - The New Indian Express
2026-05-11 09:04:18,607 | INFO | SEMANTIC SCORE | SCORE=60.03 | TITLE=Half of tiger carcass found in Karnataka's MM Hills Wildlife Sanctuary, poaching suspected - The New Indian Express
2026-05-11 09:04:18,608 | WARNING | ARTICLE REJECTED | REASON=Low confidence | TITLE=Half of tiger carcass found in Karnataka's MM Hills Wildlife Sanctuary, poaching suspected - The New Indian Express
2026-05-11 09:04:20,566 | INFO | ML PREDICTION | PREDICTION=crime | CONFIDENCE=88.66 | TITLE=Six sentenced to three years imprisonment in tiger poaching case - The Hindu
2026-05-11 09:04:20,607 | INFO | SEMANTIC SCORE | SCORE=56.83 | TITLE=Six sentenced to three years imprisonment in tiger poaching case - The Hindu
2026-05-11 09:04:24,492 | WARNING | ARTICLE REJECTED | REASON=Duplicate article | TITLE=Six sentenced to three years imprisonment in tiger poaching case - The Hindu
2026-05-11 09:04:26,302 | INFO | ML PREDICTION | PREDICTION=crime | CONFIDENCE=77.27 | TITLE=Tiger Poaching Strikes Karnataka’s MM Hills Sanctuary Again: Minister Orders High-Level Probe - News18
2026-05-11 09:04:26,449 | INFO | SEMANTIC SCORE | SCORE=55.16 | TITLE=Tiger Poaching Strikes Karnataka’s MM Hills Sanctuary Again: Minister Orders High-Level Probe - News18
2026-05-11 09:04:30,708 | WARNING | ARTICLE REJECTED | REASON=Duplicate article | TITLE=Tiger Poaching Strikes Karnataka’s MM Hills Sanctuary Again: Minister Orders High-Level Probe - News18
2026-05-11 09:04:32,856 | INFO | ML PREDICTION | PREDICTION=crime | CONFIDENCE=73.43 | TITLE=Black tiger skin seized in Similipal - The Hans India
2026-05-11 09:04:32,947 | INFO | SEMANTIC SCORE | SCORE=55.52 | TITLE=Black tiger skin seized in Similipal - The Hans India
2026-05-11 09:04:37,229 | WARNING | ARTICLE REJECTED | REASON=Duplicate article | TITLE=Black tiger skin seized in Similipal - The Hans India
2026-05-11 09:04:39,236 | INFO | ML PREDICTION | PREDICTION=crime | CONFIDENCE=63.31 | TITLE=HC indicates it may not give bail, poaching accused withdraws plea - The Times of India
2026-05-11 09:04:39,338 | INFO | SEMANTIC SCORE | SCORE=23.32 | TITLE=HC indicates it may not give bail, poaching accused withdraws plea - The Times of India
2026-05-11 09:04:39,338 | WARNING | ARTICLE REJECTED | REASON=Low confidence | TITLE=HC indicates it may not give bail, poaching accused withdraws plea - The Times of India
2026-05-11 09:04:41,434 | WARNING | ARTICLE REJECTED | REASON=Validated | TITLE=Big cat, big loss: In 4 years, Maharashtra has lost 142 tigers, 537 leopards, reveals RTI query - The Times of India
2026-05-11 09:04:43,515 | WARNING | ARTICLE REJECTED | REASON=Validated | TITLE=After 10-year chase, wildlife sleuths nab Interpol-wanted tiger trafficker ‘ghost’ from Indo-China border - The Times of India
2026-05-11 09:04:45,422 | WARNING | ARTICLE REJECTED | REASON=Validated | TITLE=Poisoned, buried, covered up: Tigress death sparks outrage in MP - Down To Earth
2026-05-11 09:04:47,568 | INFO | ML PREDICTION | PREDICTION=crime | CONFIDENCE=98.25 | TITLE=Concerns over poaching in Ranthambore Tiger Reserve grow after bones of three tigers found - ThePrint
2026-05-11 09:04:47,680 | INFO | SEMANTIC SCORE | SCORE=49.17 | TITLE=Concerns over poaching in Ranthambore Tiger Reserve grow after bones of three tigers found - ThePrint
2026-05-11 09:04:52,663 | WARNING | ARTICLE REJECTED | REASON=Duplicate article | TITLE=Concerns over poaching in Ranthambore Tiger Reserve grow after bones of three tigers found - ThePrint
2026-05-11 09:04:54,471 | INFO | ML PREDICTION | PREDICTION=crime | CONFIDENCE=78.62 | TITLE=“Very Serious”: Chhattisgarh High Court Takes Suo-Motu Cognizance of Alleged Tiger Poaching After... - Live Law
2026-05-11 09:04:54,558 | INFO | SEMANTIC SCORE | SCORE=53.8 | TITLE=“Very Serious”: Chhattisgarh High Court Takes Suo-Motu Cognizance of Alleged Tiger Poaching After... - Live Law
2026-05-11 09:04:58,370 | WARNING | ARTICLE REJECTED | REASON=Duplicate article | TITLE=“Very Serious”: Chhattisgarh High Court Takes Suo-Motu Cognizance of Alleged Tiger Poaching After... - Live Law
2026-05-11 09:05:00,262 | INFO | ML PREDICTION | PREDICTION=crime | CONFIDENCE=72.75 | TITLE=Why Are Tigers Dying in MP? High Court Acts After 54 Deaths Spark Poaching and Safety Concerns - Indianmasterminds
2026-05-11 09:05:00,319 | INFO | SEMANTIC SCORE | SCORE=44.76 | TITLE=Why Are Tigers Dying in MP? High Court Acts After 54 Deaths Spark Poaching and Safety Concerns - Indianmasterminds
2026-05-11 09:05:00,319 | WARNING | ARTICLE REJECTED | REASON=Low confidence | TITLE=Why Are Tigers Dying in MP? High Court Acts After 54 Deaths Spark Poaching and Safety Concerns - Indianmasterminds
2026-05-11 09:05:02,211 | INFO | ML PREDICTION | PREDICTION=crime | CONFIDENCE=69.23 | TITLE=Rare Black Tiger Poached in Similipal; 12 Arrested, Mastermind Free - Asianet Newsable
2026-05-11 09:05:02,278 | INFO | SEMANTIC SCORE | SCORE=51.35 | TITLE=Rare Black Tiger Poached in Similipal; 12 Arrested, Mastermind Free - Asianet Newsable
2026-05-11 09:05:02,279 | WARNING | ARTICLE REJECTED | REASON=Low confidence | TITLE=Rare Black Tiger Poached in Similipal; 12 Arrested, Mastermind Free - Asianet Newsable
2026-05-11 09:05:04,081 | WARNING | ARTICLE REJECTED | REASON=Validated | TITLE=The heroes who saved the world's last tigers - National Geographic
2026-05-11 09:05:05,938 | INFO | ML PREDICTION | PREDICTION=crime | CONFIDENCE=89.82 | TITLE=MP: 5 held in Umaria tiger poaching, electrocution trap used​ - english.punjabkesari.com
2026-05-11 09:05:06,022 | INFO | SEMANTIC SCORE | SCORE=47.34 | TITLE=MP: 5 held in Umaria tiger poaching, electrocution trap used​ - english.punjabkesari.com
2026-05-11 09:05:12,094 | WARNING | ARTICLE REJECTED | REASON=Duplicate article | TITLE=MP: 5 held in Umaria tiger poaching, electrocution trap used​ - english.punjabkesari.com
2026-05-11 09:05:14,106 | INFO | ML PREDICTION | PREDICTION=crime | CONFIDENCE=81.44 | TITLE=India becoming global tiger poaching hotspot - DW.com
2026-05-11 09:05:14,180 | INFO | SEMANTIC SCORE | SCORE=49.8 | TITLE=India becoming global tiger poaching hotspot - DW.com
2026-05-11 09:05:18,397 | WARNING | ARTICLE REJECTED | REASON=Duplicate article | TITLE=India becoming global tiger poaching hotspot - DW.com
2026-05-11 09:05:20,360 | WARNING | ARTICLE REJECTED | REASON=Validated | TITLE=NDTV Exclusive: Mystery Deaths In Satpura Tiger Reserve, Letter Points To Lapses - NDTV
2026-05-11 09:05:23,507 | INFO | ML PREDICTION | PREDICTION=other | CONFIDENCE=51.01 | TITLE=How India Is Using AI to Stop Poaching: 5 Tech Initiatives Protecting Wildlife - The Better India
2026-05-11 09:05:23,558 | INFO | SEMANTIC SCORE | SCORE=44.32 | TITLE=How India Is Using AI to Stop Poaching: 5 Tech Initiatives Protecting Wildlife - The Better India
2026-05-11 09:05:23,559 | WARNING | ARTICLE REJECTED | REASON=Low confidence | TITLE=How India Is Using AI to Stop Poaching: 5 Tech Initiatives Protecting Wildlife - The Better India
2026-05-11 09:05:25,423 | WARNING | ARTICLE REJECTED | REASON=Validated | TITLE=Big cats in danger: Karnataka has lost 82 tigers in last five years - Bangalore Mirror
2026-05-11 09:05:27,500 | WARNING | ARTICLE REJECTED | REASON=Validated | TITLE=Three poached tigers traced to R’bore, DNA matching awaited - The Times of India
2026-05-11 09:05:29,160 | WARNING | ARTICLE REJECTED | REASON=Validated | TITLE=As Asian Luxury Market Grows, A Surge in Tiger Killings in India - Yale E360
2026-05-11 09:05:30,923 | WARNING | ARTICLE REJECTED | REASON=Validated | TITLE=Tiger Deaths And Releases Spark Tension Across India - Evrim Ağacı
2026-05-11 09:05:32,397 | WARNING | ARTICLE REJECTED | REASON=Validated | TITLE=India’s tiger numbers are bouncing back - Nature
2026-05-11 09:05:34,918 | WARNING | ARTICLE REJECTED | REASON=Validated | TITLE=India’s Hidden Tiger Poachers - Roads & Kingdoms
2026-05-11 09:05:36,802 | WARNING | ARTICLE REJECTED | REASON=Validated | TITLE=Can big data save the last of India’s wild tigers? - ensia.com
2026-05-11 09:05:38,867 | INFO | ML PREDICTION | PREDICTION=crime | CONFIDENCE=77.01 | TITLE=Maharashtra to involve central probe agencies to curb tiger poaching - The Hindu
2026-05-11 09:05:38,974 | INFO | SEMANTIC SCORE | SCORE=49.74 | TITLE=Maharashtra to involve central probe agencies to curb tiger poaching - The Hindu
2026-05-11 09:05:43,209 | WARNING | ARTICLE REJECTED | REASON=Duplicate article | TITLE=Maharashtra to involve central probe agencies to curb tiger poaching - The Hindu
2026-05-11 09:05:45,582 | WARNING | ARTICLE REJECTED | REASON=Validated | TITLE=IFS Satyam Kumar: The Officer Who Took on Ivory Traffickers and Tiger Poachers Across Jharkhand - Indianmasterminds
2026-05-11 09:05:48,274 | INFO | ML PREDICTION | PREDICTION=crime | CONFIDENCE=77.16 | TITLE=Poaching by organised gangs down, but ‘accidental’ deaths persist - The Times of India
2026-05-11 09:05:48,363 | INFO | SEMANTIC SCORE | SCORE=39.28 | TITLE=Poaching by organised gangs down, but ‘accidental’ deaths persist - The Times of India
2026-05-11 09:05:55,154 | WARNING | ARTICLE REJECTED | REASON=Duplicate article | TITLE=Poaching by organised gangs down, but ‘accidental’ deaths persist - The Times of India
2026-05-11 09:05:58,271 | WARNING | ARTICLE REJECTED | REASON=Validated | TITLE=How tiger poachers are dabbling in a dangerous game of drugs - The Federal
2026-05-11 09:07:10,471 | INFO | ML PREDICTION | PREDICTION=crime | CONFIDENCE=88.6 | TITLE=MP: 5 held in Umaria tiger poaching, electrocution trap used​ - Social News XYZ
2026-05-11 09:07:10,506 | INFO | SEMANTIC SCORE | SCORE=37.71 | TITLE=MP: 5 held in Umaria tiger poaching, electrocution trap used​ - Social News XYZ
2026-05-11 09:07:13,294 | WARNING | ARTICLE REJECTED | REASON=Duplicate article | TITLE=MP: 5 held in Umaria tiger poaching, electrocution trap used​ - Social News XYZ
2026-05-11 09:07:15,024 | WARNING | ARTICLE REJECTED | REASON=Validated | TITLE=Authorities bust smugglers attempting to sell shocking contraband: 'We are following all leads to identify the source' - The Cool Down
2026-05-11 09:07:17,078 | INFO | ML PREDICTION | PREDICTION=crime | CONFIDENCE=81.0 | TITLE=Chargesheet filed in Rajura tiger poaching case, probe reveals international smuggling network - The Times of India
2026-05-11 09:07:17,169 | INFO | SEMANTIC SCORE | SCORE=48.7 | TITLE=Chargesheet filed in Rajura tiger poaching case, probe reveals international smuggling network - The Times of India
2026-05-11 09:07:21,350 | WARNING | ARTICLE REJECTED | REASON=Duplicate article | TITLE=Chargesheet filed in Rajura tiger poaching case, probe reveals international smuggling network - The Times of India
2026-05-11 09:07:23,621 | WARNING | ARTICLE REJECTED | REASON=Validated | TITLE=Indian state OKs shooting tiger poachers on sight - Panda.org
2026-05-11 09:07:25,670 | INFO | ML PREDICTION | PREDICTION=crime | CONFIDENCE=89.44 | TITLE=Tiger deaths decline in India by 37% in 2024, poaching cases drop significantly: NTCA finding - The Times of India
2026-05-11 09:07:25,774 | INFO | SEMANTIC SCORE | SCORE=48.69 | TITLE=Tiger deaths decline in India by 37% in 2024, poaching cases drop significantly: NTCA finding - The Times of India
2026-05-11 09:07:30,299 | WARNING | ARTICLE REJECTED | REASON=Duplicate article | TITLE=Tiger deaths decline in India by 37% in 2024, poaching cases drop significantly: NTCA finding - The Times of India
2026-05-11 09:07:32,987 | INFO | ML PREDICTION | PREDICTION=crime | CONFIDENCE=60.72 | TITLE=Over 100 tigers poached in 5 yrs bygangs linked to intl smuggling rings - The Times of India
2026-05-11 09:07:33,091 | INFO | SEMANTIC SCORE | SCORE=43.02 | TITLE=Over 100 tigers poached in 5 yrs bygangs linked to intl smuggling rings - The Times of India
2026-05-11 09:07:33,092 | WARNING | ARTICLE REJECTED | REASON=Low confidence | TITLE=Over 100 tigers poached in 5 yrs bygangs linked to intl smuggling rings - The Times of India
2026-05-11 09:07:35,638 | WARNING | ARTICLE REJECTED | REASON=Validation failure | TITLE=International Tiger Day 2025: Theme and What are Tiger Conservation Efforts? - Jagran Josh
2026-05-11 09:07:37,910 | WARNING | ARTICLE REJECTED | REASON=Validated | TITLE=UPSC Editorial Analysis: Reviving the Tiger’s Prey Base - INSIGHTS IAS
2026-05-11 09:07:40,634 | WARNING | ARTICLE REJECTED | REASON=Validated | TITLE=Shocker in wild: Poachers admit to killing two tigers in Balaghat - The Times of India
2026-05-11 09:07:42,533 | WARNING | ARTICLE REJECTED | REASON=Validated | TITLE=India’s successful Project Tiger could do even better, say experts - Dialogue Earth
2026-05-11 09:07:44,071 | INFO | ML PREDICTION | PREDICTION=crime | CONFIDENCE=80.89 | TITLE=Major tiger poaching gang from Haryana busted in G’chiroli, 11 held - The Times of India
2026-05-11 09:07:44,169 | INFO | SEMANTIC SCORE | SCORE=64.46 | TITLE=Major tiger poaching gang from Haryana busted in G’chiroli, 11 held - The Times of India
2026-05-11 09:07:49,854 | WARNING | ARTICLE REJECTED | REASON=Duplicate article | TITLE=Major tiger poaching gang from Haryana busted in G’chiroli, 11 held - The Times of India
2026-05-11 09:07:51,996 | WARNING | ARTICLE REJECTED | REASON=Validated | TITLE=More tigers poached in India so far this year than in 2015 - The Guardian
2026-05-11 09:07:54,035 | INFO | ML PREDICTION | PREDICTION=crime | CONFIDENCE=73.22 | TITLE=Tiger poaching: Chandrapur to Aizawl, investigation tracked bank SMS, social media posts, tip-off from Shillong church - The Indian Express
2026-05-11 09:07:54,164 | INFO | SEMANTIC SCORE | SCORE=44.65 | TITLE=Tiger poaching: Chandrapur to Aizawl, investigation tracked bank SMS, social media posts, tip-off from Shillong church - The Indian Express
2026-05-11 09:08:13,621 | INFO | DATABASE SAVE | INCIDENT=CLUSTER-20260511090813
2026-05-11 09:08:13,622 | INFO | ARTICLE ACCEPTED | CONFIDENCE=63.0 | TITLE=Tiger poaching: Chandrapur to Aizawl, investigation tracked bank SMS, social media posts, tip-off from Shillong church - The Indian Express
2026-05-11 09:08:16,752 | INFO | ML PREDICTION | PREDICTION=crime | CONFIDENCE=70.0 | TITLE=Poaching gang confesses to killing 2 tigers in Madhya Pradesh, STSF launches probe - The Times of India
2026-05-11 09:08:16,849 | INFO | SEMANTIC SCORE | SCORE=57.38 | TITLE=Poaching gang confesses to killing 2 tigers in Madhya Pradesh, STSF launches probe - The Times of India
2026-05-11 09:08:21,289 | WARNING | ARTICLE REJECTED | REASON=Duplicate article | TITLE=Poaching gang confesses to killing 2 tigers in Madhya Pradesh, STSF launches probe - The Times of India
2026-05-11 09:08:23,185 | INFO | ML PREDICTION | PREDICTION=crime | CONFIDENCE=72.24 | TITLE=Uttarakhand High Court warns of referring tiger poaching case to CBI - The Indian Express
2026-05-11 09:08:23,230 | INFO | SEMANTIC SCORE | SCORE=51.61 | TITLE=Uttarakhand High Court warns of referring tiger poaching case to CBI - The Indian Express
2026-05-11 09:08:29,158 | WARNING | ARTICLE REJECTED | REASON=Duplicate article | TITLE=Uttarakhand High Court warns of referring tiger poaching case to CBI - The Indian Express
2026-05-11 09:08:31,313 | INFO | ML PREDICTION | PREDICTION=crime | CONFIDENCE=69.33 | TITLE=3 years, 100 tigers killed & counting: new-age poaching mafia taps tech, digital payments, hawala networks - The Indian Express
2026-05-11 09:08:31,475 | INFO | SEMANTIC SCORE | SCORE=43.79 | TITLE=3 years, 100 tigers killed & counting: new-age poaching mafia taps tech, digital payments, hawala networks - The Indian Express
2026-05-11 09:08:31,475 | WARNING | ARTICLE REJECTED | REASON=Low confidence | TITLE=3 years, 100 tigers killed & counting: new-age poaching mafia taps tech, digital payments, hawala networks - The Indian Express
2026-05-11 09:08:35,523 | INFO | ML PREDICTION | PREDICTION=crime | CONFIDENCE=95.1 | TITLE=Mapping areas most vulnerable to poaching and trafficking of tigers | Janaki Lenin - The Guardian
2026-05-11 09:08:35,640 | INFO | SEMANTIC SCORE | SCORE=47.4 | TITLE=Mapping areas most vulnerable to poaching and trafficking of tigers | Janaki Lenin - The Guardian
2026-05-11 09:08:39,842 | WARNING | ARTICLE REJECTED | REASON=Duplicate article | TITLE=Mapping areas most vulnerable to poaching and trafficking of tigers | Janaki Lenin - The Guardian
2026-05-11 09:08:41,782 | INFO | ML PREDICTION | PREDICTION=crime | CONFIDENCE=90.84 | TITLE=Maharashtra Tiger Deaths: 8 Deaths in January 2025 Include Suspected Poaching Cases - Frontline Magazine
2026-05-11 09:08:41,899 | INFO | SEMANTIC SCORE | SCORE=50.22 | TITLE=Maharashtra Tiger Deaths: 8 Deaths in January 2025 Include Suspected Poaching Cases - Frontline Magazine
2026-05-11 09:08:45,729 | WARNING | ARTICLE REJECTED | REASON=Duplicate article | TITLE=Maharashtra Tiger Deaths: 8 Deaths in January 2025 Include Suspected Poaching Cases - Frontline Magazine
2026-05-11 09:08:47,660 | INFO | ML PREDICTION | PREDICTION=crime | CONFIDENCE=76.36 | TITLE=Skin and Bones: Tiger Trafficking Analysis from January 2000–June 2022 - Wildlife Trade Report from TRAFFIC - TRAFFIC.org
2026-05-11 09:08:47,744 | INFO | SEMANTIC SCORE | SCORE=55.77 | TITLE=Skin and Bones: Tiger Trafficking Analysis from January 2000–June 2022 - Wildlife Trade Report from TRAFFIC - TRAFFIC.org
2026-05-11 09:08:51,990 | WARNING | ARTICLE REJECTED | REASON=Duplicate article | TITLE=Skin and Bones: Tiger Trafficking Analysis from January 2000–June 2022 - Wildlife Trade Report from TRAFFIC - TRAFFIC.org
2026-05-11 09:08:54,718 | INFO | ML PREDICTION | PREDICTION=crime | CONFIDENCE=58.59 | TITLE=Human-animal conflict, poaching in focus, Centre plans to roll out project to manage tigers outside reserves - The Indian Express
2026-05-11 09:08:54,801 | INFO | SEMANTIC SCORE | SCORE=45.82 | TITLE=Human-animal conflict, poaching in focus, Centre plans to roll out project to manage tigers outside reserves - The Indian Express
2026-05-11 09:08:54,802 | WARNING | ARTICLE REJECTED | REASON=Low confidence | TITLE=Human-animal conflict, poaching in focus, Centre plans to roll out project to manage tigers outside reserves - The Indian Express
2026-05-11 09:08:58,429 | INFO | ML PREDICTION | PREDICTION=crime | CONFIDENCE=88.3 | TITLE=How the Dhonk Center is employing women and putting a stop to tiger poaching - Contiki
2026-05-11 09:08:58,506 | INFO | SEMANTIC SCORE | SCORE=30.18 | TITLE=How the Dhonk Center is employing women and putting a stop to tiger poaching - Contiki
2026-05-11 09:09:15,862 | INFO | DATABASE SAVE | INCIDENT=CLUSTER-20260511090915
2026-05-11 09:09:15,862 | INFO | ARTICLE ACCEPTED | CONFIDENCE=62.2 | TITLE=How the Dhonk Center is employing women and putting a stop to tiger poaching - Contiki
2026-05-11 09:09:19,042 | WARNING | ARTICLE REJECTED | REASON=Validation failure | TITLE=670 tigers dead in 5 years in India, Bombay HC calls for urgent conservation measures - The Times of India
2026-05-11 09:09:21,794 | INFO | ML PREDICTION | PREDICTION=crime | CONFIDENCE=91.5 | TITLE=India Has Had More Cases Of Tiger Poaching This Year Than The Whole Of 2015 - homegrown.co.in
2026-05-11 09:09:21,846 | INFO | SEMANTIC SCORE | SCORE=60.96 | TITLE=India Has Had More Cases Of Tiger Poaching This Year Than The Whole Of 2015 - homegrown.co.in
2026-05-11 09:09:25,919 | WARNING | ARTICLE REJECTED | REASON=Duplicate article | TITLE=India Has Had More Cases Of Tiger Poaching This Year Than The Whole Of 2015 - homegrown.co.in
2026-05-11 09:09:29,374 | INFO | ML PREDICTION | PREDICTION=crime | CONFIDENCE=67.85 | TITLE=How the return of poaching threatens India’s tiger success story - The Independent
2026-05-11 09:09:29,463 | INFO | SEMANTIC SCORE | SCORE=45.03 | TITLE=How the return of poaching threatens India’s tiger success story - The Independent
2026-05-11 09:09:29,464 | WARNING | ARTICLE REJECTED | REASON=Low confidence | TITLE=How the return of poaching threatens India’s tiger success story - The Independent
2026-05-11 09:09:32,326 | WARNING | ARTICLE REJECTED | REASON=Validated | TITLE=As Asian Luxury Market Grows, a Surge in Tiger Killings in India - New Security Beat
2026-05-11 09:09:34,671 | INFO | ML PREDICTION | PREDICTION=crime | CONFIDENCE=87.24 | TITLE=Forest dept denies tiger poaching claims in Gautala - The Times of India
2026-05-11 09:09:34,812 | INFO | SEMANTIC SCORE | SCORE=61.47 | TITLE=Forest dept denies tiger poaching claims in Gautala - The Times of India
2026-05-11 09:09:51,267 | INFO | DATABASE SAVE | INCIDENT=POA-IND-20260509
2026-05-11 09:09:51,267 | INFO | ARTICLE ACCEPTED | CONFIDENCE=71.06 | TITLE=Forest dept denies tiger poaching claims in Gautala - The Times of India
2026-05-11 09:09:59,596 | INFO | ML PREDICTION | PREDICTION=crime | CONFIDENCE=74.89 | TITLE=Woman wanted by Interpol for trafficking tiger parts arrested in India - BBC
2026-05-11 09:09:59,688 | INFO | SEMANTIC SCORE | SCORE=45.46 | TITLE=Woman wanted by Interpol for trafficking tiger parts arrested in India - BBC
2026-05-11 09:10:04,105 | WARNING | ARTICLE REJECTED | REASON=Duplicate article | TITLE=Woman wanted by Interpol for trafficking tiger parts arrested in India - BBC
2026-05-11 09:10:06,174 | INFO | ML PREDICTION | PREDICTION=crime | CONFIDENCE=73.34 | TITLE=Kerala: Forest officials bust wildlife trafficking gang trying to sell tiger skin, claws, teeth; 7 held - The Times of India
2026-05-11 09:10:06,306 | INFO | SEMANTIC SCORE | SCORE=60.94 | TITLE=Kerala: Forest officials bust wildlife trafficking gang trying to sell tiger skin, claws, teeth; 7 held - The Times of India
2026-05-11 09:10:10,786 | WARNING | ARTICLE REJECTED | REASON=Duplicate article | TITLE=Kerala: Forest officials bust wildlife trafficking gang trying to sell tiger skin, claws, teeth; 7 held - The Times of India
2026-05-11 09:10:13,682 | WARNING | ARTICLE REJECTED | REASON=Validated | TITLE=India arrests INTERPOL-wanted wildlife trafficker in Sikkim after coordinated chase - Telegraph India
2026-05-11 09:10:17,104 | INFO | ML PREDICTION | PREDICTION=other | CONFIDENCE=63.2 | TITLE=Decade-old case gets fresh life as woman at centre of India’s biggest wildlife trafficking operation is arrested - The Indian Express
2026-05-11 09:10:17,182 | INFO | SEMANTIC SCORE | SCORE=44.88 | TITLE=Decade-old case gets fresh life as woman at centre of India’s biggest wildlife trafficking operation is arrested - The Indian Express
2026-05-11 09:10:21,370 | WARNING | ARTICLE REJECTED | REASON=Duplicate article | TITLE=Decade-old case gets fresh life as woman at centre of India’s biggest wildlife trafficking operation is arrested - The Indian Express
2026-05-11 09:10:23,211 | WARNING | ARTICLE REJECTED | REASON=Validated | TITLE=India’s endangered tigers are being sold in Myanmar for lust potions and dark myths - The Economic Times
2026-05-11 09:10:24,867 | WARNING | ARTICLE REJECTED | REASON=Validated | TITLE=How poachers targeted areas outside protected zones to traffic 100 tigers to Myanmar - Newslaundry
2026-05-11 09:10:26,874 | INFO | ML PREDICTION | PREDICTION=crime | CONFIDENCE=76.09 | TITLE=Supreme Court seeks Centre’s response on plea for CBI probe into tiger poaching | India News - Hindustan Times
2026-05-11 09:10:27,000 | INFO | SEMANTIC SCORE | SCORE=32.28 | TITLE=Supreme Court seeks Centre’s response on plea for CBI probe into tiger poaching | India News - Hindustan Times
2026-05-11 09:10:27,001 | WARNING | ARTICLE REJECTED | REASON=Low confidence | TITLE=Supreme Court seeks Centre’s response on plea for CBI probe into tiger poaching | India News - Hindustan Times
2026-05-11 09:10:29,169 | WARNING | ARTICLE REJECTED | REASON=Validated | TITLE=Spike in tiger deaths puts Madhya Pradesh government in the dock - The Sunday Guardian
2026-05-11 09:10:31,665 | WARNING | ARTICLE REJECTED | REASON=Validated | TITLE=After 10-yr chase, wildlife sleuths nab the ‘ghost’ - The Times of India
2026-05-11 09:10:33,814 | INFO | ML PREDICTION | PREDICTION=crime | CONFIDENCE=70.14 | TITLE=CBI court sentences six to two years’ jail in tiger, leopard parts smuggling case - The Hans India
2026-05-11 09:10:33,999 | INFO | SEMANTIC SCORE | SCORE=45.23 | TITLE=CBI court sentences six to two years’ jail in tiger, leopard parts smuggling case - The Hans India
2026-05-11 09:10:34,002 | WARNING | ARTICLE REJECTED | REASON=Low confidence | TITLE=CBI court sentences six to two years’ jail in tiger, leopard parts smuggling case - The Hans India
2026-05-11 09:10:35,989 | INFO | ML PREDICTION | PREDICTION=crime | CONFIDENCE=68.6 | TITLE=WCCB & MP Tiger Strike Force Joint Operation Arrested International Wildlife Trafficker in India After INTERPOL Red Notice Alert - Indianmasterminds
2026-05-11 09:10:36,063 | INFO | SEMANTIC SCORE | SCORE=60.09 | TITLE=WCCB & MP Tiger Strike Force Joint Operation Arrested International Wildlife Trafficker in India After INTERPOL Red Notice Alert - Indianmasterminds
2026-05-11 09:10:40,415 | WARNING | ARTICLE REJECTED | REASON=Duplicate article | TITLE=WCCB & MP Tiger Strike Force Joint Operation Arrested International Wildlife Trafficker in India After INTERPOL Red Notice Alert - Indianmasterminds
2026-05-11 09:10:43,151 | WARNING | ARTICLE REJECTED | REASON=Validated | TITLE=Interpol praises MP Tiger Force’s efforts: International wildlife trafficker Tashi Sherpa gets 5-year sente... - Bhaskar English
2026-05-11 09:10:46,798 | INFO | ML PREDICTION | PREDICTION=crime | CONFIDENCE=76.36 | TITLE=Skin and Bones: Tiger Trafficking Analysis from January 2000–June 2022 - Wildlife Trade Report from TRAFFIC - TRAFFIC.org
2026-05-11 09:10:46,901 | INFO | SEMANTIC SCORE | SCORE=55.77 | TITLE=Skin and Bones: Tiger Trafficking Analysis from January 2000–June 2022 - Wildlife Trade Report from TRAFFIC - TRAFFIC.org
2026-05-11 09:10:51,668 | WARNING | ARTICLE REJECTED | REASON=Duplicate article | TITLE=Skin and Bones: Tiger Trafficking Analysis from January 2000–June 2022 - Wildlife Trade Report from TRAFFIC - TRAFFIC.org
2026-05-11 09:10:56,547 | INFO | ML PREDICTION | PREDICTION=crime | CONFIDENCE=81.44 | TITLE=India becoming global tiger poaching hotspot - DW.com
2026-05-11 09:10:56,625 | INFO | SEMANTIC SCORE | SCORE=49.8 | TITLE=India becoming global tiger poaching hotspot - DW.com
2026-05-11 09:11:01,008 | WARNING | ARTICLE REJECTED | REASON=Duplicate article | TITLE=India becoming global tiger poaching hotspot - DW.com
2026-05-11 09:11:03,703 | INFO | ML PREDICTION | PREDICTION=crime | CONFIDENCE=69.93 | TITLE=Darke Lama: Kingpin of South Asia's wildlife trafficking network, now wanted by Interpol in 2015 MP tiger - The Times of India
2026-05-11 09:11:03,803 | INFO | SEMANTIC SCORE | SCORE=73.15 | TITLE=Darke Lama: Kingpin of South Asia's wildlife trafficking network, now wanted by Interpol in 2015 MP tiger - The Times of India
2026-05-11 09:11:08,542 | WARNING | ARTICLE REJECTED | REASON=Duplicate article | TITLE=Darke Lama: Kingpin of South Asia's wildlife trafficking network, now wanted by Interpol in 2015 MP tiger - The Times of India
2026-05-11 09:11:12,240 | INFO | ML PREDICTION | PREDICTION=crime | CONFIDENCE=61.99 | TITLE=MP nabs Interpol-wanted tiger trafficker in midnight raid on Indo–China border after 10-year hunt - The Times of India
2026-05-11 09:11:12,343 | INFO | SEMANTIC SCORE | SCORE=43.89 | TITLE=MP nabs Interpol-wanted tiger trafficker in midnight raid on Indo–China border after 10-year hunt - The Times of India
2026-05-11 09:11:12,344 | WARNING | ARTICLE REJECTED | REASON=Low confidence | TITLE=MP nabs Interpol-wanted tiger trafficker in midnight raid on Indo–China border after 10-year hunt - The Times of India
2026-05-11 09:11:16,100 | INFO | ML PREDICTION | PREDICTION=crime | CONFIDENCE=71.8 | TITLE=Bail Plea Withdrawn In Trans-Border Tiger Poaching Case As High Court Signals Rejection - The Times of India
2026-05-11 09:11:16,149 | INFO | SEMANTIC SCORE | SCORE=42.19 | TITLE=Bail Plea Withdrawn In Trans-Border Tiger Poaching Case As High Court Signals Rejection - The Times of India
2026-05-11 09:11:16,150 | WARNING | ARTICLE REJECTED | REASON=Low confidence | TITLE=Bail Plea Withdrawn In Trans-Border Tiger Poaching Case As High Court Signals Rejection - The Times of India
2026-05-11 09:11:19,461 | INFO | ML PREDICTION | PREDICTION=crime | CONFIDENCE=80.15 | TITLE=2 arrested for smuggling 7 tiger nails, teeth at Nampally station - The Times of India
2026-05-11 09:11:19,528 | INFO | SEMANTIC SCORE | SCORE=48.8 | TITLE=2 arrested for smuggling 7 tiger nails, teeth at Nampally station - The Times of India
2026-05-11 09:11:38,340 | INFO | DATABASE SAVE | INCIDENT=CLUSTER-20260511091138
2026-05-11 09:11:38,340 | INFO | ARTICLE ACCEPTED | CONFIDENCE=67.72 | TITLE=2 arrested for smuggling 7 tiger nails, teeth at Nampally station - The Times of India
2026-05-11 09:11:43,911 | INFO | ML PREDICTION | PREDICTION=crime | CONFIDENCE=86.35 | TITLE=Interpol alert on MP tiger poaching suspect; STSF first in Asia to secure RCN in environmental case - The Times of India
2026-05-11 09:11:43,976 | INFO | SEMANTIC SCORE | SCORE=46.12 | TITLE=Interpol alert on MP tiger poaching suspect; STSF first in Asia to secure RCN in environmental case - The Times of India
2026-05-11 09:11:47,934 | WARNING | ARTICLE REJECTED | REASON=Duplicate article | TITLE=Interpol alert on MP tiger poaching suspect; STSF first in Asia to secure RCN in environmental case - The Times of India
2026-05-11 09:11:51,341 | WARNING | ARTICLE REJECTED | REASON=Validated | TITLE=Madhya Pradesh Special Tiger Strike Force (STSF) hailed by Interpol for the arrest of Asia's major tiger - The Times of India
2026-05-11 09:11:53,642 | WARNING | ARTICLE REJECTED | REASON=Validated | TITLE=Beyond Skin and Bones: A 25-year analysis of tiger seizures from 2000 to June 2025 - Wildlife Trade Report from TRAFFIC - TRAFFIC.org
2026-05-11 09:11:57,163 | INFO | ML PREDICTION | PREDICTION=crime | CONFIDENCE=52.42 | TITLE=New report finds no slow down in tiger trafficking - WWF India
2026-05-11 09:11:57,297 | INFO | SEMANTIC SCORE | SCORE=43.31 | TITLE=New report finds no slow down in tiger trafficking - WWF India
2026-05-11 09:11:57,298 | WARNING | ARTICLE REJECTED | REASON=Low confidence | TITLE=New report finds no slow down in tiger trafficking - WWF India
2026-05-11 09:11:59,920 | INFO | ML PREDICTION | PREDICTION=other | CONFIDENCE=66.95 | TITLE=[Explainer] Why is India a major hub for wildlife trafficking? - Mongabay-India
2026-05-11 09:12:00,027 | INFO | SEMANTIC SCORE | SCORE=55.34 | TITLE=[Explainer] Why is India a major hub for wildlife trafficking? - Mongabay-India
2026-05-11 09:12:00,028 | WARNING | ARTICLE REJECTED | REASON=Low confidence | TITLE=[Explainer] Why is India a major hub for wildlife trafficking? - Mongabay-India
2026-05-11 09:12:02,664 | WARNING | ARTICLE REJECTED | REASON=Validated | TITLE=Tigers facing new threats from evolving consumer demand - TRAFFIC.org
2026-05-11 09:12:06,235 | WARNING | ARTICLE REJECTED | REASON=Validated | TITLE=India and US sign wildlife agreement - Panda.org
2026-05-11 09:12:10,159 | INFO | ML PREDICTION | PREDICTION=crime | CONFIDENCE=95.1 | TITLE=Mapping areas most vulnerable to poaching and trafficking of tigers | Janaki Lenin - The Guardian
2026-05-11 09:12:10,291 | INFO | SEMANTIC SCORE | SCORE=47.4 | TITLE=Mapping areas most vulnerable to poaching and trafficking of tigers | Janaki Lenin - The Guardian
2026-05-11 09:12:14,378 | WARNING | ARTICLE REJECTED | REASON=Duplicate article | TITLE=Mapping areas most vulnerable to poaching and trafficking of tigers | Janaki Lenin - The Guardian
2026-05-11 09:12:17,493 | INFO | ML PREDICTION | PREDICTION=crime | CONFIDENCE=80.66 | TITLE=India’s tiger boom at risk: Trafficking resurges amid soaring demand for tiger bones in China & Vietnam - The Economic Times
2026-05-11 09:12:17,539 | INFO | SEMANTIC SCORE | SCORE=49.72 | TITLE=India’s tiger boom at risk: Trafficking resurges amid soaring demand for tiger bones in China & Vietnam - The Economic Times
2026-05-11 09:12:21,721 | WARNING | ARTICLE REJECTED | REASON=Duplicate article | TITLE=India’s tiger boom at risk: Trafficking resurges amid soaring demand for tiger bones in China & Vietnam - The Economic Times
2026-05-11 09:12:26,130 | INFO | ML PREDICTION | PREDICTION=other | CONFIDENCE=64.79 | TITLE=India’s Wildlife Trafficking Epidemic - The Diplomat – Asia-Pacific
2026-05-11 09:12:26,207 | INFO | SEMANTIC SCORE | SCORE=70.59 | TITLE=India’s Wildlife Trafficking Epidemic - The Diplomat – Asia-Pacific
2026-05-11 09:12:30,517 | WARNING | ARTICLE REJECTED | REASON=Duplicate article | TITLE=India’s Wildlife Trafficking Epidemic - The Diplomat – Asia-Pacific
2026-05-11 09:12:34,776 | WARNING | ARTICLE REJECTED | REASON=Validated | TITLE=As Asian Luxury Market Grows, A Surge in Tiger Killings in India - Yale E360
2026-05-11 09:12:38,578 | WARNING | ARTICLE REJECTED | REASON=Validated | TITLE=Skin and bones: Unresolved - Wildlife Trade Report from TRAFFIC - TRAFFIC.org
2026-05-11 09:12:41,869 | WARNING | ARTICLE REJECTED | REASON=Validated | TITLE=TRAINING OF WILDLIFE LAW ENFORCEMENT IS CRITICAL TO PROTECT DUDHWA TIGER RESERVE - WWF India
2026-05-11 09:12:44,220 | INFO | ML PREDICTION | PREDICTION=crime | CONFIDENCE=59.19 | TITLE=New report finds no slow down in tiger trafficking - Panda.org
2026-05-11 09:12:44,326 | INFO | SEMANTIC SCORE | SCORE=44.62 | TITLE=New report finds no slow down in tiger trafficking - Panda.org
2026-05-11 09:12:44,327 | WARNING | ARTICLE REJECTED | REASON=Low confidence | TITLE=New report finds no slow down in tiger trafficking - Panda.org
2026-05-11 09:12:48,255 | INFO | ML PREDICTION | PREDICTION=crime | CONFIDENCE=60.44 | TITLE=Nepal collaborates with neighbors to gain wildlife crime intel but struggles with enforcement - news - Mongabay
2026-05-11 09:12:48,358 | INFO | SEMANTIC SCORE | SCORE=54.57 | TITLE=Nepal collaborates with neighbors to gain wildlife crime intel but struggles with enforcement - news - Mongabay
2026-05-11 09:12:48,359 | WARNING | ARTICLE REJECTED | REASON=Low confidence | TITLE=Nepal collaborates with neighbors to gain wildlife crime intel but struggles with enforcement - news - Mongabay
2026-05-11 09:12:51,757 | WARNING | ARTICLE REJECTED | REASON=Validated | TITLE=China is not alone, trafficked tiger parts also entering the US: Study - The Times of India
2026-05-11 09:12:55,091 | INFO | ML PREDICTION | PREDICTION=crime | CONFIDENCE=81.0 | TITLE=Chargesheet filed in Rajura tiger poaching case, probe reveals international smuggling network - The Times of India
2026-05-11 09:12:55,168 | INFO | SEMANTIC SCORE | SCORE=48.7 | TITLE=Chargesheet filed in Rajura tiger poaching case, probe reveals international smuggling network - The Times of India
2026-05-11 09:12:59,410 | WARNING | ARTICLE REJECTED | REASON=Duplicate article | TITLE=Chargesheet filed in Rajura tiger poaching case, probe reveals international smuggling network - The Times of India
2026-05-11 09:13:02,920 | INFO | ML PREDICTION | PREDICTION=crime | CONFIDENCE=80.87 | TITLE=Most number of tigers seized from poachers in India in 2 decades: Report - Down To Earth
2026-05-11 09:13:03,004 | INFO | SEMANTIC SCORE | SCORE=54.44 | TITLE=Most number of tigers seized from poachers in India in 2 decades: Report - Down To Earth
2026-05-11 09:13:07,341 | WARNING | ARTICLE REJECTED | REASON=Duplicate article | TITLE=Most number of tigers seized from poachers in India in 2 decades: Report - Down To Earth
2026-05-11 09:13:11,759 | WARNING | ARTICLE REJECTED | REASON=Validated | TITLE=The ‘tiger widows’ of India - Al Jazeera
2026-05-11 09:13:14,816 | WARNING | ARTICLE REJECTED | REASON=Validated | TITLE=15 incredible tiger facts - International Fund for Animal Welfare | IFAW
2026-05-11 09:13:18,189 | INFO | ML PREDICTION | PREDICTION=crime | CONFIDENCE=89.57 | TITLE=Customs cracks tiger poaching case, 6 arrested for selling skin - The Times of India
2026-05-11 09:13:18,256 | INFO | SEMANTIC SCORE | SCORE=56.55 | TITLE=Customs cracks tiger poaching case, 6 arrested for selling skin - The Times of India
2026-05-11 09:13:37,514 | INFO | DATABASE SAVE | INCIDENT=POA-IND-20260509
2026-05-11 09:13:37,515 | INFO | ARTICLE ACCEPTED | CONFIDENCE=74.75 | TITLE=Customs cracks tiger poaching case, 6 arrested for selling skin - The Times of India
2026-05-11 09:13:42,115 | WARNING | ARTICLE REJECTED | REASON=Validated | TITLE=Myanmar, a country in turmoil, emerging as key transit hub for wildlife trade: Report - Down To Earth
2026-05-11 09:13:44,692 | INFO | ML PREDICTION | PREDICTION=other | CONFIDENCE=61.13 | TITLE=Karnataka Forest Department prepare to curb illegal wildlife trade online - WWF India
2026-05-11 09:13:44,766 | INFO | SEMANTIC SCORE | SCORE=61.67 | TITLE=Karnataka Forest Department prepare to curb illegal wildlife trade online - WWF India
2026-05-11 09:13:44,767 | WARNING | ARTICLE REJECTED | REASON=Low confidence | TITLE=Karnataka Forest Department prepare to curb illegal wildlife trade online - WWF India
2026-05-11 09:13:47,874 | INFO | ML PREDICTION | PREDICTION=crime | CONFIDENCE=72.36 | TITLE='Tigers were butchered, skinned, and smuggled out of country': Forensic probe uncovers global poaching ra - The Times of India
2026-05-11 09:13:47,942 | INFO | SEMANTIC SCORE | SCORE=55.22 | TITLE='Tigers were butchered, skinned, and smuggled out of country': Forensic probe uncovers global poaching ra - The Times of India
2026-05-11 09:13:55,056 | WARNING | ARTICLE REJECTED | REASON=Duplicate article | TITLE='Tigers were butchered, skinned, and smuggled out of country': Forensic probe uncovers global poaching ra - The Times of India
2026-05-11 09:13:58,962 | WARNING | ARTICLE REJECTED | REASON=Validated | TITLE=As India's tiger count grows, Indigenous groups protest evictions from ancestral lands - PBS
2026-05-11 09:14:22,702 | WARNING | ARTICLE REJECTED | REASON=Validated | TITLE=Can big data save the last of India’s wild tigers? - ensia.com
2026-05-11 09:14:26,649 | INFO | ML PREDICTION | PREDICTION=crime | CONFIDENCE=70.38 | TITLE=Pangolin smuggling to China thrives as rhino poaching declines in Assam - Mongabay-India
2026-05-11 09:14:26,708 | INFO | SEMANTIC SCORE | SCORE=61.17 | TITLE=Pangolin smuggling to China thrives as rhino poaching declines in Assam - Mongabay-India
2026-05-11 09:14:46,720 | INFO | DATABASE SAVE | INCIDENT=CLUSTER-20260511091446
2026-05-11 09:14:46,720 | INFO | ARTICLE ACCEPTED | CONFIDENCE=66.54 | TITLE=Pangolin smuggling to China thrives as rhino poaching declines in Assam - Mongabay-India
2026-05-11 09:14:50,823 | WARNING | ARTICLE REJECTED | REASON=Validated | TITLE=India: Our endangered wildlife - a cause for concern - United Nations Office on Drugs and Crime
2026-05-11 09:14:55,296 | WARNING | ARTICLE REJECTED | REASON=Validation failure | TITLE=International Tiger Day 2023: Indian Tiger Conservation - Drishti IAS
2026-05-11 09:14:57,834 | WARNING | ARTICLE REJECTED | REASON=Validated | TITLE=Thailand tiger farms: Hunting the traffickers - BBC
2026-05-11 09:15:01,051 | WARNING | ARTICLE REJECTED | REASON=Validated | TITLE=Dandakaranya to Myanmar: Tiger Supply Chain Defies Borders - The Times of India
2026-05-11 09:15:05,440 | WARNING | ARTICLE REJECTED | REASON=Validated | TITLE=India steps up efforts to combat wildlife trade - news - Mongabay
2026-05-11 09:15:08,516 | WARNING | ARTICLE REJECTED | REASON=Validated | TITLE=India’s Most Trafficked Wild Animals: A Crisis in Biodiversity - The Siasat Daily
2026-05-11 09:15:11,552 | WARNING | ARTICLE REJECTED | REASON=Validated | TITLE=Interpol file sought on wildlife smuggler - The Times of India
2026-05-11 09:15:14,933 | WARNING | ARTICLE REJECTED | REASON=Validated | TITLE=Why are tigers suddenly disappearing? - Deccan Herald
2026-05-11 09:15:19,090 | INFO | ML PREDICTION | PREDICTION=crime | CONFIDENCE=73.54 | TITLE=DRI busts tiger trafficking, seizes nails and canine teeth - Awaz The Voice
2026-05-11 09:15:19,242 | INFO | SEMANTIC SCORE | SCORE=33.8 | TITLE=DRI busts tiger trafficking, seizes nails and canine teeth - Awaz The Voice
2026-05-11 09:15:19,243 | WARNING | ARTICLE REJECTED | REASON=Low confidence | TITLE=DRI busts tiger trafficking, seizes nails and canine teeth - Awaz The Voice
2026-05-11 09:15:22,947 | INFO | ML PREDICTION | PREDICTION=other | CONFIDENCE=52.39 | TITLE=Hotspots in India's tiger-trading network revealed - New Scientist
2026-05-11 09:15:23,000 | INFO | SEMANTIC SCORE | SCORE=42.13 | TITLE=Hotspots in India's tiger-trading network revealed - New Scientist
2026-05-11 09:15:23,000 | WARNING | ARTICLE REJECTED | REASON=Low confidence | TITLE=Hotspots in India's tiger-trading network revealed - New Scientist
2026-05-11 09:15:26,749 | WARNING | ARTICLE REJECTED | REASON=Validation failure | TITLE=Global illegal trade and farming flourish amid tiger conservation efforts - Mongabay-India
2026-05-11 09:15:30,217 | INFO | ML PREDICTION | PREDICTION=crime | CONFIDENCE=75.85 | TITLE=No decline in tiger trafficking: new report - news - Mongabay
2026-05-11 09:15:30,311 | INFO | SEMANTIC SCORE | SCORE=51.08 | TITLE=No decline in tiger trafficking: new report - news - Mongabay
2026-05-11 09:16:18,407 | INFO | DATABASE SAVE | INCIDENT=TRA-UNK-20260508
2026-05-11 09:16:18,408 | INFO | ARTICLE ACCEPTED | CONFIDENCE=62.25 | TITLE=No decline in tiger trafficking: new report - news - Mongabay
2026-05-11 09:16:24,143 | INFO | ML PREDICTION | PREDICTION=crime | CONFIDENCE=61.24 | TITLE=9 tigers seized every month as global trafficking crisis decimates big cat populations, report says - CBS News
2026-05-11 09:16:24,288 | INFO | SEMANTIC SCORE | SCORE=59.4 | TITLE=9 tigers seized every month as global trafficking crisis decimates big cat populations, report says - CBS News
2026-05-11 09:16:24,289 | WARNING | ARTICLE REJECTED | REASON=Low confidence | TITLE=9 tigers seized every month as global trafficking crisis decimates big cat populations, report says - CBS News
2026-05-11 09:16:28,836 | INFO | ML PREDICTION | PREDICTION=crime | CONFIDENCE=76.28 | TITLE=Wildlife Trafficking Racket Busted In Assam's Nagaon; Tiger Parts & Elephant Tusk Seized - G Plus News
2026-05-11 09:16:28,999 | INFO | SEMANTIC SCORE | SCORE=77.77 | TITLE=Wildlife Trafficking Racket Busted In Assam's Nagaon; Tiger Parts & Elephant Tusk Seized - G Plus News
2026-05-11 09:17:16,914 | INFO | DATABASE SAVE | INCIDENT=CLUSTER-20260511091716
2026-05-11 09:17:16,915 | INFO | ARTICLE ACCEPTED | CONFIDENCE=88.47 | TITLE=Wildlife Trafficking Racket Busted In Assam's Nagaon; Tiger Parts & Elephant Tusk Seized - G Plus News
2026-05-11 09:17:23,362 | INFO | ML PREDICTION | PREDICTION=crime | CONFIDENCE=67.28 | TITLE=Over 6,960 poachers arrested for killing, trafficking 2,869 wild animals - Business Standard
2026-05-11 09:17:23,509 | INFO | SEMANTIC SCORE | SCORE=57.02 | TITLE=Over 6,960 poachers arrested for killing, trafficking 2,869 wild animals - Business Standard
2026-05-11 09:17:23,510 | WARNING | ARTICLE REJECTED | REASON=Low confidence | TITLE=Over 6,960 poachers arrested for killing, trafficking 2,869 wild animals - Business Standard
2026-05-11 09:17:28,578 | INFO | ML PREDICTION | PREDICTION=crime | CONFIDENCE=67.09 | TITLE=Nepal’s courts in the dock for lenient sentencing in tiger crimes - Earth Journalism Network
2026-05-11 09:17:28,733 | INFO | SEMANTIC SCORE | SCORE=28.09 | TITLE=Nepal’s courts in the dock for lenient sentencing in tiger crimes - Earth Journalism Network
2026-05-11 09:17:28,735 | WARNING | ARTICLE REJECTED | REASON=Low confidence | TITLE=Nepal’s courts in the dock for lenient sentencing in tiger crimes - Earth Journalism Network
2026-05-11 09:17:33,414 | INFO | ML PREDICTION | PREDICTION=crime | CONFIDENCE=52.3 | TITLE=Wildlife trafficking sees sharp rise - The Daily Star
2026-05-11 09:17:33,534 | INFO | SEMANTIC SCORE | SCORE=65.76 | TITLE=Wildlife trafficking sees sharp rise - The Daily Star
2026-05-11 09:17:33,535 | WARNING | ARTICLE REJECTED | REASON=Low confidence | TITLE=Wildlife trafficking sees sharp rise - The Daily Star
2026-05-11 09:17:38,170 | WARNING | ARTICLE REJECTED | REASON=Validated | TITLE=Koala, tiger skin sold online under 'code names' - The Times of India
2026-05-11 09:17:45,281 | WARNING | ARTICLE REJECTED | REASON=Validated | TITLE=Wild tiger populations grow in India and Bhutan - Radio Free Asia
2026-05-11 09:17:50,947 | WARNING | ARTICLE REJECTED | REASON=Validated | TITLE=Lax laws make Nepal haven for tiger poachers - Nepali Times
2026-05-11 09:17:55,657 | WARNING | ARTICLE REJECTED | REASON=Validated | TITLE=The U.S. is a Major Destination for the Global Trade in Tigers and Their Parts - Organized Crime and Corruption Reporting Project | OCCRP
2026-05-11 09:18:00,548 | WARNING | ARTICLE REJECTED | REASON=Validated | TITLE=India recruits a German Shepherd army to protect wild tigers - Digital Journal
2026-05-11 09:18:07,859 | INFO | ML PREDICTION | PREDICTION=crime | CONFIDENCE=65.78 | TITLE=Nine arrested in melanistic tiger skin seizure case, prime accused at large - The New Indian Express
2026-05-11 09:18:08,026 | INFO | SEMANTIC SCORE | SCORE=49.99 | TITLE=Nine arrested in melanistic tiger skin seizure case, prime accused at large - The New Indian Express
2026-05-11 09:18:08,027 | WARNING | ARTICLE REJECTED | REASON=Low confidence | TITLE=Nine arrested in melanistic tiger skin seizure case, prime accused at large - The New Indian Express
2026-05-11 09:18:13,971 | INFO | ML PREDICTION | PREDICTION=crime | CONFIDENCE=73.43 | TITLE=Black tiger skin seized in Similipal - The Hans India
2026-05-11 09:18:14,097 | INFO | SEMANTIC SCORE | SCORE=55.52 | TITLE=Black tiger skin seized in Similipal - The Hans India
2026-05-11 09:18:24,701 | WARNING | ARTICLE REJECTED | REASON=Duplicate article | TITLE=Black tiger skin seized in Similipal - The Hans India
2026-05-11 09:18:28,600 | INFO | ML PREDICTION | PREDICTION=crime | CONFIDENCE=73.34 | TITLE=Kerala: Forest officials bust wildlife trafficking gang trying to sell tiger skin, claws, teeth; 7 held - The Times of India
2026-05-11 09:18:28,784 | INFO | SEMANTIC SCORE | SCORE=60.94 | TITLE=Kerala: Forest officials bust wildlife trafficking gang trying to sell tiger skin, claws, teeth; 7 held - The Times of India
2026-05-11 09:18:37,667 | WARNING | ARTICLE REJECTED | REASON=Duplicate article | TITLE=Kerala: Forest officials bust wildlife trafficking gang trying to sell tiger skin, claws, teeth; 7 held - The Times of India
2026-05-11 09:18:40,645 | INFO | ML PREDICTION | PREDICTION=crime | CONFIDENCE=76.93 | TITLE=Odisha: Rare melanistic tiger skin seized in Similipal, 12 arrested, main accused absconding - ANI News
2026-05-11 09:18:40,729 | INFO | SEMANTIC SCORE | SCORE=52.62 | TITLE=Odisha: Rare melanistic tiger skin seized in Similipal, 12 arrested, main accused absconding - ANI News
2026-05-11 09:19:03,187 | INFO | DATABASE SAVE | INCIDENT=CLUSTER-20260511091903
2026-05-11 09:19:03,188 | INFO | ARTICLE ACCEPTED | CONFIDENCE=67.25 | TITLE=Odisha: Rare melanistic tiger skin seized in Similipal, 12 arrested, main accused absconding - ANI News
2026-05-11 09:19:06,152 | INFO | ML PREDICTION | PREDICTION=crime | CONFIDENCE=82.98 | TITLE=Odisha loses another melanistic tiger to poaching; nine arrested - Business Standard
2026-05-11 09:19:06,207 | INFO | SEMANTIC SCORE | SCORE=39.54 | TITLE=Odisha loses another melanistic tiger to poaching; nine arrested - Business Standard
2026-05-11 09:19:31,636 | INFO | DATABASE SAVE | INCIDENT=POA-ODI-20260509
2026-05-11 09:19:31,637 | INFO | ARTICLE ACCEPTED | CONFIDENCE=66.35 | TITLE=Odisha loses another melanistic tiger to poaching; nine arrested - Business Standard
2026-05-11 09:19:38,287 | WARNING | ARTICLE REJECTED | REASON=Validated | TITLE=Beyond Skin and Bones: A 25-year analysis of tiger seizures from 2000 to June 2025 - Wildlife Trade Report from TRAFFIC - TRAFFIC.org
2026-05-11 09:19:42,814 | INFO | ML PREDICTION | PREDICTION=crime | CONFIDENCE=70.97 | TITLE=Tiger Skins, Claws Seized from Gujarat Temple in Major Probe - Deccan Herald
2026-05-11 09:19:42,966 | INFO | SEMANTIC SCORE | SCORE=54.6 | TITLE=Tiger Skins, Claws Seized from Gujarat Temple in Major Probe - Deccan Herald
2026-05-11 09:20:09,066 | INFO | DATABASE SAVE | INCIDENT=CLUSTER-20260511092009
2026-05-11 09:20:09,067 | INFO | ARTICLE ACCEPTED | CONFIDENCE=60.86 | TITLE=Tiger Skins, Claws Seized from Gujarat Temple in Major Probe - Deccan Herald
2026-05-11 09:20:13,867 | INFO | ML PREDICTION | PREDICTION=crime | CONFIDENCE=72.11 | TITLE=Gujarat: Forest officials seize over 40 suspected tiger skins and 133 nails in Narmada - ThePrint
2026-05-11 09:20:13,960 | INFO | SEMANTIC SCORE | SCORE=53.37 | TITLE=Gujarat: Forest officials seize over 40 suspected tiger skins and 133 nails in Narmada - ThePrint
2026-05-11 09:20:34,854 | INFO | DATABASE SAVE | INCIDENT=WIL-GUJ-20260511
2026-05-11 09:20:34,854 | INFO | ARTICLE ACCEPTED | CONFIDENCE=62.07 | TITLE=Gujarat: Forest officials seize over 40 suspected tiger skins and 133 nails in Narmada - ThePrint
2026-05-11 09:20:39,476 | INFO | ML PREDICTION | PREDICTION=crime | CONFIDENCE=63.0 | TITLE=Melanistic tiger hide seized in Odisha's Baripada division, five detained - The New Indian Express
2026-05-11 09:20:39,589 | INFO | SEMANTIC SCORE | SCORE=51.71 | TITLE=Melanistic tiger hide seized in Odisha's Baripada division, five detained - The New Indian Express
2026-05-11 09:20:39,591 | WARNING | ARTICLE REJECTED | REASON=Low confidence | TITLE=Melanistic tiger hide seized in Odisha's Baripada division, five detained - The New Indian Express
2026-05-11 09:20:42,624 | INFO | ML PREDICTION | PREDICTION=crime | CONFIDENCE=82.83 | TITLE=Arms store owner arrested in Jaipur; tiger hide, rifle, 285 cartridges seized - The Statesman
2026-05-11 09:20:42,730 | INFO | SEMANTIC SCORE | SCORE=52.03 | TITLE=Arms store owner arrested in Jaipur; tiger hide, rifle, 285 cartridges seized - The Statesman
2026-05-11 09:21:05,472 | INFO | DATABASE SAVE | INCIDENT=CLUSTER-20260511092105
2026-05-11 09:21:05,472 | INFO | ARTICLE ACCEPTED | CONFIDENCE=70.02 | TITLE=Arms store owner arrested in Jaipur; tiger hide, rifle, 285 cartridges seized - The Statesman
2026-05-11 09:21:08,893 | WARNING | ARTICLE REJECTED | REASON=Validated | TITLE=Security net in similipal can’t be allowed to slip - The New Indian Express
2026-05-11 09:21:12,410 | INFO | ML PREDICTION | PREDICTION=crime | CONFIDENCE=79.84 | TITLE=9 leopard and a tiger skin seized in Odisha’s Kalahandi district | India News - Hindustan Times
2026-05-11 09:21:12,460 | INFO | SEMANTIC SCORE | SCORE=79.67 | TITLE=9 leopard and a tiger skin seized in Odisha’s Kalahandi district | India News - Hindustan Times
2026-05-11 09:21:17,095 | WARNING | ARTICLE REJECTED | REASON=Duplicate article | TITLE=9 leopard and a tiger skin seized in Odisha’s Kalahandi district | India News - Hindustan Times
2026-05-11 09:21:20,976 | WARNING | ARTICLE REJECTED | REASON=Validated | TITLE=Skin and bones: Unresolved - Wildlife Trade Report from TRAFFIC - TRAFFIC.org
2026-05-11 09:21:25,526 | INFO | ML PREDICTION | PREDICTION=crime | CONFIDENCE=73.63 | TITLE=Centre alerts reserves after tiger's skin seized in Assam - The Times of India
2026-05-11 09:21:25,680 | INFO | SEMANTIC SCORE | SCORE=41.48 | TITLE=Centre alerts reserves after tiger's skin seized in Assam - The Times of India
2026-05-11 09:21:25,681 | WARNING | ARTICLE REJECTED | REASON=Low confidence | TITLE=Centre alerts reserves after tiger's skin seized in Assam - The Times of India
2026-05-11 09:21:29,057 | INFO | ML PREDICTION | PREDICTION=crime | CONFIDENCE=83.08 | TITLE=Melanistic Royal Bengal Tiger skin seized in Odisha’s Similipal forest, 4 held - ThePrint
2026-05-11 09:21:29,166 | INFO | SEMANTIC SCORE | SCORE=56.24 | TITLE=Melanistic Royal Bengal Tiger skin seized in Odisha’s Similipal forest, 4 held - ThePrint
2026-05-11 09:21:34,711 | WARNING | ARTICLE REJECTED | REASON=Duplicate article | TITLE=Melanistic Royal Bengal Tiger skin seized in Odisha’s Similipal forest, 4 held - ThePrint
2026-05-11 09:21:37,985 | INFO | ML PREDICTION | PREDICTION=crime | CONFIDENCE=76.36 | TITLE=Skin and Bones: Tiger Trafficking Analysis from January 2000–June 2022 - Wildlife Trade Report from TRAFFIC - TRAFFIC.org
2026-05-11 09:21:38,115 | INFO | SEMANTIC SCORE | SCORE=55.77 | TITLE=Skin and Bones: Tiger Trafficking Analysis from January 2000–June 2022 - Wildlife Trade Report from TRAFFIC - TRAFFIC.org
2026-05-11 09:21:42,975 | WARNING | ARTICLE REJECTED | REASON=Duplicate article | TITLE=Skin and Bones: Tiger Trafficking Analysis from January 2000–June 2022 - Wildlife Trade Report from TRAFFIC - TRAFFIC.org
2026-05-11 09:21:46,457 | WARNING | ARTICLE REJECTED | REASON=Validated | TITLE=Official apathy hits probe in Assam tiger skin seizure case - The Times of India
2026-05-11 09:21:49,424 | WARNING | ARTICLE REJECTED | REASON=Validated | TITLE=Two held with tiger skin, bones in Nagaon - The Times of India
2026-05-11 09:21:52,634 | INFO | ML PREDICTION | PREDICTION=crime | CONFIDENCE=71.27 | TITLE=Melanistic tiger’s skin seized from Similipal fringe villages, four held - The New Indian Express
2026-05-11 09:21:52,751 | INFO | SEMANTIC SCORE | SCORE=51.42 | TITLE=Melanistic tiger’s skin seized from Similipal fringe villages, four held - The New Indian Express
2026-05-11 09:21:57,656 | WARNING | ARTICLE REJECTED | REASON=Duplicate article | TITLE=Melanistic tiger’s skin seized from Similipal fringe villages, four held - The New Indian Express
2026-05-11 09:22:00,787 | WARNING | ARTICLE REJECTED | REASON=Validated | TITLE=Tiger skin found in Similipal buffer zone - The Times of India
2026-05-11 09:22:04,770 | INFO | ML PREDICTION | PREDICTION=crime | CONFIDENCE=80.87 | TITLE=Most number of tigers seized from poachers in India in 2 decades: Report - Down To Earth
2026-05-11 09:22:04,883 | INFO | SEMANTIC SCORE | SCORE=54.44 | TITLE=Most number of tigers seized from poachers in India in 2 decades: Report - Down To Earth
2026-05-11 09:22:09,290 | WARNING | ARTICLE REJECTED | REASON=Duplicate article | TITLE=Most number of tigers seized from poachers in India in 2 decades: Report - Down To Earth
2026-05-11 09:22:12,847 | WARNING | ARTICLE REJECTED | REASON=Validated | TITLE=Customs seizes Royal Bengal tiger skin, black buck antlers - The Times of India
2026-05-11 09:22:15,851 | INFO | ML PREDICTION | PREDICTION=crime | CONFIDENCE=86.82 | TITLE=Royal Bengal tiger's skin seized from Odisha's Similipal Tiger Reserve - The New Indian Express
2026-05-11 09:22:15,958 | INFO | SEMANTIC SCORE | SCORE=56.96 | TITLE=Royal Bengal tiger's skin seized from Odisha's Similipal Tiger Reserve - The New Indian Express
2026-05-11 09:22:21,009 | WARNING | ARTICLE REJECTED | REASON=Duplicate article | TITLE=Royal Bengal tiger's skin seized from Odisha's Similipal Tiger Reserve - The New Indian Express
2026-05-11 09:22:25,014 | INFO | ML PREDICTION | PREDICTION=crime | CONFIDENCE=64.64 | TITLE=Royal Bengal Tiger skin seized Boudh district in Odisha, third in less than a month - The New Indian Express
2026-05-11 09:22:25,131 | INFO | SEMANTIC SCORE | SCORE=50.96 | TITLE=Royal Bengal Tiger skin seized Boudh district in Odisha, third in less than a month - The New Indian Express
2026-05-11 09:22:25,132 | WARNING | ARTICLE REJECTED | REASON=Low confidence | TITLE=Royal Bengal Tiger skin seized Boudh district in Odisha, third in less than a month - The New Indian Express
2026-05-11 09:22:29,690 | INFO | ML PREDICTION | PREDICTION=crime | CONFIDENCE=56.95 | TITLE=Six held in Jalgaon district: Woman attempting to smuggle tigress skin under saree arrested, hide seized - The Indian Express
2026-05-11 09:22:29,858 | INFO | SEMANTIC SCORE | SCORE=38.78 | TITLE=Six held in Jalgaon district: Woman attempting to smuggle tigress skin under saree arrested, hide seized - The Indian Express
2026-05-11 09:22:29,859 | WARNING | ARTICLE REJECTED | REASON=Low confidence | TITLE=Six held in Jalgaon district: Woman attempting to smuggle tigress skin under saree arrested, hide seized - The Indian Express
2026-05-11 09:22:35,021 | INFO | ML PREDICTION | PREDICTION=crime | CONFIDENCE=50.21 | TITLE=Big cat skin seized in Odisha, the second in a fortnight - The Statesman
2026-05-11 09:22:35,152 | INFO | SEMANTIC SCORE | SCORE=55.39 | TITLE=Big cat skin seized in Odisha, the second in a fortnight - The Statesman
2026-05-11 09:22:35,153 | WARNING | ARTICLE REJECTED | REASON=Low confidence | TITLE=Big cat skin seized in Odisha, the second in a fortnight - The Statesman
2026-05-11 09:22:39,732 | INFO | ML PREDICTION | PREDICTION=crime | CONFIDENCE=72.53 | TITLE=Tiger's skin, teeth and nails seized from Bangla border - Telegraph India
2026-05-11 09:22:39,874 | INFO | SEMANTIC SCORE | SCORE=52.87 | TITLE=Tiger's skin, teeth and nails seized from Bangla border - Telegraph India
2026-05-11 09:23:12,004 | INFO | DATABASE SAVE | INCIDENT=CLUSTER-20260511092311
2026-05-11 09:23:12,005 | INFO | ARTICLE ACCEPTED | CONFIDENCE=61.13 | TITLE=Tiger's skin, teeth and nails seized from Bangla border - Telegraph India
2026-05-11 09:23:16,619 | INFO | ML PREDICTION | PREDICTION=crime | CONFIDENCE=94.39 | TITLE=Hide of Royal Bengal Tiger seized in the buffer zone of Odisha’s famed Similipal Tiger Reserve - The Hindu
2026-05-11 09:23:16,714 | INFO | SEMANTIC SCORE | SCORE=47.93 | TITLE=Hide of Royal Bengal Tiger seized in the buffer zone of Odisha’s famed Similipal Tiger Reserve - The Hindu
2026-05-11 09:23:46,135 | INFO | DATABASE SAVE | INCIDENT=CLUSTER-20260511092346
2026-05-11 09:23:46,135 | INFO | ARTICLE ACCEPTED | CONFIDENCE=70.57 | TITLE=Hide of Royal Bengal Tiger seized in the buffer zone of Odisha’s famed Similipal Tiger Reserve - The Hindu
2026-05-11 09:23:49,754 | WARNING | ARTICLE REJECTED | REASON=Validated | TITLE=How ‘Guptaji’ aka Ashok Kumar helped pull off India’s largest seizure of tiger and leopard skins - Scroll.in
2026-05-11 09:23:52,969 | INFO | ML PREDICTION | PREDICTION=crime | CONFIDENCE=81.44 | TITLE=India becoming global tiger poaching hotspot - DW.com
2026-05-11 09:23:53,092 | INFO | SEMANTIC SCORE | SCORE=49.8 | TITLE=India becoming global tiger poaching hotspot - DW.com
2026-05-11 09:23:57,781 | WARNING | ARTICLE REJECTED | REASON=Duplicate article | TITLE=India becoming global tiger poaching hotspot - DW.com
2026-05-11 09:24:01,849 | INFO | ML PREDICTION | PREDICTION=crime | CONFIDENCE=69.71 | TITLE=Kerala shocker: 7-member gang arrested for attempting to sell tiger skin, claws, and teeth in Kannur - The Times of India
2026-05-11 09:24:02,006 | INFO | SEMANTIC SCORE | SCORE=54.75 | TITLE=Kerala shocker: 7-member gang arrested for attempting to sell tiger skin, claws, and teeth in Kannur - The Times of India
2026-05-11 09:24:02,007 | WARNING | ARTICLE REJECTED | REASON=Low confidence | TITLE=Kerala shocker: 7-member gang arrested for attempting to sell tiger skin, claws, and teeth in Kannur - The Times of India
2026-05-11 09:24:05,689 | INFO | ML PREDICTION | PREDICTION=crime | CONFIDENCE=85.29 | TITLE=Drastic jump in poaching of tigers in Maharashtra - The Times of India
2026-05-11 09:24:05,851 | INFO | SEMANTIC SCORE | SCORE=54.85 | TITLE=Drastic jump in poaching of tigers in Maharashtra - The Times of India
2026-05-11 09:24:13,528 | WARNING | ARTICLE REJECTED | REASON=Duplicate article | TITLE=Drastic jump in poaching of tigers in Maharashtra - The Times of India
2026-05-11 09:24:17,089 | WARNING | ARTICLE REJECTED | REASON=Validated | TITLE=Odisha: STF seizes Royal Bengal Tiger’s skin from Similipal tiger reserve - ThePrint
2026-05-11 09:24:20,941 | INFO | ML PREDICTION | PREDICTION=crime | CONFIDENCE=64.36 | TITLE=Seized tiger skin fake, belongs to jackal - The New Indian Express
2026-05-11 09:24:21,077 | INFO | SEMANTIC SCORE | SCORE=42.58 | TITLE=Seized tiger skin fake, belongs to jackal - The New Indian Express
2026-05-11 09:24:21,078 | WARNING | ARTICLE REJECTED | REASON=Low confidence | TITLE=Seized tiger skin fake, belongs to jackal - The New Indian Express
2026-05-11 09:24:25,312 | WARNING | ARTICLE REJECTED | REASON=Validated | TITLE=Temple restoration reveals suspected tiger skins, claws in Gujarat - WION
2026-05-11 09:24:29,718 | INFO | ML PREDICTION | PREDICTION=crime | CONFIDENCE=80.89 | TITLE=Major tiger poaching gang from Haryana busted in G’chiroli, 11 held - The Times of India
2026-05-11 09:24:29,865 | INFO | SEMANTIC SCORE | SCORE=64.46 | TITLE=Major tiger poaching gang from Haryana busted in G’chiroli, 11 held - The Times of India
2026-05-11 09:24:40,660 | WARNING | ARTICLE REJECTED | REASON=Duplicate article | TITLE=Major tiger poaching gang from Haryana busted in G’chiroli, 11 held - The Times of India
2026-05-11 09:24:47,388 | INFO | ML PREDICTION | PREDICTION=crime | CONFIDENCE=74.22 | TITLE=Maharashtra: Six detained after tiger skin seized in Jalgaon - Mid-day
2026-05-11 09:24:47,462 | INFO | SEMANTIC SCORE | SCORE=54.52 | TITLE=Maharashtra: Six detained after tiger skin seized in Jalgaon - Mid-day
2026-05-11 09:25:12,104 | INFO | DATABASE SAVE | INCIDENT=CLUSTER-20260511092512
2026-05-11 09:25:12,104 | INFO | ARTICLE ACCEPTED | CONFIDENCE=66.47 | TITLE=Maharashtra: Six detained after tiger skin seized in Jalgaon - Mid-day
2026-05-11 09:25:16,036 | WARNING | ARTICLE REJECTED | REASON=Validated | TITLE=Tigress T13 mystery may be solved with Nepal arrest - The Times of India
2026-05-11 09:25:19,245 | INFO | ML PREDICTION | PREDICTION=crime | CONFIDENCE=82.67 | TITLE=Rare Melanistic Tiger Skin Seized, Nine Arrested In Odisha's Mayurbhanj - ETV Bharat
2026-05-11 09:25:19,346 | INFO | SEMANTIC SCORE | SCORE=57.22 | TITLE=Rare Melanistic Tiger Skin Seized, Nine Arrested In Odisha's Mayurbhanj - ETV Bharat
2026-05-11 09:25:28,792 | WARNING | ARTICLE REJECTED | REASON=Duplicate article | TITLE=Rare Melanistic Tiger Skin Seized, Nine Arrested In Odisha's Mayurbhanj - ETV Bharat
2026-05-11 09:25:32,763 | INFO | ML PREDICTION | PREDICTION=crime | CONFIDENCE=52.42 | TITLE=New report finds no slow down in tiger trafficking - WWF India
2026-05-11 09:25:32,855 | INFO | SEMANTIC SCORE | SCORE=43.31 | TITLE=New report finds no slow down in tiger trafficking - WWF India
2026-05-11 09:25:32,856 | WARNING | ARTICLE REJECTED | REASON=Low confidence | TITLE=New report finds no slow down in tiger trafficking - WWF India
2026-05-11 09:25:36,064 | WARNING | ARTICLE REJECTED | REASON=Validated | TITLE=124 tigers poached every year for 18 years in Asia: Report - Down To Earth
2026-05-11 09:26:49,003 | INFO | WILDLIFE AI SYSTEM STARTED
2026-05-11 09:26:54,645 | INFO | ML PREDICTION | PREDICTION=crime | CONFIDENCE=50.46 | TITLE=Why NCRB Data Understates Wildlife Crime in India - Frontline Magazine
2026-05-11 09:26:54,748 | INFO | SEMANTIC SCORE | SCORE=56.1 | TITLE=Why NCRB Data Understates Wildlife Crime in India - Frontline Magazine
2026-05-11 09:26:54,749 | WARNING | ARTICLE REJECTED | REASON=Low confidence | TITLE=Why NCRB Data Understates Wildlife Crime in India - Frontline Magazine
2026-05-11 09:26:55,874 | WARNING | ARTICLE REJECTED | REASON=Validated | TITLE=Rising illegal wildlife trade across Himalayan countries threatens the mountain ecosystem - Mongabay-India
2026-05-11 09:26:58,062 | INFO | ML PREDICTION | PREDICTION=other | CONFIDENCE=50.33 | TITLE=Strengthening law enforcement capacity to curb wildlife crime in Madhya Pradesh - WWF India
2026-05-11 09:26:58,221 | INFO | SEMANTIC SCORE | SCORE=59.41 | TITLE=Strengthening law enforcement capacity to curb wildlife crime in Madhya Pradesh - WWF India
2026-05-11 09:26:58,222 | WARNING | ARTICLE REJECTED | REASON=Low confidence | TITLE=Strengthening law enforcement capacity to curb wildlife crime in Madhya Pradesh - WWF India
2026-05-11 09:26:59,173 | WARNING | ARTICLE REJECTED | REASON=Validation failure | TITLE=Workshop in Bagdogra Targets Wildlife Trafficking - Arunachal24
2026-05-11 09:27:00,992 | WARNING | ARTICLE REJECTED | REASON=Validated | TITLE=Number of cases registered under Wildlife Protection Act India 2015 -2023 - Statista
2026-05-11 09:27:01,863 | INFO | ML PREDICTION | PREDICTION=crime | CONFIDENCE=62.68 | TITLE=First CBI Prosecuted Wildlife Crime Case in India - usthadian.com
2026-05-11 09:27:01,962 | INFO | SEMANTIC SCORE | SCORE=62.72 | TITLE=First CBI Prosecuted Wildlife Crime Case in India - usthadian.com
2026-05-11 09:27:01,963 | WARNING | ARTICLE REJECTED | REASON=Low confidence | TITLE=First CBI Prosecuted Wildlife Crime Case in India - usthadian.com
2026-05-11 09:27:03,275 | INFO | ML PREDICTION | PREDICTION=other | CONFIDENCE=58.21 | TITLE=Shift of wildlife trafficking to the North East–Myanmar corridor - INSIGHTS IAS
2026-05-11 09:27:03,366 | INFO | SEMANTIC SCORE | SCORE=74.97 | TITLE=Shift of wildlife trafficking to the North East–Myanmar corridor - INSIGHTS IAS
2026-05-11 09:27:08,539 | WARNING | ARTICLE REJECTED | REASON=Duplicate article | TITLE=Shift of wildlife trafficking to the North East–Myanmar corridor - INSIGHTS IAS
2026-05-11 09:27:09,829 | WARNING | ARTICLE REJECTED | REASON=Validated | TITLE=The anatomy of illicit wildlife trade In India - Dailyhunt
2026-05-11 09:27:12,416 | INFO | ML PREDICTION | PREDICTION=other | CONFIDENCE=70.92 | TITLE=Operation Thunder, Highlights, Trends, Legal Framework - Vajiram & Ravi
2026-05-11 09:27:12,542 | INFO | SEMANTIC SCORE | SCORE=25.72 | TITLE=Operation Thunder, Highlights, Trends, Legal Framework - Vajiram & Ravi
2026-05-11 09:27:12,543 | WARNING | ARTICLE REJECTED | REASON=Low confidence | TITLE=Operation Thunder, Highlights, Trends, Legal Framework - Vajiram & Ravi
2026-05-11 09:27:13,631 | INFO | ML PREDICTION | PREDICTION=crime | CONFIDENCE=65.7 | TITLE=9 jailed for 3 yrs in 4 wildlife crime cases in Alipurduar - The Times of India
2026-05-11 09:27:13,687 | INFO | SEMANTIC SCORE | SCORE=61.93 | TITLE=9 jailed for 3 yrs in 4 wildlife crime cases in Alipurduar - The Times of India
2026-05-11 09:27:13,688 | WARNING | ARTICLE REJECTED | REASON=Low confidence | TITLE=9 jailed for 3 yrs in 4 wildlife crime cases in Alipurduar - The Times of India
2026-05-11 09:27:15,482 | INFO | ML PREDICTION | PREDICTION=crime | CONFIDENCE=74.89 | TITLE=Woman wanted by Interpol for trafficking tiger parts arrested in India - BBC
2026-05-11 09:27:15,616 | INFO | SEMANTIC SCORE | SCORE=45.46 | TITLE=Woman wanted by Interpol for trafficking tiger parts arrested in India - BBC
2026-05-11 09:27:28,408 | WARNING | ARTICLE REJECTED | REASON=Duplicate article | TITLE=Woman wanted by Interpol for trafficking tiger parts arrested in India - BBC
2026-05-11 09:27:30,548 | WARNING | ARTICLE REJECTED | REASON=Validated | TITLE=Wildlife-Related Crime Numbers Witness a Significant Decline - FACTLY
2026-05-11 09:27:33,284 | INFO | ML PREDICTION | PREDICTION=other | CONFIDENCE=53.1 | TITLE=Brazil police seize devices from bird expert in trafficking probe linked to Vantara zoo - news - Mongabay
2026-05-11 09:27:33,433 | INFO | SEMANTIC SCORE | SCORE=48.29 | TITLE=Brazil police seize devices from bird expert in trafficking probe linked to Vantara zoo - news - Mongabay
2026-05-11 09:27:33,434 | WARNING | ARTICLE REJECTED | REASON=Low confidence | TITLE=Brazil police seize devices from bird expert in trafficking probe linked to Vantara zoo - news - Mongabay
2026-05-11 09:27:35,740 | INFO | ML PREDICTION | PREDICTION=crime | CONFIDENCE=51.01 | TITLE=Wildlife crime cases in India decline significantly: Govt - Deccan Herald
2026-05-11 09:27:35,872 | INFO | SEMANTIC SCORE | SCORE=58.47 | TITLE=Wildlife crime cases in India decline significantly: Govt - Deccan Herald
2026-05-11 09:27:35,873 | WARNING | ARTICLE REJECTED | REASON=Low confidence | TITLE=Wildlife crime cases in India decline significantly: Govt - Deccan Herald
2026-05-11 09:27:39,006 | INFO | ML PREDICTION | PREDICTION=other | CONFIDENCE=63.2 | TITLE=Decade-old case gets fresh life as woman at centre of India’s biggest wildlife trafficking operation is arrested - The Indian Express
2026-05-11 09:27:39,163 | INFO | SEMANTIC SCORE | SCORE=44.88 | TITLE=Decade-old case gets fresh life as woman at centre of India’s biggest wildlife trafficking operation is arrested - The Indian Express
2026-05-11 09:27:50,181 | WARNING | ARTICLE REJECTED | REASON=Duplicate article | TITLE=Decade-old case gets fresh life as woman at centre of India’s biggest wildlife trafficking operation is arrested - The Indian Express
2026-05-11 09:27:53,007 | INFO | ML PREDICTION | PREDICTION=crime | CONFIDENCE=52.83 | TITLE=Six wildlife sniffer dogs begin intensive refresher training to combat wildlife crime - WWF India
2026-05-11 09:27:53,154 | INFO | SEMANTIC SCORE | SCORE=45.2 | TITLE=Six wildlife sniffer dogs begin intensive refresher training to combat wildlife crime - WWF India
2026-05-11 09:27:53,156 | WARNING | ARTICLE REJECTED | REASON=Low confidence | TITLE=Six wildlife sniffer dogs begin intensive refresher training to combat wildlife crime - WWF India
2026-05-11 09:27:56,012 | INFO | ML PREDICTION | PREDICTION=crime | CONFIDENCE=65.29 | TITLE=Wildlife crime thrives in least forested Punjab - The Hindu
2026-05-11 09:27:56,142 | INFO | SEMANTIC SCORE | SCORE=48.88 | TITLE=Wildlife crime thrives in least forested Punjab - The Hindu
2026-05-11 09:27:56,144 | WARNING | ARTICLE REJECTED | REASON=Low confidence | TITLE=Wildlife crime thrives in least forested Punjab - The Hindu
2026-05-11 09:27:59,190 | WARNING | ARTICLE REJECTED | REASON=Validated | TITLE=India defends animal imports, calls wildlife governance ‘unmatched’ - Mongabay-India
2026-05-11 09:28:00,749 | WARNING | ARTICLE REJECTED | REASON=Validated | TITLE=Global biodiversity assessment counters Supreme Court’s clean chit to Vantara - Mongabay-India
2026-05-11 09:28:02,056 | WARNING | ARTICLE REJECTED | REASON=Validated | TITLE=CITES withdraws recommendation to suspend trade of endangered species to India - Mongabay-India
2026-05-11 09:28:04,066 | INFO | ML PREDICTION | PREDICTION=crime | CONFIDENCE=67.45 | TITLE=The cost of cute: how ‘petfluencers’ are driving Asia’s wildlife crime - South China Morning Post
2026-05-11 09:28:04,161 | INFO | SEMANTIC SCORE | SCORE=42.53 | TITLE=The cost of cute: how ‘petfluencers’ are driving Asia’s wildlife crime - South China Morning Post
2026-05-11 09:28:04,162 | WARNING | ARTICLE REJECTED | REASON=Low confidence | TITLE=The cost of cute: how ‘petfluencers’ are driving Asia’s wildlife crime - South China Morning Post
2026-05-11 09:28:06,139 | INFO | ML PREDICTION | PREDICTION=crime | CONFIDENCE=73.34 | TITLE=Kerala: Forest officials bust wildlife trafficking gang trying to sell tiger skin, claws, teeth; 7 held - The Times of India
2026-05-11 09:28:06,253 | INFO | SEMANTIC SCORE | SCORE=60.94 | TITLE=Kerala: Forest officials bust wildlife trafficking gang trying to sell tiger skin, claws, teeth; 7 held - The Times of India
2026-05-11 09:28:18,177 | WARNING | ARTICLE REJECTED | REASON=Duplicate article | TITLE=Kerala: Forest officials bust wildlife trafficking gang trying to sell tiger skin, claws, teeth; 7 held - The Times of India
2026-05-11 09:28:19,945 | WARNING | ARTICLE REJECTED | REASON=Validated | TITLE=India arrests INTERPOL-wanted wildlife trafficker in Sikkim after coordinated chase - Telegraph India
2026-05-11 09:28:21,788 | WARNING | ARTICLE REJECTED | REASON=Validated | TITLE=NE border attracts MP, Maharashtra poachers - The New Indian Express
2026-05-11 09:28:23,866 | WARNING | ARTICLE REJECTED | REASON=Validated | TITLE=A Wake-Up Call for India’s Wildlife Governance - Drishti IAS
2026-05-11 09:28:26,192 | INFO | ML PREDICTION | PREDICTION=crime | CONFIDENCE=63.3 | TITLE=Elephant tusk buried in wall for 4 years, cracks open Chhattisgarh's Gariyaband wildlife crime - The Times of India
2026-05-11 09:28:26,337 | INFO | SEMANTIC SCORE | SCORE=48.18 | TITLE=Elephant tusk buried in wall for 4 years, cracks open Chhattisgarh's Gariyaband wildlife crime - The Times of India
2026-05-11 09:28:26,338 | WARNING | ARTICLE REJECTED | REASON=Low confidence | TITLE=Elephant tusk buried in wall for 4 years, cracks open Chhattisgarh's Gariyaband wildlife crime - The Times of India
2026-05-11 09:28:28,581 | WARNING | ARTICLE REJECTED | REASON=Validation failure | TITLE=Interpol Notice And Movie-Style Arrest Of Wildlife Trafficker In Sikkim - NDTV
2026-05-11 09:28:31,711 | INFO | ML PREDICTION | PREDICTION=crime | CONFIDENCE=66.64 | TITLE=Inquiry flags lack of funds for forensic tests in wildlife crime probes in Karnataka - The Times of India
2026-05-11 09:28:31,857 | INFO | SEMANTIC SCORE | SCORE=47.77 | TITLE=Inquiry flags lack of funds for forensic tests in wildlife crime probes in Karnataka - The Times of India
2026-05-11 09:28:31,858 | WARNING | ARTICLE REJECTED | REASON=Low confidence | TITLE=Inquiry flags lack of funds for forensic tests in wildlife crime probes in Karnataka - The Times of India
2026-05-11 09:28:34,433 | INFO | ML PREDICTION | PREDICTION=crime | CONFIDENCE=74.06 | TITLE=61 arrested in tri-state wildlife crime crackdown as forest teams seize pangolin scales, skins - Telegraph India
2026-05-11 09:28:34,587 | INFO | SEMANTIC SCORE | SCORE=71.94 | TITLE=61 arrested in tri-state wildlife crime crackdown as forest teams seize pangolin scales, skins - Telegraph India
2026-05-11 09:28:45,834 | WARNING | ARTICLE REJECTED | REASON=Duplicate article | TITLE=61 arrested in tri-state wildlife crime crackdown as forest teams seize pangolin scales, skins - Telegraph India
2026-05-11 09:28:47,576 | INFO | ML PREDICTION | PREDICTION=other | CONFIDENCE=50.77 | TITLE=Odisha introduces HAWK to strengthen wildlife crime intel - The New Indian Express
2026-05-11 09:28:47,656 | INFO | SEMANTIC SCORE | SCORE=46.85 | TITLE=Odisha introduces HAWK to strengthen wildlife crime intel - The New Indian Express
2026-05-11 09:28:47,657 | WARNING | ARTICLE REJECTED | REASON=Low confidence | TITLE=Odisha introduces HAWK to strengthen wildlife crime intel - The New Indian Express
2026-05-11 09:28:49,537 | INFO | ML PREDICTION | PREDICTION=crime | CONFIDENCE=54.31 | TITLE=From blackbuck seizure to syndicate bust: MP wildlife crime probe uncovers cross-border hunts - The Economic Times
2026-05-11 09:28:49,695 | INFO | SEMANTIC SCORE | SCORE=55.52 | TITLE=From blackbuck seizure to syndicate bust: MP wildlife crime probe uncovers cross-border hunts - The Economic Times
2026-05-11 09:28:49,696 | WARNING | ARTICLE REJECTED | REASON=Low confidence | TITLE=From blackbuck seizure to syndicate bust: MP wildlife crime probe uncovers cross-border hunts - The Economic Times
2026-05-11 09:28:53,016 | INFO | ML PREDICTION | PREDICTION=crime | CONFIDENCE=83.02 | TITLE=Palamu Tiger Reserve Seizes 60kg Pangolin Scales, Busts Wildlife Crime Network Across States - The Times of India
2026-05-11 09:28:53,187 | INFO | SEMANTIC SCORE | SCORE=54.03 | TITLE=Palamu Tiger Reserve Seizes 60kg Pangolin Scales, Busts Wildlife Crime Network Across States - The Times of India
2026-05-11 09:29:00,683 | WARNING | ARTICLE REJECTED | REASON=Duplicate article | TITLE=Palamu Tiger Reserve Seizes 60kg Pangolin Scales, Busts Wildlife Crime Network Across States - The Times of India
2026-05-11 09:29:02,343 | INFO | ML PREDICTION | PREDICTION=crime | CONFIDENCE=63.59 | TITLE=2-day wildlife crime prevention training held at PTR - The Times of India
2026-05-11 09:29:02,465 | INFO | SEMANTIC SCORE | SCORE=42.57 | TITLE=2-day wildlife crime prevention training held at PTR - The Times of India
2026-05-11 09:29:02,466 | WARNING | ARTICLE REJECTED | REASON=Low confidence | TITLE=2-day wildlife crime prevention training held at PTR - The Times of India
2026-05-11 09:29:03,912 | WARNING | ARTICLE REJECTED | REASON=Validated | TITLE=Outpacing wildlife traffickers through regional action - International Fund for Animal Welfare | IFAW
2026-05-11 09:29:06,778 | INFO | ML PREDICTION | PREDICTION=non-crime | CONFIDENCE=0 | TITLE=Shahtoosh Trader Convicted in Landmark Wildlife Crime Case spanning 17 years - India Education Diary
2026-05-11 09:29:06,830 | INFO | SEMANTIC SCORE | SCORE=41.89 | TITLE=Shahtoosh Trader Convicted in Landmark Wildlife Crime Case spanning 17 years - India Education Diary
2026-05-11 09:29:06,830 | WARNING | ARTICLE REJECTED | REASON=Low confidence | TITLE=Shahtoosh Trader Convicted in Landmark Wildlife Crime Case spanning 17 years - India Education Diary
2026-05-11 09:29:08,442 | INFO | ML PREDICTION | PREDICTION=other | CONFIDENCE=51.01 | TITLE=How India Is Using AI to Stop Poaching: 5 Tech Initiatives Protecting Wildlife - The Better India
2026-05-11 09:29:08,515 | INFO | SEMANTIC SCORE | SCORE=44.32 | TITLE=How India Is Using AI to Stop Poaching: 5 Tech Initiatives Protecting Wildlife - The Better India
2026-05-11 09:29:08,515 | WARNING | ARTICLE REJECTED | REASON=Low confidence | TITLE=How India Is Using AI to Stop Poaching: 5 Tech Initiatives Protecting Wildlife - The Better India
2026-05-11 09:29:10,034 | INFO | ML PREDICTION | PREDICTION=crime | CONFIDENCE=63.27 | TITLE=Inter-state Wildlife Crime Syndicate Dismantled, Female Smuggler Arrested For First Time - ETV Bharat
2026-05-11 09:29:10,134 | INFO | SEMANTIC SCORE | SCORE=59.49 | TITLE=Inter-state Wildlife Crime Syndicate Dismantled, Female Smuggler Arrested For First Time - ETV Bharat
2026-05-11 09:29:35,460 | INFO | DATABASE SAVE | INCIDENT=WIL-UNK-20260508
2026-05-11 09:29:35,460 | INFO | ARTICLE ACCEPTED | CONFIDENCE=66.48 | TITLE=Inter-state Wildlife Crime Syndicate Dismantled, Female Smuggler Arrested For First Time - ETV Bharat
2026-05-11 09:29:38,818 | INFO | ML PREDICTION | PREDICTION=other | CONFIDENCE=50.92 | TITLE=How a 24x7 Forest Station in Andaman Is Fighting Wildlife Crime & Saving Animals - The Better India
2026-05-11 09:29:38,889 | INFO | SEMANTIC SCORE | SCORE=44.39 | TITLE=How a 24x7 Forest Station in Andaman Is Fighting Wildlife Crime & Saving Animals - The Better India
2026-05-11 09:29:38,892 | WARNING | ARTICLE REJECTED | REASON=Low confidence | TITLE=How a 24x7 Forest Station in Andaman Is Fighting Wildlife Crime & Saving Animals - The Better India
2026-05-11 09:29:40,196 | WARNING | ARTICLE REJECTED | REASON=Validation failure | TITLE=Conservationists push for dedicated wildlife crime unit in Maharashtra - Mid-day
2026-05-11 09:29:41,418 | INFO | ML PREDICTION | PREDICTION=crime | CONFIDENCE=69.92 | TITLE=Tantric rituals lead to wildlife crime arrest, 1 held - The Times of India
2026-05-11 09:29:41,541 | INFO | SEMANTIC SCORE | SCORE=41.22 | TITLE=Tantric rituals lead to wildlife crime arrest, 1 held - The Times of India
2026-05-11 09:29:41,542 | WARNING | ARTICLE REJECTED | REASON=Low confidence | TITLE=Tantric rituals lead to wildlife crime arrest, 1 held - The Times of India
2026-05-11 09:29:43,349 | WARNING | ARTICLE REJECTED | REASON=Validated | TITLE=NCRB report shows Ludhiana to be wildest city: India’s animal crime capital. - The Times of India
2026-05-11 09:29:45,170 | WARNING | ARTICLE REJECTED | REASON=Validation failure | TITLE=WTI organises multi-agency workshop on wildlife protection - The Times of India
2026-05-11 09:29:47,397 | INFO | ML PREDICTION | PREDICTION=other | CONFIDENCE=50.76 | TITLE=Vanishing Wings: Exposing the organised radical syndicates behind the wildlife trafficking crisis of Bharat - Organiser
2026-05-11 09:29:47,554 | INFO | SEMANTIC SCORE | SCORE=67.98 | TITLE=Vanishing Wings: Exposing the organised radical syndicates behind the wildlife trafficking crisis of Bharat - Organiser
2026-05-11 09:29:47,556 | WARNING | ARTICLE REJECTED | REASON=Low confidence | TITLE=Vanishing Wings: Exposing the organised radical syndicates behind the wildlife trafficking crisis of Bharat - Organiser
2026-05-11 09:29:49,747 | INFO | ML PREDICTION | PREDICTION=other | CONFIDENCE=65.76 | TITLE=Unique species in air passenger baggage exposes global reach of Thailand-India wild life smuggling - TRAFFIC.org
2026-05-11 09:29:49,820 | INFO | SEMANTIC SCORE | SCORE=50.3 | TITLE=Unique species in air passenger baggage exposes global reach of Thailand-India wild life smuggling - TRAFFIC.org
2026-05-11 09:29:49,821 | WARNING | ARTICLE REJECTED | REASON=Low confidence | TITLE=Unique species in air passenger baggage exposes global reach of Thailand-India wild life smuggling - TRAFFIC.org
2026-05-11 09:29:52,421 | INFO | ML PREDICTION | PREDICTION=crime | CONFIDENCE=68.6 | TITLE=WCCB & MP Tiger Strike Force Joint Operation Arrested International Wildlife Trafficker in India After INTERPOL Red Notice Alert - Indianmasterminds
2026-05-11 09:29:52,566 | INFO | SEMANTIC SCORE | SCORE=60.09 | TITLE=WCCB & MP Tiger Strike Force Joint Operation Arrested International Wildlife Trafficker in India After INTERPOL Red Notice Alert - Indianmasterminds
2026-05-11 09:29:57,180 | WARNING | ARTICLE REJECTED | REASON=Duplicate article | TITLE=WCCB & MP Tiger Strike Force Joint Operation Arrested International Wildlife Trafficker in India After INTERPOL Red Notice Alert - Indianmasterminds
2026-05-11 09:29:58,875 | WARNING | ARTICLE REJECTED | REASON=Validated | TITLE=Wildlife Management in India - ClearIAS
2026-05-11 09:30:07,937 | INFO | ML PREDICTION | PREDICTION=other | CONFIDENCE=51.92 | TITLE=Banned wildlife trade busted: Three arrested for wildlife trophy possession; Investigation hints at a wid - The Times of India
2026-05-11 09:30:08,118 | INFO | SEMANTIC SCORE | SCORE=68.93 | TITLE=Banned wildlife trade busted: Three arrested for wildlife trophy possession; Investigation hints at a wid - The Times of India
2026-05-11 09:30:08,119 | WARNING | ARTICLE REJECTED | REASON=Low confidence | TITLE=Banned wildlife trade busted: Three arrested for wildlife trophy possession; Investigation hints at a wid - The Times of India
2026-05-11 09:30:14,911 | INFO | ML PREDICTION | PREDICTION=other | CONFIDENCE=66.95 | TITLE=[Explainer] Why is India a major hub for wildlife trafficking? - Mongabay-India
2026-05-11 09:30:15,205 | INFO | SEMANTIC SCORE | SCORE=55.34 | TITLE=[Explainer] Why is India a major hub for wildlife trafficking? - Mongabay-India
2026-05-11 09:30:15,207 | WARNING | ARTICLE REJECTED | REASON=Low confidence | TITLE=[Explainer] Why is India a major hub for wildlife trafficking? - Mongabay-India
2026-05-11 09:30:21,509 | WARNING | ARTICLE REJECTED | REASON=Validation failure | TITLE=India has done wonderfully in conservation of wildlife: Abhishek Ray - Garhwal Post
2026-05-11 09:30:33,701 | INFO | ML PREDICTION | PREDICTION=crime | CONFIDENCE=52.73 | TITLE=Mizoram hosts two-day training to bolster wildlife crime investigation skills - India Today NE
2026-05-11 09:30:33,851 | INFO | SEMANTIC SCORE | SCORE=27.79 | TITLE=Mizoram hosts two-day training to bolster wildlife crime investigation skills - India Today NE
2026-05-11 09:30:33,853 | WARNING | ARTICLE REJECTED | REASON=Low confidence | TITLE=Mizoram hosts two-day training to bolster wildlife crime investigation skills - India Today NE
2026-05-11 09:31:03,282 | INFO | ML PREDICTION | PREDICTION=other | CONFIDENCE=57.04 | TITLE=WILDLIFE CRIME CONTROL BUREAU FROM INDIA AND NEPAL MEET TO STRENGTHEN COLLABORATION FOR CURBING - WWF India
2026-05-11 09:31:03,364 | INFO | SEMANTIC SCORE | SCORE=50.3 | TITLE=WILDLIFE CRIME CONTROL BUREAU FROM INDIA AND NEPAL MEET TO STRENGTHEN COLLABORATION FOR CURBING - WWF India
2026-05-11 09:31:03,365 | WARNING | ARTICLE REJECTED | REASON=Low confidence | TITLE=WILDLIFE CRIME CONTROL BUREAU FROM INDIA AND NEPAL MEET TO STRENGTHEN COLLABORATION FOR CURBING - WWF India
2026-05-11 09:31:13,403 | INFO | ML PREDICTION | PREDICTION=crime | CONFIDENCE=61.25 | TITLE=Mumbai Customs Officials Foil Major Wildlife Trafficking At Airport, 61 Live Animals Seized - Republic World
2026-05-11 09:31:13,485 | INFO | SEMANTIC SCORE | SCORE=61.53 | TITLE=Mumbai Customs Officials Foil Major Wildlife Trafficking At Airport, 61 Live Animals Seized - Republic World
2026-05-11 09:31:13,486 | WARNING | ARTICLE REJECTED | REASON=Low confidence | TITLE=Mumbai Customs Officials Foil Major Wildlife Trafficking At Airport, 61 Live Animals Seized - Republic World
2026-05-11 09:31:23,504 | WARNING | ARTICLE REJECTED | REASON=Validated | TITLE=NCRB Report 2023: Deaths and injuries due to animal attacks and bites increased in India - Down To Earth
2026-05-11 09:31:33,536 | INFO | ML PREDICTION | PREDICTION=crime | CONFIDENCE=56.99 | TITLE=Illegal wildlife trade busted from Crawford Market, man arrested - The Times of India
2026-05-11 09:31:33,697 | INFO | SEMANTIC SCORE | SCORE=71.81 | TITLE=Illegal wildlife trade busted from Crawford Market, man arrested - The Times of India
2026-05-11 09:31:33,699 | WARNING | ARTICLE REJECTED | REASON=Low confidence | TITLE=Illegal wildlife trade busted from Crawford Market, man arrested - The Times of India
2026-05-11 09:31:43,260 | INFO | ML PREDICTION | PREDICTION=other | CONFIDENCE=77.53 | TITLE=BHUTAN, INDIA, AND NEPAL COLLABORATE TO COUNTER WILDLIFE TRAFFICKING IN SOUTH ASIA - WWF India
2026-05-11 09:31:46,232 | INFO | SEMANTIC SCORE | SCORE=57.18 | TITLE=BHUTAN, INDIA, AND NEPAL COLLABORATE TO COUNTER WILDLIFE TRAFFICKING IN SOUTH ASIA - WWF India
2026-05-11 09:32:02,390 | WARNING | ARTICLE REJECTED | REASON=Duplicate article | TITLE=BHUTAN, INDIA, AND NEPAL COLLABORATE TO COUNTER WILDLIFE TRAFFICKING IN SOUTH ASIA - WWF India
2026-05-11 09:32:04,580 | WARNING | ARTICLE REJECTED | REASON=Validated | TITLE=After Vantara Visit, CITES Raps India, Says No More Imports of Endangered Wildlife Until Compliance - TheWire.in
2026-05-11 09:32:06,726 | INFO | ML PREDICTION | PREDICTION=other | CONFIDENCE=53.14 | TITLE=Joint operation cracks down on illegal wildlife trade in Gujarat's Valsad; three held - ANI News
2026-05-11 09:32:06,886 | INFO | SEMANTIC SCORE | SCORE=54.27 | TITLE=Joint operation cracks down on illegal wildlife trade in Gujarat's Valsad; three held - ANI News
2026-05-11 09:32:06,887 | WARNING | ARTICLE REJECTED | REASON=Low confidence | TITLE=Joint operation cracks down on illegal wildlife trade in Gujarat's Valsad; three held - ANI News
2026-05-11 09:32:09,329 | INFO | ML PREDICTION | PREDICTION=other | CONFIDENCE=87.39 | TITLE=India, Nepal Sign New MoU to Boost Forest and Wildlife Cooperation - Adda247
2026-05-11 09:32:09,466 | INFO | SEMANTIC SCORE | SCORE=40.47 | TITLE=India, Nepal Sign New MoU to Boost Forest and Wildlife Cooperation - Adda247
2026-05-11 09:32:21,962 | WARNING | ARTICLE REJECTED | REASON=Duplicate article | TITLE=India, Nepal Sign New MoU to Boost Forest and Wildlife Cooperation - Adda247
2026-05-11 09:32:24,318 | INFO | ML PREDICTION | PREDICTION=crime | CONFIDENCE=80.11 | TITLE=Saving Tiger: Habitat Loss, Wildlife Crime Pose Major Challenges - Ukhrul Times
2026-05-11 09:32:24,462 | INFO | SEMANTIC SCORE | SCORE=45.66 | TITLE=Saving Tiger: Habitat Loss, Wildlife Crime Pose Major Challenges - Ukhrul Times
2026-05-11 09:32:36,825 | WARNING | ARTICLE REJECTED | REASON=Duplicate article | TITLE=Saving Tiger: Habitat Loss, Wildlife Crime Pose Major Challenges - Ukhrul Times
2026-05-11 09:32:37,949 | INFO | ML PREDICTION | PREDICTION=other | CONFIDENCE=56.6 | TITLE=Belgian Malinois to help check wildlife crimes in Ranthambore - The Times of India
2026-05-11 09:32:38,062 | INFO | SEMANTIC SCORE | SCORE=47.5 | TITLE=Belgian Malinois to help check wildlife crimes in Ranthambore - The Times of India
2026-05-11 09:32:38,063 | WARNING | ARTICLE REJECTED | REASON=Low confidence | TITLE=Belgian Malinois to help check wildlife crimes in Ranthambore - The Times of India
2026-05-11 09:32:39,111 | WARNING | ARTICLE REJECTED | REASON=Validation failure | TITLE=Increase in gibbon trafficking into India has conservationists worried - news - Mongabay
2026-05-11 09:32:40,112 | WARNING | ARTICLE REJECTED | REASON=Validated | TITLE=INDIA AND NEPAL MEET TO ADDRESS CHALLENGES TO CURBING ILLEGAL WILDLIFE TRADE - WWF India
2026-05-11 09:42:57,093 | INFO | WILDLIFE AI SYSTEM STARTED
2026-05-11 09:42:57,096 | ERROR | PIPELINE ERROR | MODULE=QUERY_ENGINE | ERROR=fetch_rss_articles() got an unexpected keyword argument 'query'
2026-05-11 09:42:57,097 | ERROR | PIPELINE ERROR | MODULE=QUERY_ENGINE | ERROR=fetch_rss_articles() got an unexpected keyword argument 'query'
2026-05-11 09:42:57,098 | ERROR | PIPELINE ERROR | MODULE=QUERY_ENGINE | ERROR=fetch_rss_articles() got an unexpected keyword argument 'query'
2026-05-11 09:42:57,100 | ERROR | PIPELINE ERROR | MODULE=QUERY_ENGINE | ERROR=fetch_rss_articles() got an unexpected keyword argument 'query'
2026-05-11 09:42:57,102 | ERROR | PIPELINE ERROR | MODULE=QUERY_ENGINE | ERROR=fetch_rss_articles() got an unexpected keyword argument 'query'
2026-05-11 09:42:57,103 | ERROR | PIPELINE ERROR | MODULE=QUERY_ENGINE | ERROR=fetch_rss_articles() got an unexpected keyword argument 'query'
2026-05-11 09:42:57,105 | ERROR | PIPELINE ERROR | MODULE=QUERY_ENGINE | ERROR=fetch_rss_articles() got an unexpected keyword argument 'query'
2026-05-11 09:42:57,106 | ERROR | PIPELINE ERROR | MODULE=QUERY_ENGINE | ERROR=fetch_rss_articles() got an unexpected keyword argument 'query'
2026-05-11 09:42:57,108 | ERROR | PIPELINE ERROR | MODULE=QUERY_ENGINE | ERROR=fetch_rss_articles() got an unexpected keyword argument 'query'
2026-05-11 09:42:57,110 | ERROR | PIPELINE ERROR | MODULE=QUERY_ENGINE | ERROR=fetch_rss_articles() got an unexpected keyword argument 'query'
2026-05-11 09:42:57,112 | ERROR | PIPELINE ERROR | MODULE=QUERY_ENGINE | ERROR=fetch_rss_articles() got an unexpected keyword argument 'query'
2026-05-11 09:42:57,113 | ERROR | PIPELINE ERROR | MODULE=QUERY_ENGINE | ERROR=fetch_rss_articles() got an unexpected keyword argument 'query'
2026-05-11 09:42:57,115 | ERROR | PIPELINE ERROR | MODULE=QUERY_ENGINE | ERROR=fetch_rss_articles() got an unexpected keyword argument 'query'
2026-05-11 09:42:57,117 | ERROR | PIPELINE ERROR | MODULE=QUERY_ENGINE | ERROR=fetch_rss_articles() got an unexpected keyword argument 'query'
2026-05-11 09:42:57,119 | ERROR | PIPELINE ERROR | MODULE=QUERY_ENGINE | ERROR=fetch_rss_articles() got an unexpected keyword argument 'query'
2026-05-11 09:42:57,120 | ERROR | PIPELINE ERROR | MODULE=QUERY_ENGINE | ERROR=fetch_rss_articles() got an unexpected keyword argument 'query'
2026-05-11 09:42:57,121 | ERROR | PIPELINE ERROR | MODULE=QUERY_ENGINE | ERROR=fetch_rss_articles() got an unexpected keyword argument 'query'
2026-05-11 09:42:57,123 | ERROR | PIPELINE ERROR | MODULE=QUERY_ENGINE | ERROR=fetch_rss_articles() got an unexpected keyword argument 'query'
2026-05-11 09:42:57,125 | ERROR | PIPELINE ERROR | MODULE=QUERY_ENGINE | ERROR=fetch_rss_articles() got an unexpected keyword argument 'query'
2026-05-11 09:42:57,126 | ERROR | PIPELINE ERROR | MODULE=QUERY_ENGINE | ERROR=fetch_rss_articles() got an unexpected keyword argument 'query'
2026-05-11 09:42:57,128 | ERROR | PIPELINE ERROR | MODULE=QUERY_ENGINE | ERROR=fetch_rss_articles() got an unexpected keyword argument 'query'
2026-05-11 09:42:57,129 | ERROR | PIPELINE ERROR | MODULE=QUERY_ENGINE | ERROR=fetch_rss_articles() got an unexpected keyword argument 'query'
2026-05-11 09:42:57,131 | ERROR | PIPELINE ERROR | MODULE=QUERY_ENGINE | ERROR=fetch_rss_articles() got an unexpected keyword argument 'query'
2026-05-11 09:42:57,132 | ERROR | PIPELINE ERROR | MODULE=QUERY_ENGINE | ERROR=fetch_rss_articles() got an unexpected keyword argument 'query'
2026-05-11 09:42:57,133 | ERROR | PIPELINE ERROR | MODULE=QUERY_ENGINE | ERROR=fetch_rss_articles() got an unexpected keyword argument 'query'
2026-05-11 09:42:57,135 | ERROR | PIPELINE ERROR | MODULE=QUERY_ENGINE | ERROR=fetch_rss_articles() got an unexpected keyword argument 'query'
2026-05-11 09:42:57,137 | ERROR | PIPELINE ERROR | MODULE=QUERY_ENGINE | ERROR=fetch_rss_articles() got an unexpected keyword argument 'query'
2026-05-11 09:42:57,141 | ERROR | PIPELINE ERROR | MODULE=QUERY_ENGINE | ERROR=fetch_rss_articles() got an unexpected keyword argument 'query'
2026-05-11 09:42:57,142 | ERROR | PIPELINE ERROR | MODULE=QUERY_ENGINE | ERROR=fetch_rss_articles() got an unexpected keyword argument 'query'
2026-05-11 09:42:57,144 | ERROR | PIPELINE ERROR | MODULE=QUERY_ENGINE | ERROR=fetch_rss_articles() got an unexpected keyword argument 'query'
2026-05-11 09:42:57,146 | ERROR | PIPELINE ERROR | MODULE=QUERY_ENGINE | ERROR=fetch_rss_articles() got an unexpected keyword argument 'query'
2026-05-11 09:42:57,148 | ERROR | PIPELINE ERROR | MODULE=QUERY_ENGINE | ERROR=fetch_rss_articles() got an unexpected keyword argument 'query'
2026-05-11 09:42:57,150 | ERROR | PIPELINE ERROR | MODULE=QUERY_ENGINE | ERROR=fetch_rss_articles() got an unexpected keyword argument 'query'
2026-05-11 09:42:57,151 | ERROR | PIPELINE ERROR | MODULE=QUERY_ENGINE | ERROR=fetch_rss_articles() got an unexpected keyword argument 'query'
2026-05-11 09:42:57,152 | ERROR | PIPELINE ERROR | MODULE=QUERY_ENGINE | ERROR=fetch_rss_articles() got an unexpected keyword argument 'query'
2026-05-11 09:42:57,153 | ERROR | PIPELINE ERROR | MODULE=QUERY_ENGINE | ERROR=fetch_rss_articles() got an unexpected keyword argument 'query'
2026-05-11 09:42:57,155 | ERROR | PIPELINE ERROR | MODULE=QUERY_ENGINE | ERROR=fetch_rss_articles() got an unexpected keyword argument 'query'
2026-05-11 09:42:57,156 | ERROR | PIPELINE ERROR | MODULE=QUERY_ENGINE | ERROR=fetch_rss_articles() got an unexpected keyword argument 'query'
2026-05-11 09:42:57,158 | ERROR | PIPELINE ERROR | MODULE=QUERY_ENGINE | ERROR=fetch_rss_articles() got an unexpected keyword argument 'query'
2026-05-11 09:42:57,159 | ERROR | PIPELINE ERROR | MODULE=QUERY_ENGINE | ERROR=fetch_rss_articles() got an unexpected keyword argument 'query'
2026-05-11 09:42:57,161 | ERROR | PIPELINE ERROR | MODULE=QUERY_ENGINE | ERROR=fetch_rss_articles() got an unexpected keyword argument 'query'
2026-05-11 09:42:57,162 | ERROR | PIPELINE ERROR | MODULE=QUERY_ENGINE | ERROR=fetch_rss_articles() got an unexpected keyword argument 'query'
2026-05-11 09:42:57,164 | ERROR | PIPELINE ERROR | MODULE=QUERY_ENGINE | ERROR=fetch_rss_articles() got an unexpected keyword argument 'query'
2026-05-11 09:42:57,165 | ERROR | PIPELINE ERROR | MODULE=QUERY_ENGINE | ERROR=fetch_rss_articles() got an unexpected keyword argument 'query'
2026-05-11 09:42:57,167 | ERROR | PIPELINE ERROR | MODULE=QUERY_ENGINE | ERROR=fetch_rss_articles() got an unexpected keyword argument 'query'
2026-05-11 09:42:57,168 | ERROR | PIPELINE ERROR | MODULE=QUERY_ENGINE | ERROR=fetch_rss_articles() got an unexpected keyword argument 'query'
2026-05-11 09:42:57,169 | ERROR | PIPELINE ERROR | MODULE=QUERY_ENGINE | ERROR=fetch_rss_articles() got an unexpected keyword argument 'query'
2026-05-11 09:42:57,171 | ERROR | PIPELINE ERROR | MODULE=QUERY_ENGINE | ERROR=fetch_rss_articles() got an unexpected keyword argument 'query'
2026-05-11 09:42:57,172 | ERROR | PIPELINE ERROR | MODULE=QUERY_ENGINE | ERROR=fetch_rss_articles() got an unexpected keyword argument 'query'
2026-05-11 09:42:57,174 | ERROR | PIPELINE ERROR | MODULE=QUERY_ENGINE | ERROR=fetch_rss_articles() got an unexpected keyword argument 'query'
2026-05-11 09:42:57,176 | ERROR | PIPELINE ERROR | MODULE=QUERY_ENGINE | ERROR=fetch_rss_articles() got an unexpected keyword argument 'query'
2026-05-11 09:42:57,177 | ERROR | PIPELINE ERROR | MODULE=QUERY_ENGINE | ERROR=fetch_rss_articles() got an unexpected keyword argument 'query'
2026-05-11 09:42:57,179 | ERROR | PIPELINE ERROR | MODULE=QUERY_ENGINE | ERROR=fetch_rss_articles() got an unexpected keyword argument 'query'
2026-05-11 09:42:57,181 | ERROR | PIPELINE ERROR | MODULE=QUERY_ENGINE | ERROR=fetch_rss_articles() got an unexpected keyword argument 'query'
2026-05-11 09:42:57,182 | ERROR | PIPELINE ERROR | MODULE=QUERY_ENGINE | ERROR=fetch_rss_articles() got an unexpected keyword argument 'query'
2026-05-11 09:42:57,184 | ERROR | PIPELINE ERROR | MODULE=QUERY_ENGINE | ERROR=fetch_rss_articles() got an unexpected keyword argument 'query'
2026-05-11 09:42:57,186 | ERROR | PIPELINE ERROR | MODULE=QUERY_ENGINE | ERROR=fetch_rss_articles() got an unexpected keyword argument 'query'
2026-05-11 09:42:57,187 | ERROR | PIPELINE ERROR | MODULE=QUERY_ENGINE | ERROR=fetch_rss_articles() got an unexpected keyword argument 'query'
2026-05-11 09:42:57,189 | ERROR | PIPELINE ERROR | MODULE=QUERY_ENGINE | ERROR=fetch_rss_articles() got an unexpected keyword argument 'query'
2026-05-11 09:42:57,190 | ERROR | PIPELINE ERROR | MODULE=QUERY_ENGINE | ERROR=fetch_rss_articles() got an unexpected keyword argument 'query'
2026-05-11 09:42:57,192 | ERROR | PIPELINE ERROR | MODULE=QUERY_ENGINE | ERROR=fetch_rss_articles() got an unexpected keyword argument 'query'
2026-05-11 09:42:57,194 | ERROR | PIPELINE ERROR | MODULE=QUERY_ENGINE | ERROR=fetch_rss_articles() got an unexpected keyword argument 'query'
2026-05-11 09:42:57,195 | ERROR | PIPELINE ERROR | MODULE=QUERY_ENGINE | ERROR=fetch_rss_articles() got an unexpected keyword argument 'query'
2026-05-11 09:42:57,197 | ERROR | PIPELINE ERROR | MODULE=QUERY_ENGINE | ERROR=fetch_rss_articles() got an unexpected keyword argument 'query'
2026-05-11 09:42:57,199 | ERROR | PIPELINE ERROR | MODULE=QUERY_ENGINE | ERROR=fetch_rss_articles() got an unexpected keyword argument 'query'
2026-05-11 09:42:57,201 | ERROR | PIPELINE ERROR | MODULE=QUERY_ENGINE | ERROR=fetch_rss_articles() got an unexpected keyword argument 'query'
2026-05-11 09:42:57,202 | ERROR | PIPELINE ERROR | MODULE=QUERY_ENGINE | ERROR=fetch_rss_articles() got an unexpected keyword argument 'query'
2026-05-11 09:42:57,204 | ERROR | PIPELINE ERROR | MODULE=QUERY_ENGINE | ERROR=fetch_rss_articles() got an unexpected keyword argument 'query'
2026-05-11 09:42:57,206 | ERROR | PIPELINE ERROR | MODULE=QUERY_ENGINE | ERROR=fetch_rss_articles() got an unexpected keyword argument 'query'
2026-05-11 09:42:57,207 | ERROR | PIPELINE ERROR | MODULE=QUERY_ENGINE | ERROR=fetch_rss_articles() got an unexpected keyword argument 'query'
2026-05-11 09:42:57,209 | ERROR | PIPELINE ERROR | MODULE=QUERY_ENGINE | ERROR=fetch_rss_articles() got an unexpected keyword argument 'query'
2026-05-11 09:42:57,210 | ERROR | PIPELINE ERROR | MODULE=QUERY_ENGINE | ERROR=fetch_rss_articles() got an unexpected keyword argument 'query'
2026-05-11 09:42:57,212 | ERROR | PIPELINE ERROR | MODULE=QUERY_ENGINE | ERROR=fetch_rss_articles() got an unexpected keyword argument 'query'
2026-05-11 09:42:57,213 | ERROR | PIPELINE ERROR | MODULE=QUERY_ENGINE | ERROR=fetch_rss_articles() got an unexpected keyword argument 'query'
2026-05-11 09:42:57,215 | ERROR | PIPELINE ERROR | MODULE=QUERY_ENGINE | ERROR=fetch_rss_articles() got an unexpected keyword argument 'query'
2026-05-11 09:42:57,216 | ERROR | PIPELINE ERROR | MODULE=QUERY_ENGINE | ERROR=fetch_rss_articles() got an unexpected keyword argument 'query'
2026-05-11 09:42:57,217 | ERROR | PIPELINE ERROR | MODULE=QUERY_ENGINE | ERROR=fetch_rss_articles() got an unexpected keyword argument 'query'
2026-05-11 09:42:57,218 | ERROR | PIPELINE ERROR | MODULE=QUERY_ENGINE | ERROR=fetch_rss_articles() got an unexpected keyword argument 'query'
2026-05-11 09:42:57,220 | ERROR | PIPELINE ERROR | MODULE=QUERY_ENGINE | ERROR=fetch_rss_articles() got an unexpected keyword argument 'query'
2026-05-11 09:42:57,221 | ERROR | PIPELINE ERROR | MODULE=QUERY_ENGINE | ERROR=fetch_rss_articles() got an unexpected keyword argument 'query'
2026-05-11 09:42:57,223 | ERROR | PIPELINE ERROR | MODULE=QUERY_ENGINE | ERROR=fetch_rss_articles() got an unexpected keyword argument 'query'
2026-05-11 09:42:57,225 | ERROR | PIPELINE ERROR | MODULE=QUERY_ENGINE | ERROR=fetch_rss_articles() got an unexpected keyword argument 'query'
2026-05-11 09:42:57,228 | ERROR | PIPELINE ERROR | MODULE=QUERY_ENGINE | ERROR=fetch_rss_articles() got an unexpected keyword argument 'query'
2026-05-11 09:42:57,229 | ERROR | PIPELINE ERROR | MODULE=QUERY_ENGINE | ERROR=fetch_rss_articles() got an unexpected keyword argument 'query'
2026-05-11 09:42:57,230 | ERROR | PIPELINE ERROR | MODULE=QUERY_ENGINE | ERROR=fetch_rss_articles() got an unexpected keyword argument 'query'
2026-05-11 09:42:57,231 | ERROR | PIPELINE ERROR | MODULE=QUERY_ENGINE | ERROR=fetch_rss_articles() got an unexpected keyword argument 'query'
2026-05-11 09:42:57,232 | ERROR | PIPELINE ERROR | MODULE=QUERY_ENGINE | ERROR=fetch_rss_articles() got an unexpected keyword argument 'query'
2026-05-11 09:42:57,233 | ERROR | PIPELINE ERROR | MODULE=QUERY_ENGINE | ERROR=fetch_rss_articles() got an unexpected keyword argument 'query'
2026-05-11 09:42:57,235 | ERROR | PIPELINE ERROR | MODULE=QUERY_ENGINE | ERROR=fetch_rss_articles() got an unexpected keyword argument 'query'
2026-05-11 09:42:57,237 | ERROR | PIPELINE ERROR | MODULE=QUERY_ENGINE | ERROR=fetch_rss_articles() got an unexpected keyword argument 'query'
2026-05-11 09:42:57,238 | ERROR | PIPELINE ERROR | MODULE=QUERY_ENGINE | ERROR=fetch_rss_articles() got an unexpected keyword argument 'query'
2026-05-11 09:42:57,239 | ERROR | PIPELINE ERROR | MODULE=QUERY_ENGINE | ERROR=fetch_rss_articles() got an unexpected keyword argument 'query'
2026-05-11 09:42:57,240 | ERROR | PIPELINE ERROR | MODULE=QUERY_ENGINE | ERROR=fetch_rss_articles() got an unexpected keyword argument 'query'
2026-05-11 09:42:57,241 | ERROR | PIPELINE ERROR | MODULE=QUERY_ENGINE | ERROR=fetch_rss_articles() got an unexpected keyword argument 'query'
2026-05-11 09:42:57,243 | ERROR | PIPELINE ERROR | MODULE=QUERY_ENGINE | ERROR=fetch_rss_articles() got an unexpected keyword argument 'query'
2026-05-11 09:42:57,244 | ERROR | PIPELINE ERROR | MODULE=QUERY_ENGINE | ERROR=fetch_rss_articles() got an unexpected keyword argument 'query'
2026-05-11 09:42:57,245 | ERROR | PIPELINE ERROR | MODULE=QUERY_ENGINE | ERROR=fetch_rss_articles() got an unexpected keyword argument 'query'
2026-05-11 09:42:57,246 | ERROR | PIPELINE ERROR | MODULE=QUERY_ENGINE | ERROR=fetch_rss_articles() got an unexpected keyword argument 'query'
2026-05-11 09:42:57,247 | ERROR | PIPELINE ERROR | MODULE=QUERY_ENGINE | ERROR=fetch_rss_articles() got an unexpected keyword argument 'query'
2026-05-11 09:42:57,248 | ERROR | PIPELINE ERROR | MODULE=QUERY_ENGINE | ERROR=fetch_rss_articles() got an unexpected keyword argument 'query'
2026-05-11 09:42:57,249 | ERROR | PIPELINE ERROR | MODULE=QUERY_ENGINE | ERROR=fetch_rss_articles() got an unexpected keyword argument 'query'
2026-05-11 09:42:57,250 | ERROR | PIPELINE ERROR | MODULE=QUERY_ENGINE | ERROR=fetch_rss_articles() got an unexpected keyword argument 'query'
2026-05-11 09:42:57,251 | ERROR | PIPELINE ERROR | MODULE=QUERY_ENGINE | ERROR=fetch_rss_articles() got an unexpected keyword argument 'query'
2026-05-11 09:42:57,252 | ERROR | PIPELINE ERROR | MODULE=QUERY_ENGINE | ERROR=fetch_rss_articles() got an unexpected keyword argument 'query'
2026-05-11 09:42:57,254 | ERROR | PIPELINE ERROR | MODULE=QUERY_ENGINE | ERROR=fetch_rss_articles() got an unexpected keyword argument 'query'
2026-05-11 09:42:57,255 | ERROR | PIPELINE ERROR | MODULE=QUERY_ENGINE | ERROR=fetch_rss_articles() got an unexpected keyword argument 'query'
2026-05-11 09:42:57,256 | ERROR | PIPELINE ERROR | MODULE=QUERY_ENGINE | ERROR=fetch_rss_articles() got an unexpected keyword argument 'query'
2026-05-11 09:42:57,257 | ERROR | PIPELINE ERROR | MODULE=QUERY_ENGINE | ERROR=fetch_rss_articles() got an unexpected keyword argument 'query'
2026-05-11 09:42:57,258 | ERROR | PIPELINE ERROR | MODULE=QUERY_ENGINE | ERROR=fetch_rss_articles() got an unexpected keyword argument 'query'
2026-05-11 09:42:57,259 | ERROR | PIPELINE ERROR | MODULE=QUERY_ENGINE | ERROR=fetch_rss_articles() got an unexpected keyword argument 'query'
2026-05-11 09:42:57,261 | ERROR | PIPELINE ERROR | MODULE=QUERY_ENGINE | ERROR=fetch_rss_articles() got an unexpected keyword argument 'query'
2026-05-11 09:42:57,263 | ERROR | PIPELINE ERROR | MODULE=QUERY_ENGINE | ERROR=fetch_rss_articles() got an unexpected keyword argument 'query'
2026-05-11 09:42:57,264 | ERROR | PIPELINE ERROR | MODULE=QUERY_ENGINE | ERROR=fetch_rss_articles() got an unexpected keyword argument 'query'
2026-05-11 09:42:57,265 | ERROR | PIPELINE ERROR | MODULE=QUERY_ENGINE | ERROR=fetch_rss_articles() got an unexpected keyword argument 'query'
2026-05-11 09:42:57,266 | ERROR | PIPELINE ERROR | MODULE=QUERY_ENGINE | ERROR=fetch_rss_articles() got an unexpected keyword argument 'query'
2026-05-11 09:42:57,267 | ERROR | PIPELINE ERROR | MODULE=QUERY_ENGINE | ERROR=fetch_rss_articles() got an unexpected keyword argument 'query'
2026-05-11 09:42:57,268 | ERROR | PIPELINE ERROR | MODULE=QUERY_ENGINE | ERROR=fetch_rss_articles() got an unexpected keyword argument 'query'
2026-05-11 09:42:57,269 | ERROR | PIPELINE ERROR | MODULE=QUERY_ENGINE | ERROR=fetch_rss_articles() got an unexpected keyword argument 'query'
2026-05-11 09:45:46,036 | INFO | WILDLIFE AI SYSTEM STARTED
2026-05-11 09:45:55,101 | INFO | ML PREDICTION | PREDICTION=crime | CONFIDENCE=50.46 | TITLE=Why NCRB Data Understates Wildlife Crime in India - Frontline Magazine
2026-05-11 09:45:56,263 | INFO | SEMANTIC SCORE | SCORE=0 | TITLE=Why NCRB Data Understates Wildlife Crime in India - Frontline Magazine
2026-05-11 09:45:56,264 | WARNING | ARTICLE REJECTED | REASON=Low confidence | TITLE=Why NCRB Data Understates Wildlife Crime in India - Frontline Magazine
2026-05-11 09:45:56,265 | WARNING | ARTICLE REJECTED | REASON=Validated | TITLE=The anatomy of illicit wildlife trade In India - Dailyhunt
2026-05-11 09:45:56,270 | INFO | ML PREDICTION | PREDICTION=crime | CONFIDENCE=62.68 | TITLE=First CBI Prosecuted Wildlife Crime Case in India - usthadian.com
2026-05-11 09:45:57,766 | INFO | SEMANTIC SCORE | SCORE=54.66 | TITLE=First CBI Prosecuted Wildlife Crime Case in India - usthadian.com
2026-05-11 09:46:34,485 | INFO | DATABASE SAVE | INCIDENT=CLUSTER-20260511094634
2026-05-11 09:46:34,486 | INFO | ARTICLE ACCEPTED | CONFIDENCE=51.74 | TITLE=First CBI Prosecuted Wildlife Crime Case in India - usthadian.com
2026-05-11 09:46:34,994 | INFO | ML PREDICTION | PREDICTION=crime | CONFIDENCE=65.91 | TITLE=DRI seizes 16.5 kg pangolin scales, busts inter-state wildlife trafficking syndicate | Mumbai news - Hindustan Times
2026-05-11 09:46:36,077 | INFO | SEMANTIC SCORE | SCORE=70 | TITLE=DRI seizes 16.5 kg pangolin scales, busts inter-state wildlife trafficking syndicate | Mumbai news - Hindustan Times
2026-05-11 09:47:14,863 | INFO | DATABASE SAVE | INCIDENT=CLUSTER-20260511094714
2026-05-11 09:47:14,864 | INFO | ARTICLE ACCEPTED | CONFIDENCE=66.96 | TITLE=DRI seizes 16.5 kg pangolin scales, busts inter-state wildlife trafficking syndicate | Mumbai news - Hindustan Times
2026-05-11 09:47:15,371 | INFO | ML PREDICTION | PREDICTION=crime | CONFIDENCE=67.45 | TITLE=The cost of cute: how ‘petfluencers’ are driving Asia’s wildlife crime - South China Morning Post
2026-05-11 09:47:16,507 | INFO | SEMANTIC SCORE | SCORE=44.22 | TITLE=The cost of cute: how ‘petfluencers’ are driving Asia’s wildlife crime - South China Morning Post
2026-05-11 09:48:00,023 | INFO | DATABASE SAVE | INCIDENT=CLUSTER-20260511094759
2026-05-11 09:48:00,023 | INFO | ARTICLE ACCEPTED | CONFIDENCE=50.99 | TITLE=The cost of cute: how ‘petfluencers’ are driving Asia’s wildlife crime - South China Morning Post
2026-05-11 09:48:00,531 | INFO | ML PREDICTION | PREDICTION=other | CONFIDENCE=58.21 | TITLE=Shift of wildlife trafficking to the North East–Myanmar corridor - INSIGHTS IAS
2026-05-11 09:48:01,878 | INFO | SEMANTIC SCORE | SCORE=0 | TITLE=Shift of wildlife trafficking to the North East–Myanmar corridor - INSIGHTS IAS
2026-05-11 09:48:01,879 | WARNING | ARTICLE REJECTED | REASON=Low confidence | TITLE=Shift of wildlife trafficking to the North East–Myanmar corridor - INSIGHTS IAS
2026-05-11 09:48:01,885 | INFO | ML PREDICTION | PREDICTION=crime | CONFIDENCE=73.34 | TITLE=Kerala: Forest officials bust wildlife trafficking gang trying to sell tiger skin, claws, teeth; 7 held - The Times of India
2026-05-11 09:48:03,094 | INFO | SEMANTIC SCORE | SCORE=70 | TITLE=Kerala: Forest officials bust wildlife trafficking gang trying to sell tiger skin, claws, teeth; 7 held - The Times of India
2026-05-11 09:48:13,213 | WARNING | ARTICLE REJECTED | REASON=Duplicate article | TITLE=Kerala: Forest officials bust wildlife trafficking gang trying to sell tiger skin, claws, teeth; 7 held - The Times of India
2026-05-11 09:48:13,215 | WARNING | ARTICLE REJECTED | REASON=Validated | TITLE=NE border attracts MP, Maharashtra poachers - The New Indian Express
2026-05-11 09:48:13,218 | WARNING | ARTICLE REJECTED | REASON=Validated | TITLE=Outpacing wildlife traffickers through regional action - International Fund for Animal Welfare | IFAW
2026-05-11 09:48:13,225 | INFO | ML PREDICTION | PREDICTION=crime | CONFIDENCE=74.89 | TITLE=Woman wanted by Interpol for trafficking tiger parts arrested in India - BBC
2026-05-11 09:48:14,334 | INFO | SEMANTIC SCORE | SCORE=70 | TITLE=Woman wanted by Interpol for trafficking tiger parts arrested in India - BBC
2026-05-11 09:48:21,704 | WARNING | ARTICLE REJECTED | REASON=Duplicate article | TITLE=Woman wanted by Interpol for trafficking tiger parts arrested in India - BBC
2026-05-11 09:48:21,710 | INFO | ML PREDICTION | PREDICTION=crime | CONFIDENCE=63.89 | TITLE=CBI court sends 6 to 2 years in jail for wildlife smuggling - The Times of India
2026-05-11 09:48:22,689 | INFO | SEMANTIC SCORE | SCORE=51.1 | TITLE=CBI court sends 6 to 2 years in jail for wildlife smuggling - The Times of India
2026-05-11 09:49:02,125 | INFO | DATABASE SAVE | INCIDENT=CLUSTER-20260511094902
2026-05-11 09:49:02,125 | INFO | ARTICLE ACCEPTED | CONFIDENCE=51.28 | TITLE=CBI court sends 6 to 2 years in jail for wildlife smuggling - The Times of India
2026-05-11 09:49:02,634 | INFO | ML PREDICTION | PREDICTION=other | CONFIDENCE=63.2 | TITLE=Decade-old case gets fresh life as woman at centre of India’s biggest wildlife trafficking operation is arrested - The Indian Express
2026-05-11 09:49:03,959 | INFO | SEMANTIC SCORE | SCORE=70 | TITLE=Decade-old case gets fresh life as woman at centre of India’s biggest wildlife trafficking operation is arrested - The Indian Express
2026-05-11 09:49:13,075 | WARNING | ARTICLE REJECTED | REASON=Duplicate article | TITLE=Decade-old case gets fresh life as woman at centre of India’s biggest wildlife trafficking operation is arrested - The Indian Express
2026-05-11 09:49:13,077 | WARNING | ARTICLE REJECTED | REASON=Validated | TITLE=Ahmedabad: Illegal wildlife trade thrives despite crackdown, exotic pet trail leads cops to farmhouses - The Times of India
2026-05-11 09:49:13,079 | WARNING | ARTICLE REJECTED | REASON=Validated | TITLE=Indian Softshell Turtle Rescue Highlights Illegal Wildlife Trade - GK Today
2026-05-11 09:49:13,085 | INFO | ML PREDICTION | PREDICTION=crime | CONFIDENCE=66.69 | TITLE=Jamshedpur Forest Officials Eye Kolkata Kingpin in Wildlife Smuggling Bust - The Times of India
2026-05-11 09:49:14,107 | INFO | SEMANTIC SCORE | SCORE=60.19 | TITLE=Jamshedpur Forest Officials Eye Kolkata Kingpin in Wildlife Smuggling Bust - The Times of India
2026-05-11 09:49:54,132 | INFO | DATABASE SAVE | INCIDENT=SMU-IND-20260508
2026-05-11 09:49:54,132 | INFO | ARTICLE ACCEPTED | CONFIDENCE=59.4 | TITLE=Jamshedpur Forest Officials Eye Kolkata Kingpin in Wildlife Smuggling Bust - The Times of India
2026-05-11 09:49:54,640 | INFO | ML PREDICTION | PREDICTION=other | CONFIDENCE=70.39 | TITLE=Animal Trafficking Reaches Record High In 2025: Interpol - NDTV
2026-05-11 09:49:55,699 | INFO | SEMANTIC SCORE | SCORE=57.44 | TITLE=Animal Trafficking Reaches Record High In 2025: Interpol - NDTV
2026-05-11 09:50:05,325 | WARNING | ARTICLE REJECTED | REASON=Duplicate article | TITLE=Animal Trafficking Reaches Record High In 2025: Interpol - NDTV
2026-05-11 09:50:05,327 | WARNING | ARTICLE REJECTED | REASON=Validated | TITLE=Snake Venom Trail Uncovers Alleged Illegal Exotic Wildlife Trade In Ahmedabad Flat - Vibes Of India
2026-05-11 09:50:05,329 | WARNING | ARTICLE REJECTED | REASON=Validated | TITLE=Woman held with 2 kg pangolin scales in Jharkhand, exposing India’s link to a global wildlife trade - Telegraph India
2026-05-11 09:50:05,337 | INFO | ML PREDICTION | PREDICTION=other | CONFIDENCE=61.61 | TITLE=Rock eagle owls rescued from wildlife trafficking racket - Humane World for Animals
2026-05-11 09:50:06,633 | INFO | SEMANTIC SCORE | SCORE=55.49 | TITLE=Rock eagle owls rescued from wildlife trafficking racket - Humane World for Animals
2026-05-11 09:50:16,649 | WARNING | ARTICLE REJECTED | REASON=Duplicate article | TITLE=Rock eagle owls rescued from wildlife trafficking racket - Humane World for Animals
2026-05-11 09:50:16,655 | INFO | ML PREDICTION | PREDICTION=crime | CONFIDENCE=56.94 | TITLE=Major wildlife trafficking haul in Assam–Nagaland border, one arrested - India Today NE
2026-05-11 09:50:17,655 | INFO | SEMANTIC SCORE | SCORE=0 | TITLE=Major wildlife trafficking haul in Assam–Nagaland border, one arrested - India Today NE
2026-05-11 09:50:17,656 | WARNING | ARTICLE REJECTED | REASON=Low confidence | TITLE=Major wildlife trafficking haul in Assam–Nagaland border, one arrested - India Today NE
2026-05-11 09:50:17,658 | WARNING | ARTICLE REJECTED | REASON=Validation failure | TITLE=Interpol Notice And Movie-Style Arrest Of Wildlife Trafficker In Sikkim - NDTV
2026-05-11 09:50:17,662 | INFO | ML PREDICTION | PREDICTION=crime | CONFIDENCE=65.7 | TITLE=9 jailed for 3 yrs in 4 wildlife crime cases in Alipurduar - The Times of India
2026-05-11 09:50:18,795 | INFO | SEMANTIC SCORE | SCORE=53.16 | TITLE=9 jailed for 3 yrs in 4 wildlife crime cases in Alipurduar - The Times of India
2026-05-11 09:51:07,005 | INFO | DATABASE SAVE | INCIDENT=WIL-IND-20260511
2026-05-11 09:51:07,006 | INFO | ARTICLE ACCEPTED | CONFIDENCE=52.8 | TITLE=9 jailed for 3 yrs in 4 wildlife crime cases in Alipurduar - The Times of India
2026-05-11 09:51:07,509 | WARNING | ARTICLE REJECTED | REASON=Validated | TITLE=India arrests INTERPOL-wanted wildlife trafficker in Sikkim after coordinated chase - Telegraph India
2026-05-11 09:51:07,516 | INFO | ML PREDICTION | PREDICTION=crime | CONFIDENCE=72.44 | TITLE=Global tiger trafficking crisis worsens with nine big cats seized monthly - AP News
2026-05-11 09:51:09,022 | INFO | SEMANTIC SCORE | SCORE=70 | TITLE=Global tiger trafficking crisis worsens with nine big cats seized monthly - AP News
2026-05-11 09:51:18,478 | WARNING | ARTICLE REJECTED | REASON=Duplicate article | TITLE=Global tiger trafficking crisis worsens with nine big cats seized monthly - AP News
2026-05-11 09:51:18,480 | WARNING | ARTICLE REJECTED | REASON=Validated | TITLE=After Ambani zoo probe, wildlife body reverses call to curb animal imports to India - Reuters
2026-05-11 09:51:18,487 | INFO | ML PREDICTION | PREDICTION=other | CONFIDENCE=51.92 | TITLE=Banned wildlife trade busted: Three arrested for wildlife trophy possession; Investigation hints at a wid - The Times of India
2026-05-11 09:51:19,524 | INFO | SEMANTIC SCORE | SCORE=0 | TITLE=Banned wildlife trade busted: Three arrested for wildlife trophy possession; Investigation hints at a wid - The Times of India
2026-05-11 09:51:19,524 | WARNING | ARTICLE REJECTED | REASON=Low confidence | TITLE=Banned wildlife trade busted: Three arrested for wildlife trophy possession; Investigation hints at a wid - The Times of India
2026-05-11 09:51:19,526 | WARNING | ARTICLE REJECTED | REASON=Validated | TITLE=Vantara Row: CITES Reverses Earlier Recommendation to India About Banning Imports of Endangered Wildlife - TheWire.in
2026-05-11 09:51:19,529 | INFO | ML PREDICTION | PREDICTION=other | CONFIDENCE=79.99 | TITLE=Gujarat: Wildlife trade racket busted, Indian star tortoises and rose-ringed parakeets rescued - The Hans India
2026-05-11 09:51:20,447 | INFO | SEMANTIC SCORE | SCORE=62.72 | TITLE=Gujarat: Wildlife trade racket busted, Indian star tortoises and rose-ringed parakeets rescued - The Hans India
2026-05-11 09:51:29,242 | WARNING | ARTICLE REJECTED | REASON=Duplicate article | TITLE=Gujarat: Wildlife trade racket busted, Indian star tortoises and rose-ringed parakeets rescued - The Hans India
2026-05-11 09:51:29,252 | INFO | ML PREDICTION | PREDICTION=other | CONFIDENCE=51.48 | TITLE=How India is curbing wildlife trafficking - DD News
2026-05-11 09:51:30,727 | INFO | SEMANTIC SCORE | SCORE=0 | TITLE=How India is curbing wildlife trafficking - DD News
2026-05-11 09:51:30,728 | WARNING | ARTICLE REJECTED | REASON=Low confidence | TITLE=How India is curbing wildlife trafficking - DD News
2026-05-11 09:51:30,732 | INFO | ML PREDICTION | PREDICTION=crime | CONFIDENCE=63.3 | TITLE=India: Exotic apes seized at Mumbai airport - DW.com
2026-05-11 09:51:31,827 | INFO | SEMANTIC SCORE | SCORE=41.29 | TITLE=India: Exotic apes seized at Mumbai airport - DW.com
2026-05-11 09:51:31,829 | WARNING | ARTICLE REJECTED | REASON=Low confidence | TITLE=India: Exotic apes seized at Mumbai airport - DW.com
2026-05-11 09:51:31,831 | WARNING | ARTICLE REJECTED | REASON=Validated | TITLE=India asks UN wildlife body to not curb its animal imports amid Ambani zoo furore - Reuters
2026-05-11 09:51:31,840 | INFO | ML PREDICTION | PREDICTION=crime | CONFIDENCE=51.01 | TITLE=Wildlife crime cases in India decline significantly: Govt - Deccan Herald
2026-05-11 11:48:44,018 | INFO | WILDLIFE AI SYSTEM STARTED
2026-05-11 11:49:00,643 | INFO | ML PREDICTION | PREDICTION=crime | CONFIDENCE=50.46 | TITLE=Why NCRB Data Understates Wildlife Crime in India - Frontline Magazine
2026-05-11 11:49:02,715 | INFO | SEMANTIC SCORE | SCORE=0 | TITLE=Why NCRB Data Understates Wildlife Crime in India - Frontline Magazine
2026-05-11 11:49:02,717 | WARNING | ARTICLE REJECTED | REASON=Low confidence | TITLE=Why NCRB Data Understates Wildlife Crime in India - Frontline Magazine
2026-05-11 11:49:02,719 | WARNING | ARTICLE REJECTED | REASON=Validated | TITLE=The anatomy of illicit wildlife trade In India - Dailyhunt
2026-05-11 11:49:02,728 | INFO | ML PREDICTION | PREDICTION=crime | CONFIDENCE=62.68 | TITLE=First CBI Prosecuted Wildlife Crime Case in India - usthadian.com
2026-05-11 11:49:04,902 | INFO | SEMANTIC SCORE | SCORE=54.66 | TITLE=First CBI Prosecuted Wildlife Crime Case in India - usthadian.com
2026-05-11 11:49:21,512 | WARNING | ARTICLE REJECTED | REASON=Duplicate article | TITLE=First CBI Prosecuted Wildlife Crime Case in India - usthadian.com
2026-05-11 11:49:21,521 | INFO | ML PREDICTION | PREDICTION=crime | CONFIDENCE=65.91 | TITLE=DRI seizes 16.5 kg pangolin scales, busts inter-state wildlife trafficking syndicate | Mumbai news - Hindustan Times
2026-05-11 11:49:23,626 | INFO | SEMANTIC SCORE | SCORE=70 | TITLE=DRI seizes 16.5 kg pangolin scales, busts inter-state wildlife trafficking syndicate | Mumbai news - Hindustan Times
2026-05-11 11:50:24,666 | INFO | DATABASE SAVE | INCIDENT=TRA-UNK-20260511
2026-05-11 11:50:24,667 | INFO | ARTICLE ACCEPTED | CONFIDENCE=66.96 | TITLE=DRI seizes 16.5 kg pangolin scales, busts inter-state wildlife trafficking syndicate | Mumbai news - Hindustan Times
2026-05-11 11:50:25,179 | INFO | ML PREDICTION | PREDICTION=crime | CONFIDENCE=67.45 | TITLE=The cost of cute: how ‘petfluencers’ are driving Asia’s wildlife crime - South China Morning Post
2026-05-11 11:50:27,981 | INFO | SEMANTIC SCORE | SCORE=44.22 | TITLE=The cost of cute: how ‘petfluencers’ are driving Asia’s wildlife crime - South China Morning Post
2026-05-11 11:50:42,756 | WARNING | ARTICLE REJECTED | REASON=Duplicate article | TITLE=The cost of cute: how ‘petfluencers’ are driving Asia’s wildlife crime - South China Morning Post
2026-05-11 11:50:42,765 | INFO | ML PREDICTION | PREDICTION=other | CONFIDENCE=58.21 | TITLE=Shift of wildlife trafficking to the North East–Myanmar corridor - INSIGHTS IAS
2026-05-11 11:50:45,013 | INFO | SEMANTIC SCORE | SCORE=0 | TITLE=Shift of wildlife trafficking to the North East–Myanmar corridor - INSIGHTS IAS
2026-05-11 11:50:45,015 | WARNING | ARTICLE REJECTED | REASON=Low confidence | TITLE=Shift of wildlife trafficking to the North East–Myanmar corridor - INSIGHTS IAS
2026-05-11 11:50:45,022 | INFO | ML PREDICTION | PREDICTION=crime | CONFIDENCE=73.34 | TITLE=Kerala: Forest officials bust wildlife trafficking gang trying to sell tiger skin, claws, teeth; 7 held - The Times of India
2026-05-11 11:50:47,072 | INFO | SEMANTIC SCORE | SCORE=70 | TITLE=Kerala: Forest officials bust wildlife trafficking gang trying to sell tiger skin, claws, teeth; 7 held - The Times of India
2026-05-11 11:51:02,936 | WARNING | ARTICLE REJECTED | REASON=Duplicate article | TITLE=Kerala: Forest officials bust wildlife trafficking gang trying to sell tiger skin, claws, teeth; 7 held - The Times of India
2026-05-11 11:51:02,938 | WARNING | ARTICLE REJECTED | REASON=Validated | TITLE=NE border attracts MP, Maharashtra poachers - The New Indian Express
2026-05-11 11:51:02,941 | WARNING | ARTICLE REJECTED | REASON=Validated | TITLE=Outpacing wildlife traffickers through regional action - International Fund for Animal Welfare | IFAW
2026-05-11 11:51:02,950 | INFO | ML PREDICTION | PREDICTION=crime | CONFIDENCE=74.89 | TITLE=Woman wanted by Interpol for trafficking tiger parts arrested in India - BBC
2026-05-11 11:51:05,058 | INFO | SEMANTIC SCORE | SCORE=70 | TITLE=Woman wanted by Interpol for trafficking tiger parts arrested in India - BBC
