incident_id,timestamp,language,title,summary,url,primary_location,all_locations,states,crime_type,ml_confidence,semantic_score,action_score,severity_score,final_confidence,confidence_level,duplicate_status,incident_cluster,hash
WCI-08C05D38,2026-05-08 23:12:43.856812,en,"Kerala: Forest officials bust wildlife trafficking gang trying to sell tiger skin, claws, teeth; 7 held - The Times of India","<a href=""https://news.google.com/rss/articles/CBMi-wFBVV95cUxQQURlZEpod0otOEIwUGZKalRTMDB5WlJWYXlVSEF2YUkzYWxlME1laGl0ZDIwZXdsY3lRSEpqVFhmWmd6M3JQMXI3R2xlbHdua1FuVGw0RUtnZE9jYlNjSWdGUWFLMkg3cnJpYUhEenBENkRsUlNEMDR6ejFVbUFSd0c1WHNLTzdzQVJ5QmluY281Q3BFWHZFMF9XWHFyc0lkc2lTRVRmNnExZE85WW9VMGxFUG9xRDN3MlRtMFRwcXZkSWxGOGM2QVM4bmZ4TnEzMGpEb3N1OUZVZTRTU0ZNRWtpYmdYNnM1TUppZm1mWVR0eGNMR1lkbThmUdIBgAJBVV95cUxNQ3c2dTZyTjdsRlN4NEhrVE5FMWVxRVdWM3lQeExITkpHMTdWZ2lQMlQxLTVMVTR1R3MtbVNkYUhSRW5vb2lzSXZzNVdDTFhqZldacVhYMk9xcm5tbWVfR3E0U1lKSmloQ3c1SGtxWG5uVTF6MGhRRnJnWGtBMzBwSC0zelphX2JlSFZ0d3ZoeEhXOXAtVHBZRnAxUUh1VjY2YkJUbHdwSUxWZlNVS0pPTS1GbUhlTDRlVzk4WDNVOWpfMTlBWmdaUXVkVXhyWHJ4MVRnaVgzV2czZk5mbDE3OFI3SnQ3UHlyYXZHd05jdFExVFpySmEzUXVyTk1yRjdk?oc=5"" target=""_blank"">Kerala: Forest officials bust wildlife trafficking gang trying to sell tiger skin, claws, teeth; 7 held</a>&nbsp;&nbsp;<font color=""#6f6f6f"">The Times of India</font>",https://news.google.com/rss/articles/CBMi-wFBVV95cUxQQURlZEpod0otOEIwUGZKalRTMDB5WlJWYXlVSEF2YUkzYWxlME1laGl0ZDIwZXdsY3lRSEpqVFhmWmd6M3JQMXI3R2xlbHdua1FuVGw0RUtnZE9jYlNjSWdGUWFLMkg3cnJpYUhEenBENkRsUlNEMDR6ejFVbUFSd0c1WHNLTzdzQVJ5QmluY281Q3BFWHZFMF9XWHFyc0lkc2lTRVRmNnExZE85WW9VMGxFUG9xRDN3MlRtMFRwcXZkSWxGOGM2QVM4bmZ4TnEzMGpEb3N1OUZVZTRTU0ZNRWtpYmdYNnM1TUppZm1mWVR0eGNMR1lkbThmUdIBgAJBVV95cUxNQ3c2dTZyTjdsRlN4NEhrVE5FMWVxRVdWM3lQeExITkpHMTdWZ2lQMlQxLTVMVTR1R3MtbVNkYUhSRW5vb2lzSXZzNVdDTFhqZldacVhYMk9xcm5tbWVfR3E0U1lKSmloQ3c1SGtxWG5uVTF6MGhRRnJnWGtBMzBwSC0zelphX2JlSFZ0d3ZoeEhXOXAtVHBZRnAxUUh1VjY2YkJUbHdwSUxWZlNVS0pPTS1GbUhlTDRlVzk4WDNVOWpfMTlBWmdaUXVkVXhyWHJ4MVRnaVgzV2czZk5mbDE3OFI3SnQ3UHlyYXZHd05jdFExVFpySmEzUXVyTk1yRjdk?oc=5,india kerala,"['india kerala', 'india', 'kerala', 'kerala: forest officials bust wildlife trafficking gang trying to sell tiger skin, claws, teeth; held the times of india kerala: forest officials bust wildlife trafficking gang trying to sell tiger skin, claws, teeth; held nbsp; the times of india']",[],Trafficking,73.34,60.94,0,0,63.95,HIGH,UNIQUE,TRA-IND-20260508,-8455928168869415840
WCI-85B9EC8B,2026-05-08 23:13:53.254238,en,WCCB & MP Tiger Strike Force Joint Operation Arrested International Wildlife Trafficker in India After INTERPOL Red Notice Alert - Indianmasterminds,"<a href=""https://news.google.com/rss/articles/CBMirAFBVV95cUxOdlh3SS1JSVlzS01DVGluaDB1YU1FOXpOQVR5TG1hc0toN3Foc0VDcWl6Y1Q4TG5RcnBvNnY2d2RqR05BR09UalZ2cGpfQzh2eG9wc3Q4SUNSVzBIam10N0M4bDkzTXNXR1VtblNCS3NMV1hrS1N2b3U1M0czQUZ1WnZReXl1N0ZCcWtkYm4yVlZOX0dXRlU2NE5Db1duN25xc1NNelhLcVZYbzVl?oc=5"" target=""_blank"">WCCB & MP Tiger Strike Force Joint Operation Arrested International Wildlife Trafficker in India After INTERPOL Red Notice Alert</a>&nbsp;&nbsp;<font color=""#6f6f6f"">Indianmasterminds</font>",https://news.google.com/rss/articles/CBMirAFBVV95cUxOdlh3SS1JSVlzS01DVGluaDB1YU1FOXpOQVR5TG1hc0toN3Foc0VDcWl6Y1Q4TG5RcnBvNnY2d2RqR05BR09UalZ2cGpfQzh2eG9wc3Q4SUNSVzBIam10N0M4bDkzTXNXR1VtblNCS3NMV1hrS1N2b3U1M0czQUZ1WnZReXl1N0ZCcWtkYm4yVlZOX0dXRlU2NE5Db1duN25xc1NNelhLcVZYbzVl?oc=5,india,['india'],[],Wildlife Crime,68.6,60.09,0,0,62.04,HIGH,UNIQUE,WIL-IND-20260508,-946449911449275355
WCI-911D783C,2026-05-08 23:30:49.768750,en,"Jamshedpur Wildlife Smuggling Bust: Parrots, Cockatiels, Deer Antler Seized, Three Arrested - The Times of India","<a href=""https://news.google.com/rss/articles/CBMi8wFBVV95cUxNRVNQeWdLbXhvYmFGMVJ2cUd6QUxBQW1wdVBaSzNRcHZKV25WVDdieU5weDZKU25fVmxrMnJXWHJCbk94cjRSTE1XcFFaUlFsWXRGVzRjRzZ2QVd4ZERyMUN0VWtscWpGS1JSN043WExDUXFsOWhDMjN2eUdpdGdhWlVYUmQ1bjdjTHJKaERIWTIzeENSUjUzSjBKblQxUkFqdjlVTHlqUzZYZ242WFYyeVBMWlc2MXNlWTdhdXR5MkJZdDhOSHA1ME5qMkFibFhmZEFKZUZLMHQyZU9FNkUwdWpNNTlGNm8wSHBGZkg2UEN0ZEXSAfgBQVVfeXFMUFJEYkdYMFN6RkpiTXVOT3M2U0ZFeFBrdVNFOFUtXzdVd1hobDd4WnJuczFWVko5VlVXc1FEaXE1T1llTFBiUmVBbE9kVmowNmhIQVp3WlBpUDFBaExKNVJ0QjJLdEtoWUhWa0xzd21adXI1Z0hNOG1ydjlWVXg5Mmcxb1IxOTVhY1diaGhOUXRIY2k2SnlCRGxGNElGbXJhaGhEc0pXcTFBaVEtcXMtRF9PY0s2Y1B5QWtjTjg2b1dpcVhrcFZDV2duREJNUW5vVVJteTlpeVBOT0VPRFpEbmdVSndwN3I3QnJ6OXAyX3hURVpsX2luYjQ?oc=5"" target=""_blank"">Jamshedpur Wildlife Smuggling Bust: Parrots, Cockatiels, Deer Antler Seized, Three Arrested</a>&nbsp;&nbsp;<font color=""#6f6f6f"">The Times of India</font>",https://news.google.com/rss/articles/CBMi8wFBVV95cUxNRVNQeWdLbXhvYmFGMVJ2cUd6QUxBQW1wdVBaSzNRcHZKV25WVDdieU5weDZKU25fVmxrMnJXWHJCbk94cjRSTE1XcFFaUlFsWXRGVzRjRzZ2QVd4ZERyMUN0VWtscWpGS1JSN043WExDUXFsOWhDMjN2eUdpdGdhWlVYUmQ1bjdjTHJKaERIWTIzeENSUjUzSjBKblQxUkFqdjlVTHlqUzZYZ242WFYyeVBMWlc2MXNlWTdhdXR5MkJZdDhOSHA1ME5qMkFibFhmZEFKZUZLMHQyZU9FNkUwdWpNNTlGNm8wSHBGZkg2UEN0ZEXSAfgBQVVfeXFMUFJEYkdYMFN6RkpiTXVOT3M2U0ZFeFBrdVNFOFUtXzdVd1hobDd4WnJuczFWVko5VlVXc1FEaXE1T1llTFBiUmVBbE9kVmowNmhIQVp3WlBpUDFBaExKNVJ0QjJLdEtoWUhWa0xzd21adXI1Z0hNOG1ydjlWVXg5Mmcxb1IxOTVhY1diaGhOUXRIY2k2SnlCRGxGNElGbXJhaGhEc0pXcTFBaVEtcXMtRF9PY0s2Y1B5QWtjTjg2b1dpcVhrcFZDV2duREJNUW5vVVJteTlpeVBOT0VPRFpEbmdVSndwN3I3QnJ6OXAyX3hURVpsX2luYjQ?oc=5,india,['india'],[],Smuggling,68.53,65.68,0,0,63.69,HIGH,UNIQUE,SMU-IND-20260508,5923427894181957673
WCI-D9CFBB7E,2026-05-08 23:37:51.908743,en,Shift of wildlife trafficking to the North East–Myanmar corridor - INSIGHTS IAS,"<a href=""https://news.google.com/rss/articles/CBMirAFBVV95cUxNb2RJSWlsblFITGRxdzhLX1dncHJKUG52OUdZWWtIYzNUYjZDbFA3Ui14Nnp6Q082aDJmcnJDYnJubHR4azZVQURXT0UtSDZNNlZObTk5NWZLWnNySktLOGVrLXRwbkMwYk15cmtEYUctcVcxZGEtR3ZyNFgyUUFSSVU1T3Z6cS1peWQ3NDM3RzZKVk1kUmlZY1VvZ1pZRk5lN2JUXzQ4Q0N3cDdt?oc=5"" target=""_blank"">Shift of wildlife trafficking to the North East–Myanmar corridor</a>&nbsp;&nbsp;<font color=""#6f6f6f"">INSIGHTS IAS</font>",https://news.google.com/rss/articles/CBMirAFBVV95cUxNb2RJSWlsblFITGRxdzhLX1dncHJKUG52OUdZWWtIYzNUYjZDbFA3Ui14Nnp6Q082aDJmcnJDYnJubHR4azZVQURXT0UtSDZNNlZObTk5NWZLWnNySktLOGVrLXRwbkMwYk15cmtEYUctcVcxZGEtR3ZyNFgyUUFSSVU1T3Z6cS1peWQ3NDM3RzZKVk1kUmlZY1VvZ1pZRk5lN2JUXzQ4Q0N3cDdt?oc=5,north east,"['north east', 'myanmar']",[],Trafficking,58.21,74.97,0,0,60.6,HIGH,UNIQUE,TRA-NOR-20260508,-5515841349678059380
WCI-EE3AC31B,2026-05-08 23:38:06.304894,en,"61 arrested in tri-state wildlife crime crackdown as forest teams seize pangolin scales, skins - Telegraph India","<a href=""https://news.google.com/rss/articles/CBMi2gFBVV95cUxQdXBKQVVzTnhEWUZYSjlkWERtbTh1OTAtdzI4aEpja2xJOG5pV1BtR2VOd0g2NmNLcXVsNTVUTE5ISjN3MVJjVXJIR3c3c28xclF6cXJWbU5jdGVZaWxCZVFlN1dSTFRtLVBZYXA0NUFkbk1Ia2hiM19oVlp4SzhZVDZRZG52VjZsTV9RMEYtcGw5YjJtTWlyT3NYMWVSVW92MkNHeS1KUEVvcXBPVnJrUmxTZy1mdFJFWDQ5akIwTENfZkhMc0s4S1lhb1JZNHhqc3g4X1RGWG9fd9IB3wFBVV95cUxNbW5SN1V6TW8xYks2cW1WVzM2RThTU1Z2SjVaQWdsQlYzdE9mNUlVeGVXaUJnNGVGd3AtUXllbnVlV1NOZXdTaU1rS0N2bU4wckp1a3IzZ3VXVnFJUnJ4U3dUcmhDSGVhODU4Q3h6dWxLbk1JR3dLUUFrX2p6RzN1Y1pJX3BYWExQaVN6cHNDQ0Rxd1YzTnN3LUFPRjFGcW9UWGVnNVc3NWx6bGNOTGNaSmdaS2JLZUg0Vmg3T0Z4TjZiVG1jOTR0a19LZ3U4MUh4T0c3dEFkMmFORFJ0Nm1j?oc=5"" target=""_blank"">61 arrested in tri-state wildlife crime crackdown as forest teams seize pangolin scales, skins</a>&nbsp;&nbsp;<font color=""#6f6f6f"">Telegraph India</font>",https://news.google.com/rss/articles/CBMi2gFBVV95cUxQdXBKQVVzTnhEWUZYSjlkWERtbTh1OTAtdzI4aEpja2xJOG5pV1BtR2VOd0g2NmNLcXVsNTVUTE5ISjN3MVJjVXJIR3c3c28xclF6cXJWbU5jdGVZaWxCZVFlN1dSTFRtLVBZYXA0NUFkbk1Ia2hiM19oVlp4SzhZVDZRZG52VjZsTV9RMEYtcGw5YjJtTWlyT3NYMWVSVW92MkNHeS1KUEVvcXBPVnJrUmxTZy1mdFJFWDQ5akIwTENfZkhMc0s4S1lhb1JZNHhqc3g4X1RGWG9fd9IB3wFBVV95cUxNbW5SN1V6TW8xYks2cW1WVzM2RThTU1Z2SjVaQWdsQlYzdE9mNUlVeGVXaUJnNGVGd3AtUXllbnVlV1NOZXdTaU1rS0N2bU4wckp1a3IzZ3VXVnFJUnJ4U3dUcmhDSGVhODU4Q3h6dWxLbk1JR3dLUUFrX2p6RzN1Y1pJX3BYWExQaVN6cHNDQ0Rxd1YzTnN3LUFPRjFGcW9UWGVnNVc3NWx6bGNOTGNaSmdaS2JLZUg0Vmg3T0Z4TjZiVG1jOTR0a19LZ3U4MUh4T0c3dEFkMmFORFJ0Nm1j?oc=5,india,"['india', 'arrested in tri-state wildlife crime crackdown as forest teams seize pangolin scales, skins telegraph india arrested in tri-state wildlife crime crackdown as forest teams seize pangolin scales, skins nbsp; telegraph india']",[],Wildlife Crime,74.06,71.94,0,0,76.61,HIGH,UNIQUE,WIL-IND-20260508,6604917367863648898
WCI-006B9920,2026-05-08 23:38:27.681060,en,"Palamu Tiger Reserve Seizes 60kg Pangolin Scales, Busts Wildlife Crime Network Across States - The Times of India","<a href=""https://news.google.com/rss/articles/CBMi-AFBVV95cUxQVXpJTFR4SFpyczNpR3RQanlTYWxLbk5OTGFoMW1pNEtwSFJVaEVtblFaUUhMQkxiRi1oMWZWVTNKTFhSSFUxQVBxUG5qcGZvZWluZGhTazlfS2hMMGhFUDNWU0h3UVRkLTgzRTNVNUJZTW5xZDRUME1oQmJ1SWd4dkNyM3RacGh6YjFtLU5hNTBfNm5RWnhVOGlMRC1JVUlpaG1RZzhGOHV6R0tNT2h4dXk1Y01OcXZQMm9yRWdaYnNnaThIbFYtX2pRakl4ejlIUTRoVXNMSmMwZ3lHLTFNSzFCcDV0UDhxVGhZU1pzNFI4MjBnN3NobNIB_gFBVV95cUxOSExOSDU4R3ZSNFhWUHpKa0FtTDdYTGRWZUxHX2FKUU11WnRDY2d2dkY1aDZ1eDZ5STRLRk9sUnY1ZFRwMUo4ZjVTdU1hbjlNUy1hNEdRTG9scnVBY0RhQ3RNa2hsd0F3UXN6RTRkODNiRHNvb1lZMEZackZ3Uml0enB1c0JMVERnOGdnRjg5a04xZzlaZGNOUDN0eENyQVZXNUZuWGpXODA5enc2bm5RSlRZczZ5amJ6Vzloa3dwNWtFaFlKQ2NHeEdoNFVXazZlcndBZFB4cGE5eWM3S09rQkNOT3N2U1BwQ2NGNUpsUnJLVmszcnc1blQwRDM0dw?oc=5"" target=""_blank"">Palamu Tiger Reserve Seizes 60kg Pangolin Scales, Busts Wildlife Crime Network Across States</a>&nbsp;&nbsp;<font color=""#6f6f6f"">The Times of India</font>",https://news.google.com/rss/articles/CBMi-AFBVV95cUxQVXpJTFR4SFpyczNpR3RQanlTYWxLbk5OTGFoMW1pNEtwSFJVaEVtblFaUUhMQkxiRi1oMWZWVTNKTFhSSFUxQVBxUG5qcGZvZWluZGhTazlfS2hMMGhFUDNWU0h3UVRkLTgzRTNVNUJZTW5xZDRUME1oQmJ1SWd4dkNyM3RacGh6YjFtLU5hNTBfNm5RWnhVOGlMRC1JVUlpaG1RZzhGOHV6R0tNT2h4dXk1Y01OcXZQMm9yRWdaYnNnaThIbFYtX2pRakl4ejlIUTRoVXNMSmMwZ3lHLTFNSzFCcDV0UDhxVGhZU1pzNFI4MjBnN3NobNIB_gFBVV95cUxOSExOSDU4R3ZSNFhWUHpKa0FtTDdYTGRWZUxHX2FKUU11WnRDY2d2dkY1aDZ1eDZ5STRLRk9sUnY1ZFRwMUo4ZjVTdU1hbjlNUy1hNEdRTG9scnVBY0RhQ3RNa2hsd0F3UXN6RTRkODNiRHNvb1lZMEZackZ3Uml0enB1c0JMVERnOGdnRjg5a04xZzlaZGNOUDN0eENyQVZXNUZuWGpXODA5enc2bm5RSlRZczZ5amJ6Vzloa3dwNWtFaFlKQ2NHeEdoNFVXazZlcndBZFB4cGE5eWM3S09rQkNOT3N2U1BwQ2NGNUpsUnJLVmszcnc1blQwRDM0dw?oc=5,india,"['india', 'palamu tiger reserve seizes kg pangolin scales, busts wildlife crime network across states the times of india palamu tiger reserve seizes kg pangolin scales, busts wildlife crime network across states nbsp; the times of india']",[],Wildlife Crime,83.02,54.03,0,0,70.72,HIGH,UNIQUE,WIL-IND-20260508,8027157855157794068
WCI-4DDA3A34,2026-05-08 23:38:33.005045,en,Woman wanted by Interpol for trafficking tiger parts arrested in India - BBC,"<a href=""https://news.google.com/rss/articles/CBMiWkFVX3lxTFBVbFlDRlVYYVJKS0JPQ2REUnJUd2hvNkVCUDFPMnRod29CZFVGZmQyRzZ4bHNGSzhXdjdMYkJ4Um53bEhmb0ZkN1RyTU02VjVOcUhhV0dOclNxZw?oc=5"" target=""_blank"">Woman wanted by Interpol for trafficking tiger parts arrested in India</a>&nbsp;&nbsp;<font color=""#6f6f6f"">BBC</font>",https://news.google.com/rss/articles/CBMiWkFVX3lxTFBVbFlDRlVYYVJKS0JPQ2REUnJUd2hvNkVCUDFPMnRod29CZFVGZmQyRzZ4bHNGSzhXdjdMYkJ4Um53bEhmb0ZkN1RyTU02VjVOcUhhV0dOclNxZw?oc=5,india,['india'],[],Trafficking,74.89,45.46,0,0,64.08,HIGH,UNIQUE,TRA-IND-20260508,-8204196094360852188
WCI-82C22787,2026-05-08 23:38:50.309734,en,Animal Trafficking Reaches Record High In 2025: Interpol - NDTV,"<a href=""https://news.google.com/rss/articles/CBMimwFBVV95cUxOYW1pcWlRT1dMamlLalRjcndhQ3FPMUNmWURWS0pWbDRvdVhLWEsyQmVIUy02NTF2QUwyTjZVZDhsd0VmaEt3bmpyUnREWkN3Q0RLTjRaYTZiaWdRS2U4OGo3LUFJUWp2VDl4SnZXc0J3UUJEdWtEdUxKc2RTUXFFT1JPWG90emtOX0UzTEFudC0tWjVVemEwaGZ1RdIBowFBVV95cUxPQ0Z2UXh5UzN1SzN6QXpZSjRzMVFvRWJBeHZUdlpDNnVrbElUd01YUHU2dll5c0NEdjBuTEhQUmJodXM0SEJwLUZpUHNpOGJQdk0tMEV5ZzJhQjV2VXhyeVN6NlZqZGg3ZGplSEJhTkM0bU9vaGhGMHBKcFR2bXp2a1dhVzR1clVuQko0dnZIbWNTaEZ5NEZ1RUpWVndiYXk4dE9V?oc=5"" target=""_blank"">Animal Trafficking Reaches Record High In 2025: Interpol</a>&nbsp;&nbsp;<font color=""#6f6f6f"">NDTV</font>",https://news.google.com/rss/articles/CBMimwFBVV95cUxOYW1pcWlRT1dMamlLalRjcndhQ3FPMUNmWURWS0pWbDRvdVhLWEsyQmVIUy02NTF2QUwyTjZVZDhsd0VmaEt3bmpyUnREWkN3Q0RLTjRaYTZiaWdRS2U4OGo3LUFJUWp2VDl4SnZXc0J3UUJEdWtEdUxKc2RTUXFFT1JPWG90emtOX0UzTEFudC0tWjVVemEwaGZ1RdIBowFBVV95cUxPQ0Z2UXh5UzN1SzN6QXpZSjRzMVFvRWJBeHZUdlpDNnVrbElUd01YUHU2dll5c0NEdjBuTEhQUmJodXM0SEJwLUZpUHNpOGJQdk0tMEV5ZzJhQjV2VXhyeVN6NlZqZGg3ZGplSEJhTkM0bU9vaGhGMHBKcFR2bXp2a1dhVzR1clVuQko0dnZIbWNTaEZ5NEZ1RUpWVndiYXk4dE9V?oc=5,Unknown,[],[],Trafficking,70.39,65.89,0,0,68.96,HIGH,UNIQUE,TRA-UNK-20260508,-7391846704034728265
WCI-9B5D29FE,2026-05-08 23:38:56.122695,en,Decade-old case gets fresh life as woman at centre of India’s biggest wildlife trafficking operation is arrested - The Indian Express,"<a href=""https://news.google.com/rss/articles/CBMi8wFBVV95cUxOZndDdVM0X0VYZWNyUnZxcnRodFc2dVYxOUFFMjBCamlZd29KSmF4WnJLM2lONjQwUFhZMVQwbkdBV2Mwb3cyZGxHbV9wSHdxRlI1Q21BeHNWbEtFSnhYME1VampSZGU1dS13Vl8xcWpfc1pDZjBQWVZGV2NUemJ5UDZSQVhzcDFBQXZHeUV0VnYxOHZrTktDWXU2bUJaZjZ2dHB5VUlZb2tFNVdscGJKWm5EaHNhTE93T2tOTVNxQklLZmpGNjJJdVFKemV3alM4dkJ5LTB4aWsweHc5UXJKSTdoekhQUk1uUVZGS0tHVFZxc2fSAfoBQVVfeXFMTmFvN2hQMUZudWFRN1prZWhneGdpVnRBUVJNMk1IZ3psUk10bmVPWW1DMndtbHh2al83czZRdGc0ZDRWYzdvMjZCenlEZ2ZSZk9HUGlzTFFwelJJbnFwN1RFc2dIVmRiSkx3Wl9LMWpXZE1LUjhnS2VzQnZVNmJjdk9xaDVjLVBrSk1HaU5oUEc2YXFxU2toYW1aeWpmTUhKRXVGWUpndUdNTW9JaVJSMHpaa2t2RjVLUktLNFVQbzEtUFJDbEZEekR2UTFsUm9GM0ZRVXN3TTJxOHhOSXZVUUdCWjJ0d1p4NEFFeVhuLUM2WVVtTmZ2Y3dWUQ?oc=5"" target=""_blank"">Decade-old case gets fresh life as woman at centre of India’s biggest wildlife trafficking operation is arrested</a>&nbsp;&nbsp;<font color=""#6f6f6f"">The Indian Express</font>",https://news.google.com/rss/articles/CBMi8wFBVV95cUxOZndDdVM0X0VYZWNyUnZxcnRodFc2dVYxOUFFMjBCamlZd29KSmF4WnJLM2lONjQwUFhZMVQwbkdBV2Mwb3cyZGxHbV9wSHdxRlI1Q21BeHNWbEtFSnhYME1VampSZGU1dS13Vl8xcWpfc1pDZjBQWVZGV2NUemJ5UDZSQVhzcDFBQXZHeUV0VnYxOHZrTktDWXU2bUJaZjZ2dHB5VUlZb2tFNVdscGJKWm5EaHNhTE93T2tOTVNxQklLZmpGNjJJdVFKemV3alM4dkJ5LTB4aWsweHc5UXJKSTdoekhQUk1uUVZGS0tHVFZxc2fSAfoBQVVfeXFMTmFvN2hQMUZudWFRN1prZWhneGdpVnRBUVJNMk1IZ3psUk10bmVPWW1DMndtbHh2al83czZRdGc0ZDRWYzdvMjZCenlEZ2ZSZk9HUGlzTFFwelJJbnFwN1RFc2dIVmRiSkx3Wl9LMWpXZE1LUjhnS2VzQnZVNmJjdk9xaDVjLVBrSk1HaU5oUEc2YXFxU2toYW1aeWpmTUhKRXVGWUpndUdNTW9JaVJSMHpaa2t2RjVLUktLNFVQbzEtUFJDbEZEekR2UTFsUm9GM0ZRVXN3TTJxOHhOSXZVUUdCWjJ0d1p4NEFFeVhuLUM2WVVtTmZ2Y3dWUQ?oc=5,india,['india'],[],Trafficking,63.2,44.88,0,0,62.06,HIGH,UNIQUE,TRA-IND-20260508,-7487240909541922780
WCI-39832230,2026-05-08 23:39:16.008221,en,"Major wildlife trafficking haul in Assam–Nagaland border, one arrested - India Today NE","<a href=""https://news.google.com/rss/articles/CBMixwFBVV95cUxPakNrYktWWEgxZ1dwVlBUMEc5czRfeU1SUjR0Z1lQT1dRTUtJRkVFTEdJLVhxdnpaZGl6dmtiQXNjaExDT2JwTDYyQjJ1d2o5SC1aU0VFSFB6bDh1cDN3ZVNXSklNYVhQVEpXYkRxZDVjaVo1eGdwVTc5YUR2OXFlaHE5RE41N2JyMXhNNC13RmU1RWpqcnMzc1RnVU5kU2JjaUp0cWxORTI3S3k5LW15aVpvMjhYRUpqWk5Xa2hYamRoU2JVU3U40gHMAUFVX3lxTE50M2pWN2FpUUdvV1p1bGhZRVAxMjJvSTdIX1BnNHhDb1FMREhKSWF6am13T2lXSnpkYUlvLVV6bzhEQlBjb3hfVUc3RjROQU9jYnlXU2dNaERWWml6WjkzU2JsVHBscnpuYU5wNUZ1MWVNMi04dUxwbnZrVGVIZmV6TEJOdVpCNHdZem1YLXdFWVI4cUZaRkQ5RDBzaFFzejBZa1VoaEZUOWZaV1lWeUFMWnk0Q0twQVFXZVBETE5MSHFxYVNCcmdkclBoWQ?oc=5"" target=""_blank"">Major wildlife trafficking haul in Assam–Nagaland border, one arrested</a>&nbsp;&nbsp;<font color=""#6f6f6f"">India Today NE</font>",https://news.google.com/rss/articles/CBMixwFBVV95cUxPakNrYktWWEgxZ1dwVlBUMEc5czRfeU1SUjR0Z1lQT1dRTUtJRkVFTEdJLVhxdnpaZGl6dmtiQXNjaExDT2JwTDYyQjJ1d2o5SC1aU0VFSFB6bDh1cDN3ZVNXSklNYVhQVEpXYkRxZDVjaVo1eGdwVTc5YUR2OXFlaHE5RE41N2JyMXhNNC13RmU1RWpqcnMzc1RnVU5kU2JjaUp0cWxORTI3S3k5LW15aVpvMjhYRUpqWk5Xa2hYamRoU2JVU3U40gHMAUFVX3lxTE50M2pWN2FpUUdvV1p1bGhZRVAxMjJvSTdIX1BnNHhDb1FMREhKSWF6am13T2lXSnpkYUlvLVV6bzhEQlBjb3hfVUc3RjROQU9jYnlXU2dNaERWWml6WjkzU2JsVHBscnpuYU5wNUZ1MWVNMi04dUxwbnZrVGVIZmV6TEJOdVpCNHdZem1YLXdFWVI4cUZaRkQ5RDBzaFFzejBZa1VoaEZUOWZaV1lWeUFMWnk0Q0twQVFXZVBETE5MSHFxYVNCcmdkclBoWQ?oc=5,india,"['india', 'assam', 'nagaland']",[],Trafficking,56.94,66.26,0,0,61.35,HIGH,UNIQUE,TRA-IND-20260508,6098175680858992088
WCI-88A49738,2026-05-08 23:39:25.321650,en,"Inter-state Wildlife Crime Syndicate Dismantled, Female Smuggler Arrested For First Time - ETV Bharat","<a href=""https://news.google.com/rss/articles/CBMizgFBVV95cUxPR2FBNUxZLWhPdE9uNFg3U1l0OVJyeDhocUwwSEtPZFRlSXROTEJ6U2tRd2x0XzZUZm5qMG1KclAyWnlfZ3BmUTQzamtpOVB2SFlqaHUxbTZKNl91VGo5cV9hdTFuYUcxRzZqcFVLYUw4TUJXR1A0Q3huTEtxQ0twdmJwS0VPeGd3X3YzOVMyTHJmd05JMHNDRnFxbDdGREZnVi0tNzdnMXVmbmhJT2s4eHl4Q3ZlZmxPTmtDSmQ0WHR5MExISlNmWmVIR0NBQQ?oc=5"" target=""_blank"">Inter-state Wildlife Crime Syndicate Dismantled, Female Smuggler Arrested For First Time</a>&nbsp;&nbsp;<font color=""#6f6f6f"">ETV Bharat</font>",https://news.google.com/rss/articles/CBMizgFBVV95cUxPR2FBNUxZLWhPdE9uNFg3U1l0OVJyeDhocUwwSEtPZFRlSXROTEJ6U2tRd2x0XzZUZm5qMG1KclAyWnlfZ3BmUTQzamtpOVB2SFlqaHUxbTZKNl91VGo5cV9hdTFuYUcxRzZqcFVLYUw4TUJXR1A0Q3huTEtxQ0twdmJwS0VPeGd3X3YzOVMyTHJmd05JMHNDRnFxbDdGREZnVi0tNzdnMXVmbmhJT2s4eHl4Q3ZlZmxPTmtDSmQ0WHR5MExISlNmWmVIR0NBQQ?oc=5,Unknown,[],[],Wildlife Crime,63.27,59.49,0,0,66.48,HIGH,UNIQUE,WIL-UNK-20260508,-3560445616116579923
WCI-BEC19829,2026-05-08 23:39:38.619185,en,Global tiger trafficking crisis worsens with nine big cats seized monthly - AP News,"<a href=""https://news.google.com/rss/articles/CBMitgFBVV95cUxQWlF3X2pTUVdrNk5MRHc3WHNVM21ocFlmeThjN1lZX0syYWtraDNMNGJoUHRmUTdlc0ZzTFY3VkIzRF9uMFV2enV6ekxuMmJoeHA3MnI1Q0VKUVYwNTVHd1dBRFJKdmI4X1JvM2Z4ODltckQ4cFN1QnllRUtxemw1ZGw0TFlqQmJTX1paTGxOU2MwalZteG1ZQXRiNXZtYjlGenFhdUVHU0gwTUprV25iV3hYLXZ2Zw?oc=5"" target=""_blank"">Global tiger trafficking crisis worsens with nine big cats seized monthly</a>&nbsp;&nbsp;<font color=""#6f6f6f"">AP News</font>",https://news.google.com/rss/articles/CBMitgFBVV95cUxQWlF3X2pTUVdrNk5MRHc3WHNVM21ocFlmeThjN1lZX0syYWtraDNMNGJoUHRmUTdlc0ZzTFY3VkIzRF9uMFV2enV6ekxuMmJoeHA3MnI1Q0VKUVYwNTVHd1dBRFJKdmI4X1JvM2Z4ODltckQ4cFN1QnllRUtxemw1ZGw0TFlqQmJTX1paTGxOU2MwalZteG1ZQXRiNXZtYjlGenFhdUVHU0gwTUprV25iV3hYLXZ2Zw?oc=5,Unknown,[],[],Trafficking,72.44,48.19,0,0,63.68,HIGH,UNIQUE,TRA-UNK-20260508,7586550089657836810
WCI-9A2FD7D0,2026-05-08 23:39:45.933082,en,"Gujarat: Wildlife trade racket busted, Indian star tortoises and rose-ringed parakeets rescued - The Hans India","<a href=""https://news.google.com/rss/articles/CBMi2wFBVV95cUxNNmFlaVptRG1wUk1oNUMySjRQRkJpWW4waUlmVGpBM2xOaGVVeXZaMGo1T0xlaExMOFFOT2xRUHVBeUcxZDdzSF9VV0lsNlNRR3IwOW1XS1JDWDhoOWlfOUwzeEw2ZXpEb19uSzNiNy1mYlZ4a2RJalRqLXREVzByWERabTNRU1JrLVZtSG5TMGRUX2NtNXg2R0ZQUDlQRE5nMjdUb2d1emZpTXRmcFNxZDlVS2ZSaUFhck0yVEZBYVVLR2pCRjRxNkhoblU0TFNoQy1SR0x0c25TLXfSAeABQVVfeXFMT1lPVmM4YlJaVzE0ZWs5YjA3aWJqLWRnUThQa1VXTW9UTmNOcDZkUHJIQzFQbElrZ09vRnFlbzNzU2FjNFE4OGlURkdqbnlmeVNYV25DUzhRWFlTVnNsT2k5NlBkSnBNOWVINWU3X3JPWUxleWRMUHhHbklTNWNOR2VWRjlaUmtta1pCQ0Z0cW1ISkJteXFMZXE2eWpwUXNZRWhRNV9ueEx6M0tIY19LRnlwTktoSGp5MVJTa2Q5ejlfZW1pY193RUVSNDZrS2o4T2MtV3ZoVHlzeDcteTlrUWk?oc=5"" target=""_blank"">Gujarat: Wildlife trade racket busted, Indian star tortoises and rose-ringed parakeets rescued</a>&nbsp;&nbsp;<font color=""#6f6f6f"">The Hans India</font>",https://news.google.com/rss/articles/CBMi2wFBVV95cUxNNmFlaVptRG1wUk1oNUMySjRQRkJpWW4waUlmVGpBM2xOaGVVeXZaMGo1T0xlaExMOFFOT2xRUHVBeUcxZDdzSF9VV0lsNlNRR3IwOW1XS1JDWDhoOWlfOUwzeEw2ZXpEb19uSzNiNy1mYlZ4a2RJalRqLXREVzByWERabTNRU1JrLVZtSG5TMGRUX2NtNXg2R0ZQUDlQRE5nMjdUb2d1emZpTXRmcFNxZDlVS2ZSaUFhck0yVEZBYVVLR2pCRjRxNkhoblU0TFNoQy1SR0x0c25TLXfSAeABQVVfeXFMT1lPVmM4YlJaVzE0ZWs5YjA3aWJqLWRnUThQa1VXTW9UTmNOcDZkUHJIQzFQbElrZ09vRnFlbzNzU2FjNFE4OGlURkdqbnlmeVNYV25DUzhRWFlTVnNsT2k5NlBkSnBNOWVINWU3X3JPWUxleWRMUHhHbklTNWNOR2VWRjlaUmtta1pCQ0Z0cW1ISkJteXFMZXE2eWpwUXNZRWhRNV9ueEx6M0tIY19LRnlwTktoSGp5MVJTa2Q5ejlfZW1pY193RUVSNDZrS2o4T2MtV3ZoVHlzeDcteTlrUWk?oc=5,india,"['india', 'gujarat']",[],Wildlife Crime,79.99,54.52,0,0,65.35,HIGH,UNIQUE,WIL-IND-20260508,2540693083209948918
WCI-9C34B0E8,2026-05-08 23:40:15.170446,en,"BHUTAN, INDIA, AND NEPAL COLLABORATE TO COUNTER WILDLIFE TRAFFICKING IN SOUTH ASIA - WWF India","<a href=""https://news.google.com/rss/articles/CBMisgFBVV95cUxQeGJKZm5uQWVpX2Q0SFlpQ2djdnhxQ2dlYVZ0Q3Z4cW1mX0MxaUw0NnpFbVJ0U3puQTVNaXNScmFiOVZzVTZFYm94NUJWX2pyRTVjbzhqcDAzZDNrcXdPeEdHRHhJRjFoRjc4czkzcUZHLS1hYXF5OUNHb3BQUEJZUTJEV25zUEloME0zOWRHWnJYOWJlaDFuSHRGV2pHRjRwbXMxRmdoaUlKU082cGFFQlBR?oc=5"" target=""_blank"">BHUTAN, INDIA, AND NEPAL COLLABORATE TO COUNTER WILDLIFE TRAFFICKING IN SOUTH ASIA</a>&nbsp;&nbsp;<font color=""#6f6f6f"">WWF India</font>",https://news.google.com/rss/articles/CBMisgFBVV95cUxQeGJKZm5uQWVpX2Q0SFlpQ2djdnhxQ2dlYVZ0Q3Z4cW1mX0MxaUw0NnpFbVJ0U3puQTVNaXNScmFiOVZzVTZFYm94NUJWX2pyRTVjbzhqcDAzZDNrcXdPeEdHRHhJRjFoRjc4czkzcUZHLS1hYXF5OUNHb3BQUEJZUTJEV25zUEloME0zOWRHWnJYOWJlaDFuSHRGV2pHRjRwbXMxRmdoaUlKU082cGFFQlBR?oc=5,bhutan,"['bhutan', 'india', 'south asia wwf', 'india bhutan', 'south asia nbsp']",[],Trafficking,77.53,57.18,0,0,64.92,HIGH,UNIQUE,TRA-BHU-20260508,7244587070879354812
WCI-3BDA4C2B,2026-05-08 23:40:46.534876,en,Wildlife Crime - ClearIAS,"<a href=""https://news.google.com/rss/articles/CBMiUkFVX3lxTE1acWo3U290TV84VXBGWXk4eWtzaW5seU1kWE0zNjM1NU15dlZXdk5QdG82VWo1cHE1UTV6ZU9VWGV6R0cyMFJDUG1tV3YwMF9RcXc?oc=5"" target=""_blank"">Wildlife Crime</a>&nbsp;&nbsp;<font color=""#6f6f6f"">ClearIAS</font>",https://news.google.com/rss/articles/CBMiUkFVX3lxTE1acWo3U290TV84VXBGWXk4eWtzaW5seU1kWE0zNjM1NU15dlZXdk5QdG82VWo1cHE1UTV6ZU9VWGV6R0cyMFJDUG1tV3YwMF9RcXc?oc=5,Unknown,[],[],Wildlife Crime,74.64,69.26,0,0,72.1,HIGH,UNIQUE,WIL-UNK-20260508,8690026863198452271
WCI-EF0224BB,2026-05-08 23:41:14.598107,en,ENFORCEMENT AGENCIES TRAIN TOGETHER TO STOP WILDLIFE TRAFFICKING ACROSS INDIA’S HIMALAYAS - WWF India,"<a href=""https://news.google.com/rss/articles/CBMivAFBVV95cUxQUUpZZ2VLYXMwY3lLel9Jd1FEWWhueTRSUmJXV1VkUUJkYXprN29NdTFSX0pkc0I5UC1sTkg4THU5SVlSU1JoZElybkI1NFJtRFhWS2tMU3JSV3NEZmF4ZWxXaF9RejlVTm9GUGtuUUdsSUJxYUlja3FvS2FORldYclFnWkUxcVJ4M0QzTnNXWkFRYkc1dmdGVlhrS21LNHRWMXlDMFBYaVdGQU5Wb0V0NWczSG1RMnZPSGdLSw?oc=5"" target=""_blank"">ENFORCEMENT AGENCIES TRAIN TOGETHER TO STOP WILDLIFE TRAFFICKING ACROSS INDIA’S HIMALAYAS</a>&nbsp;&nbsp;<font color=""#6f6f6f"">WWF India</font>",https://news.google.com/rss/articles/CBMivAFBVV95cUxQUUpZZ2VLYXMwY3lLel9Jd1FEWWhueTRSUmJXV1VkUUJkYXprN29NdTFSX0pkc0I5UC1sTkg4THU5SVlSU1JoZElybkI1NFJtRFhWS2tMU3JSV3NEZmF4ZWxXaF9RejlVTm9GUGtuUUdsSUJxYUlja3FvS2FORldYclFnWkUxcVJ4M0QzTnNXWkFRYkc1dmdGVlhrS21LNHRWMXlDMFBYaVdGQU5Wb0V0NWczSG1RMnZPSGdLSw?oc=5,india,['india'],[],Trafficking,70.66,61.13,0,0,62.67,HIGH,UNIQUE,TRA-IND-20260508,1696404761782941640
WCI-FEEE92D1,2026-05-08 23:41:35.054900,en,FIRST OF ITS KIND PROJECT LAUNCHES NEW TOOLS TO COMBAT WILDLIFE TRAFFICKING IN INDIA’S AIRPORT - WWF India,"<a href=""https://news.google.com/rss/articles/CBMiqwFBVV95cUxOLVdVdUpMNGdROV90TEdZM25QTkxJR3VtcU1lTjVNLTJqSkV4VVJDQm1kdDdRcVk5cUU3YjVJTElFQVVkSFZBOUJ4UXVZTElIb2dGdTFCZWNudDlhZTRQQ0U5ZFhWTFd4SkN4MDdEcm85TkFoYkp0SWpvOFVOem1PUm1lSm5pcEd1cTN5cXlqQmszVHVPWlVNMmJOUEdDMEt5QXFPQWhIQXpRZmc?oc=5"" target=""_blank"">FIRST OF ITS KIND PROJECT LAUNCHES NEW TOOLS TO COMBAT WILDLIFE TRAFFICKING IN INDIA’S AIRPORT</a>&nbsp;&nbsp;<font color=""#6f6f6f"">WWF India</font>",https://news.google.com/rss/articles/CBMiqwFBVV95cUxOLVdVdUpMNGdROV90TEdZM25QTkxJR3VtcU1lTjVNLTJqSkV4VVJDQm1kdDdRcVk5cUU3YjVJTElFQVVkSFZBOUJ4UXVZTElIb2dGdTFCZWNudDlhZTRQQ0U5ZFhWTFd4SkN4MDdEcm85TkFoYkp0SWpvOFVOem1PUm1lSm5pcEd1cTN5cXlqQmszVHVPWlVNMmJOUEdDMEt5QXFPQWhIQXpRZmc?oc=5,india airport,"['india airport', 'india', 'india airport nbsp']",[],Trafficking,71.38,60.22,0,0,62.76,HIGH,UNIQUE,TRA-IND-20260508,-5144707632402984955
WCI-8F1E8683,2026-05-08 23:42:35.116980,en,GEARING UP TO FIGHT WILDLIFE CRIME AT MELGHAT TIGER RESERVE: FOREST OFFICIALS HONE THEIR SKILLS - WWF India,"<a href=""https://news.google.com/rss/articles/CBMilgFBVV95cUxNZXo0dDl6QVdoSTQxVF9aXzlYTE5FUEJaYXQwYWN5M1czMVFkT0ZMQlZETXl5MWxOTEQ3ckc1R2tDMHVaVjNpbWJiLUEydFQ0cDR4b0s2dUluVlFPX3Z5RUcxRWdpMU9pY1h2b0VCZUtUUnZSc2MwMl8wTDNMTEY0T1hWUHlrZV9sXzVqOHFGdHpkZ09FSkE?oc=5"" target=""_blank"">GEARING UP TO FIGHT WILDLIFE CRIME AT MELGHAT TIGER RESERVE: FOREST OFFICIALS HONE THEIR SKILLS</a>&nbsp;&nbsp;<font color=""#6f6f6f"">WWF India</font>",https://news.google.com/rss/articles/CBMilgFBVV95cUxNZXo0dDl6QVdoSTQxVF9aXzlYTE5FUEJaYXQwYWN5M1czMVFkT0ZMQlZETXl5MWxOTEQ3ckc1R2tDMHVaVjNpbWJiLUEydFQ0cDR4b0s2dUluVlFPX3Z5RUcxRWdpMU9pY1h2b0VCZUtUUnZSc2MwMl8wTDNMTEY0T1hWUHlrZV9sXzVqOHFGdHpkZ09FSkE?oc=5,india,"['india', 'gearing up to fight wildlife crime at melghat tiger reserve: forest officials hone their skills wwf india gearing up to fight wildlife crime at melghat tiger reserve: forest officials hone their skills nbsp; wwf india']",[],Wildlife Crime,87.33,52.72,0,0,72.48,HIGH,UNIQUE,WIL-IND-20260508,418443918748687183
WCI-18E9AEC1,2026-05-08 23:43:12.262159,en,Assam Forest Department learn new skills to crack wildlife cybercrime - Traffic.org,"<a href=""https://news.google.com/rss/articles/CBMiekFVX3lxTE5hMzhGQWxKSXhRMWRTdEpWeXB3Z2JsbkJ5SkVaYW83RXBrX0lBS2h1Mzljc1lIM3BGWDRCZjg4OGJfSXR1XzNCakVXandnbjJBYy1jNGR4VW9TTC1nanZzTzF6UnNBbDJYMGxPUDNuWEpsRTVXTWNpeWV3?oc=5"" target=""_blank"">Assam Forest Department learn new skills to crack wildlife cybercrime</a>&nbsp;&nbsp;<font color=""#6f6f6f"">Traffic.org</font>",https://news.google.com/rss/articles/CBMiekFVX3lxTE5hMzhGQWxKSXhRMWRTdEpWeXB3Z2JsbkJ5SkVaYW83RXBrX0lBS2h1Mzljc1lIM3BGWDRCZjg4OGJfSXR1XzNCakVXandnbjJBYy1jNGR4VW9TTC1nanZzTzF6UnNBbDJYMGxPUDNuWEpsRTVXTWNpeWV3?oc=5,assam,"['assam', 'assam forest department learn new skills to crack wildlife cybercrime traffic', 'org assam forest department learn new skills to crack wildlife cybercrime nbsp; traffic']",[],Wildlife Crime,73.33,56.15,0,0,62.51,HIGH,UNIQUE,WIL-ASS-20260508,-5290146435389510464
WCI-FB7F5C67,2026-05-08 23:43:32.254567,en,India’s Wildlife Trafficking Epidemic - The Diplomat – Asia-Pacific,"<a href=""https://news.google.com/rss/articles/CBMieEFVX3lxTFB4Rmp1OG81VmJ0d1JWaGhRNHBXN05FSk5GdlI0X2RNMHhnZDVoMFd4OFJzRElJbWZMZmpEb0FXNUZkazIxZW5oOXZNX28wTkVEckswV3VZSUlMR056UC1tMnhXZzhOSVpNWjFnUmtYQ2FKLUJ1UllLeg?oc=5"" target=""_blank"">India’s Wildlife Trafficking Epidemic</a>&nbsp;&nbsp;<font color=""#6f6f6f"">The Diplomat – Asia-Pacific</font>",https://news.google.com/rss/articles/CBMieEFVX3lxTFB4Rmp1OG81VmJ0d1JWaGhRNHBXN05FSk5GdlI0X2RNMHhnZDVoMFd4OFJzRElJbWZMZmpEb0FXNUZkazIxZW5oOXZNX28wTkVEckswV3VZSUlMR056UC1tMnhXZzhOSVpNWjFnUmtYQ2FKLUJ1UllLeg?oc=5,india,"['india', 'asia-pacific']",[],Trafficking,64.79,70.59,0,0,62.57,HIGH,UNIQUE,TRA-IND-20260508,2488384595864802537
WCI-ABACCF7E,2026-05-08 23:47:43.420472,en,Rock eagle owls rescued from wildlife trafficking racket - Humane World for Animals,"<a href=""https://news.google.com/rss/articles/CBMid0FVX3lxTE42OTdWczFpNmY0cWJSM3N3Q0lrSTZLZlFrX0lJekJrd2Q4SDQtRzQtRExpTGtCcWJSZmg2bE9sazBEUnBSNGJoX2NhZUVYdW5LYV82dGR1M0V6aG1hcEpBcGJEUkE0NG1ZYVdwQnlQYWx0WFVNUW40?oc=5"" target=""_blank"">Rock eagle owls rescued from wildlife trafficking racket</a>&nbsp;&nbsp;<font color=""#6f6f6f"">Humane World for Animals</font>",https://news.google.com/rss/articles/CBMid0FVX3lxTE42OTdWczFpNmY0cWJSM3N3Q0lrSTZLZlFrX0lJekJrd2Q4SDQtRzQtRExpTGtCcWJSZmg2bE9sazBEUnBSNGJoX2NhZUVYdW5LYV82dGR1M0V6aG1hcEpBcGJEUkE0NG1ZYVdwQnlQYWx0WFVNUW40?oc=5,Unknown,[],[],Trafficking,61.61,65.25,0,0,63.38,HIGH,UNIQUE,TRA-UNK-20260508,-7043438045116639861
WCI-D60ECF73,2026-05-08 23:49:31.283032,en,"Illegal wildlife trade linked to pet shop busted in Mangaluru, four arrested - The New Indian Express","<a href=""https://news.google.com/rss/articles/CBMi1gFBVV95cUxONlVIb0hCX1J6bEE2dWYzRDdpZkQ0T3d3ZEtjakRjeVBLa0NsX1dma213R2ctSlVpS3NmVURtUEptaG54cVlOODhoX3lIWEVGS00zMF9hSXBaX0I1a1NFcklDSkNSWXFWQ21GQmlfNVJ4Ql9uZ3NjdUs5YlIyVlNaZXlCdHRfMGZGekdUUWRzcmNRQS1fYkJWaG5TblB5eFVnZkpCOWhLcnJHYjJ5Mm45UC1vX3RoRnpGRy1Jd1BjSnIwYmtsUDQ4VVJWTFdFTjRFYnR4NXlB0gHjAUFVX3lxTE9uY1Fyc0ZIcEZoQ0Z2MlNfUmdDTUUwZDNDdWdScDFMdExRRVUySmNRbktWYXNVbzkyR2JUTGZ3SXNiS01PTGpHSXhDQnBHcHhHZ0RpdEVRRjZaZEZoQms1MzBUQkFEY0l0bHBMd2hDMFp4cVdjbDhqNEdDMEQ3cXJremVMY0MzektjRy1PcVE0Z1hfa0t5T0tZUDFzSGJBcXQ1NjR6X0ZQSlpmd0RnZGFJb2hGN0hTUm9jTk4ybEd3ejdON2FYY19Qb2hxWDZEMEVXZXZtUk5jNU1XeDUtMl81YkE0?oc=5"" target=""_blank"">Illegal wildlife trade linked to pet shop busted in Mangaluru, four arrested</a>&nbsp;&nbsp;<font color=""#6f6f6f"">The New Indian Express</font>",https://news.google.com/rss/articles/CBMi1gFBVV95cUxONlVIb0hCX1J6bEE2dWYzRDdpZkQ0T3d3ZEtjakRjeVBLa0NsX1dma213R2ctSlVpS3NmVURtUEptaG54cVlOODhoX3lIWEVGS00zMF9hSXBaX0I1a1NFcklDSkNSWXFWQ21GQmlfNVJ4Ql9uZ3NjdUs5YlIyVlNaZXlCdHRfMGZGekdUUWRzcmNRQS1fYkJWaG5TblB5eFVnZkpCOWhLcnJHYjJ5Mm45UC1vX3RoRnpGRy1Jd1BjSnIwYmtsUDQ4VVJWTFdFTjRFYnR4NXlB0gHjAUFVX3lxTE9uY1Fyc0ZIcEZoQ0Z2MlNfUmdDTUUwZDNDdWdScDFMdExRRVUySmNRbktWYXNVbzkyR2JUTGZ3SXNiS01PTGpHSXhDQnBHcHhHZ0RpdEVRRjZaZEZoQms1MzBUQkFEY0l0bHBMd2hDMFp4cVdjbDhqNEdDMEQ3cXJremVMY0MzektjRy1PcVE0Z1hfa0t5T0tZUDFzSGJBcXQ1NjR6X0ZQSlpmd0RnZGFJb2hGN0hTUm9jTk4ybEd3ejdON2FYY19Qb2hxWDZEMEVXZXZtUk5jNU1XeDUtMl81YkE0?oc=5,mangaluru,['mangaluru'],[],Wildlife Crime,68.33,66.02,0,0,62.97,HIGH,UNIQUE,WIL-MAN-20260508,-3188319412777644805
WCI-41442F62,2026-05-08 23:54:33.104780,en,"Over 100 Parrots Seized in Major Forest Department Crackdown in Jamshedpur, Smuggler Arrested - The Avenue Mail","<a href=""https://news.google.com/rss/articles/CBMikwFBVV95cUxNYk5uTnJ5MHRxNjVQTVJVZks1My00c0xTbFN2VnBKWGk4YTVKN0ZhTHlocUFaTHNlUEtxNDlvMUl2ekJMRzBoU0Znb092c1A2bkZtOWhvWUstZm1rU256elctc1Ewb2ZDNXNTcHFwRlhyZ2xXc1V5SHQxM0QyZU0wWDhJOEY2SFF0T1d2Tnctekxmdk0?oc=5"" target=""_blank"">Over 100 Parrots Seized in Major Forest Department Crackdown in Jamshedpur, Smuggler Arrested</a>&nbsp;&nbsp;<font color=""#6f6f6f"">The Avenue Mail</font>",https://news.google.com/rss/articles/CBMikwFBVV95cUxNYk5uTnJ5MHRxNjVQTVJVZks1My00c0xTbFN2VnBKWGk4YTVKN0ZhTHlocUFaTHNlUEtxNDlvMUl2ekJMRzBoU0Znb092c1A2bkZtOWhvWUstZm1rU256elctc1Ewb2ZDNXNTcHFwRlhyZ2xXc1V5SHQxM0QyZU0wWDhJOEY2SFF0T1d2Tnctekxmdk0?oc=5,"over parrots seized in major forest department crackdown in jamshedpur, smuggler arrested the avenue mail over parrots seized in major forest department crackdown in jamshedpur, smuggler arrested nbsp; the avenue mail","['over parrots seized in major forest department crackdown in jamshedpur, smuggler arrested the avenue mail over parrots seized in major forest department crackdown in jamshedpur, smuggler arrested nbsp; the avenue mail']",[],Wildlife Crime,60.35,62.24,0,0,65.85,HIGH,UNIQUE,WIL-OVE-20260508,-4220791633337793713
WCI-5B87A20B,2026-05-08 23:56:48.686100,en,"DRI Seizes Leopard Skin Trophy In Bhopal, 3 Arrested In Wildlife Smuggling Bust - Republic World","<a href=""https://news.google.com/rss/articles/CBMitAFBVV95cUxOOTRudDBHbklVQTNLb0ZjRXlFb1FEdGdvMzlyWUNDZGJPRGtvMWowNldxejlSN1B6WElya3BlTHdCOVFHelZydWpTVlJZWUI2MW0xSl9DOTNWUU5wSXk3WTBjRmYtdGtnT2xseUdmSzZjQmVqTDhNZmF3TXlwQkJaNU8zT2ZtLWF1TmtYNWR5bFhmZ1hVQ1hPM2Z5VEdBVjJaWTU4c1dMeEVyUk9peXFWNzlVWWHSAboBQVVfeXFMT1NveF9GYWNwM2UtcTFYNEpoR04tR0ZkeTY5NkdkNlN4STRURFRWMmVzMXktTkJGckJiRUUzWXNCOUhOa1JTQWo4NklfeG1aZjBCZUVlVW9PbEhQeGpOUGdUY0swRTEta1NFTGF1akY0UlIxaEktUTJtUk41VXBHUHBySWdNNUh2TjFReHp2U043X0RPejVHZkl0ajctTWFsaHktVmVKUGhobVZZMzhKbWc0STFvVE9SNXJR?oc=5"" target=""_blank"">DRI Seizes Leopard Skin Trophy In Bhopal, 3 Arrested In Wildlife Smuggling Bust</a>&nbsp;&nbsp;<font color=""#6f6f6f"">Republic World</font>",https://news.google.com/rss/articles/CBMitAFBVV95cUxOOTRudDBHbklVQTNLb0ZjRXlFb1FEdGdvMzlyWUNDZGJPRGtvMWowNldxejlSN1B6WElya3BlTHdCOVFHelZydWpTVlJZWUI2MW0xSl9DOTNWUU5wSXk3WTBjRmYtdGtnT2xseUdmSzZjQmVqTDhNZmF3TXlwQkJaNU8zT2ZtLWF1TmtYNWR5bFhmZ1hVQ1hPM2Z5VEdBVjJaWTU4c1dMeEVyUk9peXFWNzlVWWHSAboBQVVfeXFMT1NveF9GYWNwM2UtcTFYNEpoR04tR0ZkeTY5NkdkNlN4STRURFRWMmVzMXktTkJGckJiRUUzWXNCOUhOa1JTQWo4NklfeG1aZjBCZUVlVW9PbEhQeGpOUGdUY0swRTEta1NFTGF1akY0UlIxaEktUTJtUk41VXBHUHBySWdNNUh2TjFReHp2U043X0RPejVHZkl0ajctTWFsaHktVmVKUGhobVZZMzhKbWc0STFvVE9SNXJR?oc=5,Unknown,[],[],Smuggling,64.34,69.37,0,0,65.98,HIGH,UNIQUE,SMU-UNK-20260508,9168774311773462144
WCI-B97A4FDE,2026-05-08 23:58:27.078491,en,SEA CUCUMBER IN DEEP WATERS: NEW STUDY REVEALS WORRYING ILLEGAL TRADE IN INDIA - WWF India,"<a href=""https://news.google.com/rss/articles/CBMirwFBVV95cUxOQlpTZDBuYl9KTU8tZXN0NmhNdEd0dlh5enNIb3VPOXR4WVQ4SnZMZVdfOVR6RHl3Z0ZWTXpOdm53bVg3UHBKUmltQnV3eC1QNS1mNTNWUmRRVTZUclZtU2tyQi14cnZsWWU3ejRHa05Pd2d2NFc2aDVwU2JjN0EwTGRnV2lMNV85R21yY1FlbTBEZkdCWjhueEZ6QjBoVFFuX2lMM2tpZFNkbXE1Q2cw?oc=5"" target=""_blank"">SEA CUCUMBER IN DEEP WATERS: NEW STUDY REVEALS WORRYING ILLEGAL TRADE IN INDIA</a>&nbsp;&nbsp;<font color=""#6f6f6f"">WWF India</font>",https://news.google.com/rss/articles/CBMirwFBVV95cUxOQlpTZDBuYl9KTU8tZXN0NmhNdEd0dlh5enNIb3VPOXR4WVQ4SnZMZVdfOVR6RHl3Z0ZWTXpOdm53bVg3UHBKUmltQnV3eC1QNS1mNTNWUmRRVTZUclZtU2tyQi14cnZsWWU3ejRHa05Pd2d2NFc2aDVwU2JjN0EwTGRnV2lMNV85R21yY1FlbTBEZkdCWjhueEZ6QjBoVFFuX2lMM2tpZFNkbXE1Q2cw?oc=5,india,['india'],[],Wildlife Crime,80.79,39.71,0,0,61.31,HIGH,UNIQUE,WIL-IND-20260508,-5811253118729401295
WCI-ADD59BDF,2026-05-09 00:02:55.156315,en,Wildlife Smuggling: Man Arrested at Kempegowda Airport - Deccan Herald,"<a href=""https://news.google.com/rss/articles/CBMiuwFBVV95cUxNQkpUeUdURVZUbHBCR0hRUEFOMERrcUFfYVJhbkJ5bWZBZnpTQXF5LUljZW9OTC1jMXlOZnpVckJ1UW8tVldiOHhOV2lZcG5YQXpSbHlKbUowZHJTck92ZUVGczhpREtDTG44eENuRUZranJHazlRaDkxUDJ2Y0lNbVd3X0x4Rk5wQTFUSnA1bjE0UTN0MnhTYU9MYVpXY3dFUjJYemMwelJHdnZOUW9pZ0ZISl9zVGJUQVlF?oc=5"" target=""_blank"">Wildlife Smuggling: Man Arrested at Kempegowda Airport</a>&nbsp;&nbsp;<font color=""#6f6f6f"">Deccan Herald</font>",https://news.google.com/rss/articles/CBMiuwFBVV95cUxNQkpUeUdURVZUbHBCR0hRUEFOMERrcUFfYVJhbkJ5bWZBZnpTQXF5LUljZW9OTC1jMXlOZnpVckJ1UW8tVldiOHhOV2lZcG5YQXpSbHlKbUowZHJTck92ZUVGczhpREtDTG44eENuRUZranJHazlRaDkxUDJ2Y0lNbVd3X0x4Rk5wQTFUSnA1bjE0UTN0MnhTYU9MYVpXY3dFUjJYemMwelJHdnZOUW9pZ0ZISl9zVGJUQVlF?oc=5,kempegowda airport nbsp,['kempegowda airport nbsp'],[],Smuggling,83.21,61.18,0,0,72.96,HIGH,UNIQUE,SMU-KEM-20260509,5345337582133860305
WCI-139BEF6F,2026-05-09 00:03:30.567135,en,Wildlife smuggling bid foiled at Chennai airport; man arrested - The Times of India,"<a href=""https://news.google.com/rss/articles/CBMi0gFBVV95cUxNY2w0VERreGhRc2I1ZUlWV2hVTF9qYWxxVV91Rnh5aVZZT1d0ZThpQ2p6ZGl6OVEwREhBWU14Z2VvaGpmUkR2WWNYalk2U212SGUyVWtLaU52WllkRVY5ZVgwbWFVQzJEZ21mZzZqMWluY3JWVUFfV1M4VEJSR2VDblFTdmpMaU1INWdYOUNMYkx6QnBOSFN3aE5nLTJJbFo5T2ZiYl91eGdGRWxjZFJwTGdHRnF2NXZkNVJaZTQtSlBXWkc5UGtNa2JBbHhtX3g1b0HSAdcBQVVfeXFMUDJPSFZZTUdESUZ0Wkx3TUw1X1pia1ItalIxVTI0eTVpUHJpaTU1bjRtVE1Oc2VhRFB0TlZhVWI1enM2QmVCU0FiQkxmdVpxYlZzYXZyajhhNnpGeWFDSEszNDM3QWVSMHFvOWNFZkp4WlUwbkF0d3o1ZU03bmNrcU1GOGV4WWU1MGlzZEhzVHhqX05LMVFhcnlLem1kWUpCWlE4QklGOFVuSWZFSzJMS3ZVSUZpcXpOZGNKWWFGOUlhTC1hTFdIZVFwbmpLdUplQ3NUMENyM0E?oc=5"" target=""_blank"">Wildlife smuggling bid foiled at Chennai airport; man arrested</a>&nbsp;&nbsp;<font color=""#6f6f6f"">The Times of India</font>",https://news.google.com/rss/articles/CBMi0gFBVV95cUxNY2w0VERreGhRc2I1ZUlWV2hVTF9qYWxxVV91Rnh5aVZZT1d0ZThpQ2p6ZGl6OVEwREhBWU14Z2VvaGpmUkR2WWNYalk2U212SGUyVWtLaU52WllkRVY5ZVgwbWFVQzJEZ21mZzZqMWluY3JWVUFfV1M4VEJSR2VDblFTdmpMaU1INWdYOUNMYkx6QnBOSFN3aE5nLTJJbFo5T2ZiYl91eGdGRWxjZFJwTGdHRnF2NXZkNVJaZTQtSlBXWkc5UGtNa2JBbHhtX3g1b0HSAdcBQVVfeXFMUDJPSFZZTUdESUZ0Wkx3TUw1X1pia1ItalIxVTI0eTVpUHJpaTU1bjRtVE1Oc2VhRFB0TlZhVWI1enM2QmVCU0FiQkxmdVpxYlZzYXZyajhhNnpGeWFDSEszNDM3QWVSMHFvOWNFZkp4WlUwbkF0d3o1ZU03bmNrcU1GOGV4WWU1MGlzZEhzVHhqX05LMVFhcnlLem1kWUpCWlE4QklGOFVuSWZFSzJMS3ZVSUZpcXpOZGNKWWFGOUlhTC1hTFdIZVFwbmpLdUplQ3NUMENyM0E?oc=5,india,['india'],[],Smuggling,79.0,52.38,0,0,68.21,HIGH,UNIQUE,SMU-IND-20260509,5788068726483330312
WCI-466FA60B,2026-05-09 00:03:45.546699,en,Authorities Thwart Wildlife Smuggling Attempt at Suvarnabhumi Airport - Nation Thailand,"<a href=""https://news.google.com/rss/articles/CBMiYkFVX3lxTE1oWTZla1NydjE0eW9URTk4U1duVGlzeHRqOHB1WjE5UWpRNnZJRks3ZG9aODJhaDdZTk1JSkVNOUpBZ3dwM1U4c2hDMVlhNU9TSXp0aVg4M0ZFUHAteXJpTGxB?oc=5"" target=""_blank"">Authorities Thwart Wildlife Smuggling Attempt at Suvarnabhumi Airport</a>&nbsp;&nbsp;<font color=""#6f6f6f"">Nation Thailand</font>",https://news.google.com/rss/articles/CBMiYkFVX3lxTE1oWTZla1NydjE0eW9URTk4U1duVGlzeHRqOHB1WjE5UWpRNnZJRks3ZG9aODJhaDdZTk1JSkVNOUpBZ3dwM1U4c2hDMVlhNU9TSXp0aVg4M0ZFUHAteXJpTGxB?oc=5,suvarnabhumi airport nation thailand authorities thwart,"['suvarnabhumi airport nation thailand authorities thwart', 'suvarnabhumi airport nbsp', 'thailand']",[],Smuggling,71.96,62.45,0,0,63.72,HIGH,UNIQUE,SMU-SUV-20260509,6631398751976968480
WCI-68A0C390,2026-05-09 00:04:23.528292,en,Passenger Arrested At Mumbai Airport For Smuggling 54 Exotic Animals - NDTV,"<a href=""https://news.google.com/rss/articles/CBMirAFBVV95cUxOVUl5Ni1MMklMenQzSHhGSDJXbG02WVREN2tURHVkczFSbU4yVjQwWjAtR2pvYzVXTDNTbHg1dmhZSkdOQ2ZfcGVITTFGN1NqN0tsdENsc1lCR3VNdTRLYXJxZWFXeEpSR3RxbEZsekFjYmpPc1M3Qk0wdUU3Vm16S19RNmVENE5ZX1M1cUpyS0NoNTR4ZGpyUDRnSGNvejgxclZyeDhWT2NaMlRq0gG0AUFVX3lxTE93RE96Z3FSc0praGVWaEoza0JLa1JkQmlodzhSS2lra0NWTUc1QnViQkFJY2xWcV9nNkpRY2J2c2s3QTJRZlZzU21JT09scVF4Vl94LXAtdlZGR2xkckVVYWFkV1lUOU53WmtuOVQzd1RMRkI2N1QzaUVEWnB1S01NNl96WXR2SWsyekpsZWpvV2J1UDl4UFZHazluQnEweWw4US1nVzZOaXREY0twbGx3TnkwSg?oc=5"" target=""_blank"">Passenger Arrested At Mumbai Airport For Smuggling 54 Exotic Animals</a>&nbsp;&nbsp;<font color=""#6f6f6f"">NDTV</font>",https://news.google.com/rss/articles/CBMirAFBVV95cUxOVUl5Ni1MMklMenQzSHhGSDJXbG02WVREN2tURHVkczFSbU4yVjQwWjAtR2pvYzVXTDNTbHg1dmhZSkdOQ2ZfcGVITTFGN1NqN0tsdENsc1lCR3VNdTRLYXJxZWFXeEpSR3RxbEZsekFjYmpPc1M3Qk0wdUU3Vm16S19RNmVENE5ZX1M1cUpyS0NoNTR4ZGpyUDRnSGNvejgxclZyeDhWT2NaMlRq0gG0AUFVX3lxTE93RE96Z3FSc0praGVWaEoza0JLa1JkQmlodzhSS2lra0NWTUc1QnViQkFJY2xWcV9nNkpRY2J2c2s3QTJRZlZzU21JT09scVF4Vl94LXAtdlZGR2xkckVVYWFkV1lUOU53WmtuOVQzd1RMRkI2N1QzaUVEWnB1S01NNl96WXR2SWsyekpsZWpvV2J1UDl4UFZHazluQnEweWw4US1nVzZOaXREY0twbGx3TnkwSg?oc=5,mumbai airport,['mumbai airport'],[],Smuggling,70.29,50.92,0,0,63.42,HIGH,UNIQUE,SMU-MUM-20260509,-4831808908613204652
WCI-FF13E2A0,2026-05-09 00:04:50.266177,en,Officials uncover elephant tusks during undercover wildlife trafficking operation - Yahoo,"<a href=""https://news.google.com/rss/articles/CBMilAFBVV95cUxORGFnM2lfWm9ZM1FzWTRrR2RfdVc1Uzl0dEpxcG1BNjhVd2ZiTGlmcTBnNmdUSzBpd0hRSDdDZjZmS09BOHJlX3NFMzRTMUtFTFlBdVh3MjI2bjFXXzVJbTdLSE1FSVF5ZUp4THFJVnJWWlB1SEd6VzQxQkI0YmMteWNsUHRaV3Q0ODViY0RjaTQ0RUZP?oc=5"" target=""_blank"">Officials uncover elephant tusks during undercover wildlife trafficking operation</a>&nbsp;&nbsp;<font color=""#6f6f6f"">Yahoo</font>",https://news.google.com/rss/articles/CBMilAFBVV95cUxORGFnM2lfWm9ZM1FzWTRrR2RfdVc1Uzl0dEpxcG1BNjhVd2ZiTGlmcTBnNmdUSzBpd0hRSDdDZjZmS09BOHJlX3NFMzRTMUtFTFlBdVh3MjI2bjFXXzVJbTdLSE1FSVF5ZUp4THFJVnJWWlB1SEd6VzQxQkI0YmMteWNsUHRaV3Q0ODViY0RjaTQ0RUZP?oc=5,Unknown,[],[],Trafficking,59.18,81.61,0,0,67.07,HIGH,UNIQUE,TRA-UNK-20260509,6993177721114075782
WCI-B1B4B65F,2026-05-09 00:07:10.944495,en,"Big wildlife poaching in Bastar: Tiger, leopard skins recovered, eight held - The Times of India","<a href=""https://news.google.com/rss/articles/CBMi3wFBVV95cUxNVlpIeC1LTkFtaVYwRXNVOWtadzFlUmtfREJZckZudVI5X1dNTHpMUHBDbG0tUTV2TWFBR3pPNUlpaXd2ZzlLSGlXSndoQjJYbExYRlRXSDVCU0hfTTZPTk1lSllLVk1VX3lDLTBtMXpwNnVyVFZ0N3padGFFdWM2RmppcFFNd2NLWmRzT3E4azV4LXk1Y2RCMzBKa25tSXB0VG1zSGlDdU83eG1rdm9YUE14N1BJaWgxSXdOZ2RmZUJ2VHNyYzk3T1puRG9Welp4UUtUcUJJakVHSmJqOTZZ0gHkAUFVX3lxTFAyRXgyQUFISlRkRVdrYnV6SEZsMWprcjZfampOUTFlRUdlV2lnSFFCUTYtQU5tSkphU25TY2FFbmdha2YxT1l2YlBuaEhIclRFc2lBQm5UQXlQTE9Nenp4eG1SUDNOdl93VG1DOGZudU5jd1hsbVpEMm0xYk1heHM1blBLeFd1bmF4UncwMWVWLWNxNEM5UHVWUElXLUVPdTA0Z2lyWE1PUmdRbmpyUVhOV3hJQ2xuNkJVaGFCLVdzQS1VQ0JKTzQtNjI3aFV2R1ZQVHhIY1lrQnRrWlpRYnZjMGY3Uw?oc=5"" target=""_blank"">Big wildlife poaching in Bastar: Tiger, leopard skins recovered, eight held</a>&nbsp;&nbsp;<font color=""#6f6f6f"">The Times of India</font>",https://news.google.com/rss/articles/CBMi3wFBVV95cUxNVlpIeC1LTkFtaVYwRXNVOWtadzFlUmtfREJZckZudVI5X1dNTHpMUHBDbG0tUTV2TWFBR3pPNUlpaXd2ZzlLSGlXSndoQjJYbExYRlRXSDVCU0hfTTZPTk1lSllLVk1VX3lDLTBtMXpwNnVyVFZ0N3padGFFdWM2RmppcFFNd2NLWmRzT3E4azV4LXk1Y2RCMzBKa25tSXB0VG1zSGlDdU83eG1rdm9YUE14N1BJaWgxSXdOZ2RmZUJ2VHNyYzk3T1puRG9Welp4UUtUcUJJakVHSmJqOTZZ0gHkAUFVX3lxTFAyRXgyQUFISlRkRVdrYnV6SEZsMWprcjZfampOUTFlRUdlV2lnSFFCUTYtQU5tSkphU25TY2FFbmdha2YxT1l2YlBuaEhIclRFc2lBQm5UQXlQTE9Nenp4eG1SUDNOdl93VG1DOGZudU5jd1hsbVpEMm0xYk1heHM1blBLeFd1bmF4UncwMWVWLWNxNEM5UHVWUElXLUVPdTA0Z2lyWE1PUmdRbmpyUVhOV3hJQ2xuNkJVaGFCLVdzQS1VQ0JKTzQtNjI3aFV2R1ZQVHhIY1lrQnRrWlpRYnZjMGY3Uw?oc=5,india,['india'],[],Poaching,80.63,53.84,0,0,69.47,HIGH,UNIQUE,POA-IND-20260509,7032143782874610060
WCI-4C2D17FD,2026-05-09 00:07:43.944377,en,Six Bawaria poachers get three years jail in landmark Tamil Nadu tiger poaching case - The New Indian Express,"<a href=""https://news.google.com/rss/articles/CBMi4AFBVV95cUxNVW9Qd2wyRHRQUmN1ZF9uSTJqWmcyZEg2R3Jlb0paMTIxTTVlclcyTUpTOEZzNlpwYUNFT3hLTVNLWm5NX1pnTjdhVGw4ekFGdmU3QWd2Rjh5TVc3aWdFVms3R2VGbklvWERzcFdNMGxXS24zYmxVLWdjSEstV04weTR6eW1zUG1oc2lIbGdYTk9mTnZvUnV1TXNleGdxdkN4M3N2ZDUzTmFuRlFFcHdIcER0dW0tMGJCTFRSME1Wb1RrOGtQcWUyeHhBRVlVYkdSNl9NcS1CTU5iMFlwYWlIT9IB7gFBVV95cUxOdjNvbVFDWW1ZS2lObFFKMHZvWkljdGtYaklROXBJT3R6dUcwdlZWVnpkZ0duakFodUxhbEtBTFRhT1VURlhfaFlTT0JMUFc1MEVtRHN0eFM2bjEtM2tZS1A5WEN2NmdqdDBpOHZNa09Tb2RYaXAwUkZTSzRIUTQ5bHJTdGRJOVdHTThoZUdNcDYtMmdIMGdkeWpERm5IcHhkQXlPdGtPdTQzNGlsb1ViQjdTWEhBek9VZk1nTjRGb25OSDVDSUI3MkJVbi1FU09NTmY2dXEyMFd0ejBIeUFxczk3M3JiZnRoWGhIRThR?oc=5"" target=""_blank"">Six Bawaria poachers get three years jail in landmark Tamil Nadu tiger poaching case</a>&nbsp;&nbsp;<font color=""#6f6f6f"">The New Indian Express</font>",https://news.google.com/rss/articles/CBMi4AFBVV95cUxNVW9Qd2wyRHRQUmN1ZF9uSTJqWmcyZEg2R3Jlb0paMTIxTTVlclcyTUpTOEZzNlpwYUNFT3hLTVNLWm5NX1pnTjdhVGw4ekFGdmU3QWd2Rjh5TVc3aWdFVms3R2VGbklvWERzcFdNMGxXS24zYmxVLWdjSEstV04weTR6eW1zUG1oc2lIbGdYTk9mTnZvUnV1TXNleGdxdkN4M3N2ZDUzTmFuRlFFcHdIcER0dW0tMGJCTFRSME1Wb1RrOGtQcWUyeHhBRVlVYkdSNl9NcS1CTU5iMFlwYWlIT9IB7gFBVV95cUxOdjNvbVFDWW1ZS2lObFFKMHZvWkljdGtYaklROXBJT3R6dUcwdlZWVnpkZ0duakFodUxhbEtBTFRhT1VURlhfaFlTT0JMUFc1MEVtRHN0eFM2bjEtM2tZS1A5WEN2NmdqdDBpOHZNa09Tb2RYaXAwUkZTSzRIUTQ5bHJTdGRJOVdHTThoZUdNcDYtMmdIMGdkeWpERm5IcHhkQXlPdGtPdTQzNGlsb1ViQjdTWEhBek9VZk1nTjRGb25OSDVDSUI3MkJVbi1FU09NTmY2dXEyMFd0ejBIeUFxczk3M3JiZnRoWGhIRThR?oc=5,tamil nadu,['tamil nadu'],[],Poaching,77.34,56.9,0,0,64.74,HIGH,UNIQUE,POA-TAM-20260509,3509052074323040903
WCI-63ED2B0B,2026-05-09 00:08:23.639999,en,"Tiger and leopard deaths contradict govt’s no-poaching claim, says HC - The Times of India","<a href=""https://news.google.com/rss/articles/CBMi2AFBVV95cUxNLU5QdFJBejJBWjVHOGd5dVY2dGpLTWo0WUFYMXNSQzAwVElIVC02eXF0SzNUNW55eGF3YnBIMGpzV3FaWl8zTnByLU5ES3hRby1OQ1pQUGhxbUZGTTRGdnVnN2xpLTRxZ2ZnSEg2QnluWkpUMC1IMWJMYzFHb2NfMVFJaGJmNE5GdXdrNFFRNS1LWkw4M3JQWjdWTHRNNW02LUxqTy1PY0stUFc4M1oyUy11Zjlfei1vdXp5Z0VySFJ5bG82YWdfUGE5aVZDWjljYkJpeEJJdU_SAd4BQVVfeXFMUHZNOVowUlBoYnUwb2gtSEw3dXliQ1FUODVOalpzMURoMktTTDVxYUQwQks0d21YVzViLWdxbVlsY29kallYbU1WdkJ1SkxPaGlFcUMzQ2lmcDZrRGw5RTVnSWYzam1jc3NPMW9JWEZvRXFKV3V6aXdTaFdLYVVrYjRtblB3c0duNmpUQkJhVmdLX2Y4MzhPRmtvVW1CbkxfM09MelBjWFl1NVpuTXJkMlZoTUM5akdvVEtjVEE0NDhuWHhiY1BjTXd6Tl9VelFQMUZhcVlySllraXBpMmNB?oc=5"" target=""_blank"">Tiger and leopard deaths contradict govt’s no-poaching claim, says HC</a>&nbsp;&nbsp;<font color=""#6f6f6f"">The Times of India</font>",https://news.google.com/rss/articles/CBMi2AFBVV95cUxNLU5QdFJBejJBWjVHOGd5dVY2dGpLTWo0WUFYMXNSQzAwVElIVC02eXF0SzNUNW55eGF3YnBIMGpzV3FaWl8zTnByLU5ES3hRby1OQ1pQUGhxbUZGTTRGdnVnN2xpLTRxZ2ZnSEg2QnluWkpUMC1IMWJMYzFHb2NfMVFJaGJmNE5GdXdrNFFRNS1LWkw4M3JQWjdWTHRNNW02LUxqTy1PY0stUFc4M1oyUy11Zjlfei1vdXp5Z0VySFJ5bG82YWdfUGE5aVZDWjljYkJpeEJJdU_SAd4BQVVfeXFMUHZNOVowUlBoYnUwb2gtSEw3dXliQ1FUODVOalpzMURoMktTTDVxYUQwQks0d21YVzViLWdxbVlsY29kallYbU1WdkJ1SkxPaGlFcUMzQ2lmcDZrRGw5RTVnSWYzam1jc3NPMW9JWEZvRXFKV3V6aXdTaFdLYVVrYjRtblB3c0duNmpUQkJhVmdLX2Y4MzhPRmtvVW1CbkxfM09MelBjWFl1NVpuTXJkMlZoTUM5akdvVEtjVEE0NDhuWHhiY1BjTXd6Tl9VelFQMUZhcVlySllraXBpMmNB?oc=5,india,['india'],[],Poaching,75.38,47.92,0,0,61.07,HIGH,UNIQUE,POA-IND-20260509,-3393633553982872456
WCI-B4C64605,2026-05-09 00:08:37.103583,en,Woman wanted in 2013 Akot tiger poaching case held - The Times of India,"<a href=""https://news.google.com/rss/articles/CBMiwgFBVV95cUxORzBnT2htOGYwaFVsSmVWWUFVeEFPa3JVaDBveU1DM2NOcXpmUE1lNmpudmVwM3FVQy02TWJpbGc4WUltUXRKalZVek5PanFmMU1NeHNOWW8xY1JPb2NoOHRSUGludG95OVF3LW1hZV95MEpXcHB3Nl9OU3dWS2J4V3JrcHRfTDY3dTAxR05tMUZBc0Z0Rmtub3ZQNmNhVURjU0pWdHc5TXVUNDdCb1FqNGk2M0h5TmdIVVNsWWhmeTFBd9IBxwFBVV95cUxPcGU3VS02TTdEUlpjb2pqbnJ1aEtHSGlxTWcxSUJsV2xXRlJsb1Y5VlptbTk2M3g1bnFvN2IxdWhVTm4zS1F2MDdOdi1rZm5sS201MENEZ0R5a0IxQTlMLUhNbjQ5X0FYSEZOaUx4S0JhazlwNkVST1M1dFhHRENZanNxS3RtNVlpX1NjQWxSMHMxVEZDa002SFlBZkRiUXVBSUs0UkZ1TUgxYlBpNy02aXpEWC1oYWpORDBvcXpxdVVRYmhqOXp3?oc=5"" target=""_blank"">Woman wanted in 2013 Akot tiger poaching case held</a>&nbsp;&nbsp;<font color=""#6f6f6f"">The Times of India</font>",https://news.google.com/rss/articles/CBMiwgFBVV95cUxORzBnT2htOGYwaFVsSmVWWUFVeEFPa3JVaDBveU1DM2NOcXpmUE1lNmpudmVwM3FVQy02TWJpbGc4WUltUXRKalZVek5PanFmMU1NeHNOWW8xY1JPb2NoOHRSUGludG95OVF3LW1hZV95MEpXcHB3Nl9OU3dWS2J4V3JrcHRfTDY3dTAxR05tMUZBc0Z0Rmtub3ZQNmNhVURjU0pWdHc5TXVUNDdCb1FqNGk2M0h5TmdIVVNsWWhmeTFBd9IBxwFBVV95cUxPcGU3VS02TTdEUlpjb2pqbnJ1aEtHSGlxTWcxSUJsV2xXRlJsb1Y5VlptbTk2M3g1bnFvN2IxdWhVTm4zS1F2MDdOdi1rZm5sS201MENEZ0R5a0IxQTlMLUhNbjQ5X0FYSEZOaUx4S0JhazlwNkVST1M1dFhHRENZanNxS3RtNVlpX1NjQWxSMHMxVEZDa002SFlBZkRiUXVBSUs0UkZ1TUgxYlBpNy02aXpEWC1oYWpORDBvcXpxdVVRYmhqOXp3?oc=5,india,['india'],[],Poaching,82.77,44.64,0,0,63.78,HIGH,UNIQUE,POA-IND-20260509,-7354938902423856903
WCI-D82D7AA4,2026-05-09 00:09:28.023288,en,Indias apex tiger body flags poaching across reserves - The Tribune,"<a href=""https://news.google.com/rss/articles/CBMimwFBVV95cUxOVTFZM2VvV0RaMmJuLUpaMEFsN09tcDlBa3YtMTQyOEFTbVBCUVR3TkNzVmpZYm8tMExaV2dDd3R5a0ZlYWxvai1POXh2SFhUcF82RlJRa0pjdEEyMVV5UEZiTDBYamtxSEpFSjgtdllkaklXRVZkMXVybUVrOG9EalpTdDl0aFh3THJsVWdkWTVCWU4yNXg0NjRWVdIBnwFBVV95cUxPcFJQU1R2eUtteUJtVGpVXzkzQWpGWHotMG1fMUpubHRHSUs1MHV5SzN2WlMxUlk3MEsyNTJtOTVCVGpmYkN4NEIzTXdyQ1U2dHo5UVRzWktaRndTWjFPQ1YtcmFQSmtLTFI3VjNRMmJxcEs3Smw5UWhaMVRhcUNjYWVuNVFNa3VwYjM1c2thZWYxa1RqQkxvazhYNVpVcms?oc=5"" target=""_blank"">Indias apex tiger body flags poaching across reserves</a>&nbsp;&nbsp;<font color=""#6f6f6f"">The Tribune</font>",https://news.google.com/rss/articles/CBMimwFBVV95cUxOVTFZM2VvV0RaMmJuLUpaMEFsN09tcDlBa3YtMTQyOEFTbVBCUVR3TkNzVmpZYm8tMExaV2dDd3R5a0ZlYWxvai1POXh2SFhUcF82RlJRa0pjdEEyMVV5UEZiTDBYamtxSEpFSjgtdllkaklXRVZkMXVybUVrOG9EalpTdDl0aFh3THJsVWdkWTVCWU4yNXg0NjRWVdIBnwFBVV95cUxPcFJQU1R2eUtteUJtVGpVXzkzQWpGWHotMG1fMUpubHRHSUs1MHV5SzN2WlMxUlk3MEsyNTJtOTVCVGpmYkN4NEIzTXdyQ1U2dHo5UVRzWktaRndTWjFPQ1YtcmFQSmtLTFI3VjNRMmJxcEs3Smw5UWhaMVRhcUNjYWVuNVFNa3VwYjM1c2thZWYxa1RqQkxvazhYNVpVcms?oc=5,indias apex tiger body flags poaching across reserves the tribune indias apex tiger body flags poaching across reserves nbsp; the tribune,['indias apex tiger body flags poaching across reserves the tribune indias apex tiger body flags poaching across reserves nbsp; the tribune'],[],Poaching,86.31,48.17,0,0,66.61,HIGH,UNIQUE,POA-IND-20260509,-6134032844789132279
WCI-FC86D76A,2026-05-09 00:10:09.015262,en,India Wildlife News: Two Arrested for Deer Poaching in Karnataka - Deccan Herald,"<a href=""https://news.google.com/rss/articles/CBMiwwFBVV95cUxNdTQ0cVdzZUx6S1p6dnQ2MjdvWjhMd1pLcEg1aDlSV0tRS3ZqeE5GVHl1WlFnd3hUSjFob1c4R0tfRl81YWMyNDdaTmdwTHVyaUhjUUJkelV1YVNvUm1kUXZRTU0tcFZaaHJSdEJCd0dWZ1gzU3hyXzljWXJ2TXVQMUMxUklWb3E4QlFCUlhhRUMzRnVaZmdsQzZWdWJ1VG1zMGUzUW5TU1dhbUJOWTlBbWdwMHFlUkZja1AxSFhrMDJjenM?oc=5"" target=""_blank"">India Wildlife News: Two Arrested for Deer Poaching in Karnataka</a>&nbsp;&nbsp;<font color=""#6f6f6f"">Deccan Herald</font>",https://news.google.com/rss/articles/CBMiwwFBVV95cUxNdTQ0cVdzZUx6S1p6dnQ2MjdvWjhMd1pLcEg1aDlSV0tRS3ZqeE5GVHl1WlFnd3hUSjFob1c4R0tfRl81YWMyNDdaTmdwTHVyaUhjUUJkelV1YVNvUm1kUXZRTU0tcFZaaHJSdEJCd0dWZ1gzU3hyXzljWXJ2TXVQMUMxUklWb3E4QlFCUlhhRUMzRnVaZmdsQzZWdWJ1VG1zMGUzUW5TU1dhbUJOWTlBbWdwMHFlUkZja1AxSFhrMDJjenM?oc=5,india,"['india', 'karnataka nbsp', 'karnataka']",[],Poaching,76.31,62.88,0,0,70.02,HIGH,UNIQUE,POA-IND-20260509,-5689781316920696019
WCI-E326CE5D,2026-05-09 00:10:44.122008,en,"Tiger poaching network, that spread from west to east India, busted - Mongabay-India","<a href=""https://news.google.com/rss/articles/CBMiowFBVV95cUxOZTliZFJ0Z3htWExpR2VjTVc0ckxfek0ybnRybTUwRVozZTBCLUpTbnV6MlhwNHRKaXhUUDEyc2V4a0VmcnlMal9XRFlraFk2V0UyMzNQMUFIUUZacjFhYjI2QmNzVXlpN1k5d2pab1RUZTNNODNGSEFHdEVfMERWU1dwcGxjTzF1R1dHWVhwMWNGbzIyMFh6ZFlDampON1Nha2I0?oc=5"" target=""_blank"">Tiger poaching network, that spread from west to east India, busted</a>&nbsp;&nbsp;<font color=""#6f6f6f"">Mongabay-India</font>",https://news.google.com/rss/articles/CBMiowFBVV95cUxOZTliZFJ0Z3htWExpR2VjTVc0ckxfek0ybnRybTUwRVozZTBCLUpTbnV6MlhwNHRKaXhUUDEyc2V4a0VmcnlMal9XRFlraFk2V0UyMzNQMUFIUUZacjFhYjI2QmNzVXlpN1k5d2pab1RUZTNNODNGSEFHdEVfMERWU1dwcGxjTzF1R1dHWVhwMWNGbzIyMFh6ZFlDampON1Nha2I0?oc=5,east india,"['east india', 'india']",[],Poaching,70.67,52.43,0,0,64.06,HIGH,UNIQUE,POA-EAS-20260509,-6000940463588548777
WCI-B79BDA0F,2026-05-09 00:10:56.342070,en,Reported wildlife poaching in India more than doubles during COVID-19 lockdown - Traffic.org,"<a href=""https://news.google.com/rss/articles/CBMiwgFBVV95cUxQRWpUUGVBdmFybWh0WUJIU19rY3U0WDhVaXQ2OVg1YkFLUWZjUldqbExmMzhENnpDeUNDUFoyTFRURERUMVNMWmU5VjFNQmxJX3dBT2loWk42aDk1bHZYNTl5bmdkcFRfTVhoOXhFZTAzWUl2VVhDY0l1V3FaTnQ3X1dBMzFaTWZXUW9nWGE1YVJIS0VCM05LMFNHRkFHNmVEZ0txOUVyM2RFZm9CX1lFNUZ3RkRla3ZQWWV1QnJRZ2c2Zw?oc=5"" target=""_blank"">Reported wildlife poaching in India more than doubles during COVID-19 lockdown</a>&nbsp;&nbsp;<font color=""#6f6f6f"">Traffic.org</font>",https://news.google.com/rss/articles/CBMiwgFBVV95cUxQRWpUUGVBdmFybWh0WUJIU19rY3U0WDhVaXQ2OVg1YkFLUWZjUldqbExmMzhENnpDeUNDUFoyTFRURERUMVNMWmU5VjFNQmxJX3dBT2loWk42aDk1bHZYNTl5bmdkcFRfTVhoOXhFZTAzWUl2VVhDY0l1V3FaTnQ3X1dBMzFaTWZXUW9nWGE1YVJIS0VCM05LMFNHRkFHNmVEZ0txOUVyM2RFZm9CX1lFNUZ3RkRla3ZQWWV1QnJRZ2c2Zw?oc=5,india,['india'],[],Poaching,72.41,59.23,0,0,62.97,HIGH,UNIQUE,POA-IND-20260509,-690058248956672959
WCI-EA8B05D0,2026-05-09 00:11:14.000256,en,Bones seized from poachers show 3 tigers killed in MP-Raj corridor - The Times of India,"<a href=""https://news.google.com/rss/articles/CBMi1wFBVV95cUxQNWw1ZldjZlNjZ1ZIOVZCX3dEMnA0UTB6OEZXTnZUckpLNlc0UTZfcmNvZUNWNUVzX2pHTUJYVFVueDd3Q0xtakE4WnQxR0VxNkpuY2Uwd29VU1hHMmQ2ME03NjZoWHNHQkwtdjRPMkwtVE41bDJvZ08xejJ3NmxPZ3JzaDcwLXVnZFNWN21xRDJiLTQ2QllRTkp4QlhGQXlXZWFTWHd4ZjVMcFo5bU9IMTE1U080bldUYldaMWRYMmlHUTFkQUxRVE1LcFJWTWN5Yno5M0VjZ9IB3AFBVV95cUxNUlFDSmd5QjNRNVZ2VDJfc2FQSGE3UktMQ3ZuUnE5T0Q1bUZoV3FlYm1KNmYxemtCQmVmMlZvQXNwaW9XckF0ZXlDckR3N2xXSThraThEeWJlYS12Z3lPanpzMWFwTmpySUJqSmgwdVJfZFdjZnpRSXdKSk9xUjFhVlU0a3FUYnJWaFp2ZlFFQkQzUWVuNmR0eUUyeWVfenZseWFSbGFha0N3bnFkT3lScHJJcVZlNHU2QUdVVmYtWGMya3hKQnRwNHNCcGNNNnR4dlh1WWlTSVhJbDZ6?oc=5"" target=""_blank"">Bones seized from poachers show 3 tigers killed in MP-Raj corridor</a>&nbsp;&nbsp;<font color=""#6f6f6f"">The Times of India</font>",https://news.google.com/rss/articles/CBMi1wFBVV95cUxQNWw1ZldjZlNjZ1ZIOVZCX3dEMnA0UTB6OEZXTnZUckpLNlc0UTZfcmNvZUNWNUVzX2pHTUJYVFVueDd3Q0xtakE4WnQxR0VxNkpuY2Uwd29VU1hHMmQ2ME03NjZoWHNHQkwtdjRPMkwtVE41bDJvZ08xejJ3NmxPZ3JzaDcwLXVnZFNWN21xRDJiLTQ2QllRTkp4QlhGQXlXZWFTWHd4ZjVMcFo5bU9IMTE1U080bldUYldaMWRYMmlHUTFkQUxRVE1LcFJWTWN5Yno5M0VjZ9IB3AFBVV95cUxNUlFDSmd5QjNRNVZ2VDJfc2FQSGE3UktMQ3ZuUnE5T0Q1bUZoV3FlYm1KNmYxemtCQmVmMlZvQXNwaW9XckF0ZXlDckR3N2xXSThraThEeWJlYS12Z3lPanpzMWFwTmpySUJqSmgwdVJfZFdjZnpRSXdKSk9xUjFhVlU0a3FUYnJWaFp2ZlFFQkQzUWVuNmR0eUUyeWVfenZseWFSbGFha0N3bnFkT3lScHJJcVZlNHU2QUdVVmYtWGMya3hKQnRwNHNCcGNNNnR4dlh1WWlTSVhJbDZ6?oc=5,india,['india'],[],Wildlife Crime,80.42,55.11,0,0,65.74,HIGH,UNIQUE,WIL-IND-20260509,-8119648915177010610
WCI-2D1230D3,2026-05-09 00:11:53.943101,en,"Decline in tiger prey due to civil unrest, deforestation, poaching: New report | India News - Hindustan Times","<a href=""https://news.google.com/rss/articles/CBMi1AFBVV95cUxQSmJLRllVT3FGYkQ1ZEFKX01lUFVaSEE5ejJsQlpNSzRDdnlpNUMybk8xWEcySmpRcGhrUUR0WklQUWR5SUhxNURtSDhWbmh1NXllYXJneUlQU09MckZVRHZKU1RoUEVyWFdDd2NQeWY5TlBnNmg3RXdqN3VBUnRfTVNJeVprV3lOQW1sU3JQbTRpWXpLbmNwd2FNU3lETU1QX3Jtdm15RVhGTkU3S3UtdTN6LXJFQU5zRVBWWmJpN3dFWHZUN1Vtd3FxMVN5bmtDcGo5ZNIB2gFBVV95cUxPNlgzY05tOUxuZTNabWhvRXBhUW8tMFVfM3Y0WHhtanMyNnloRmdWNHZNTmNHOG1rbmxDUjU0ejdDVmF4R3RVMTdZcnp6Nm53NFVKcVV4b0pOdm9rS01aTEJ6SHlfN0dvR1ltYy13Znl4eExvUG1qMG1FdGo3eFRQMjQzU2ZCT2JjQ0ZNMFBOSEdrVkRlM0pYSmRfMENpSURXM0RRQXcyaVBBTDFKdk5iWDZ0aTRSUlUwUU5kVk1vOXlvRVpWVnIzOG4tVE1qRmpuTGtKMnJmVDZ5Zw?oc=5"" target=""_blank"">Decline in tiger prey due to civil unrest, deforestation, poaching: New report | India News</a>&nbsp;&nbsp;<font color=""#6f6f6f"">Hindustan Times</font>",https://news.google.com/rss/articles/CBMi1AFBVV95cUxQSmJLRllVT3FGYkQ1ZEFKX01lUFVaSEE5ejJsQlpNSzRDdnlpNUMybk8xWEcySmpRcGhrUUR0WklQUWR5SUhxNURtSDhWbmh1NXllYXJneUlQU09MckZVRHZKU1RoUEVyWFdDd2NQeWY5TlBnNmg3RXdqN3VBUnRfTVNJeVprV3lOQW1sU3JQbTRpWXpLbmNwd2FNU3lETU1QX3Jtdm15RVhGTkU3S3UtdTN6LXJFQU5zRVBWWmJpN3dFWHZUN1Vtd3FxMVN5bmtDcGo5ZNIB2gFBVV95cUxPNlgzY05tOUxuZTNabWhvRXBhUW8tMFVfM3Y0WHhtanMyNnloRmdWNHZNTmNHOG1rbmxDUjU0ejdDVmF4R3RVMTdZcnp6Nm53NFVKcVV4b0pOdm9rS01aTEJ6SHlfN0dvR1ltYy13Znl4eExvUG1qMG1FdGo3eFRQMjQzU2ZCT2JjQ0ZNMFBOSEdrVkRlM0pYSmRfMENpSURXM0RRQXcyaVBBTDFKdk5iWDZ0aTRSUlUwUU5kVk1vOXlvRVpWVnIzOG4tVE1qRmpuTGtKMnJmVDZ5Zw?oc=5,"decline in tiger prey due to civil unrest, deforestation, poaching: new report india news decline in tiger prey due to civil unrest, deforestation, poaching: new report india news nbsp; hindustan times","['decline in tiger prey due to civil unrest, deforestation, poaching: new report india news decline in tiger prey due to civil unrest, deforestation, poaching: new report india news nbsp; hindustan times']",[],Poaching,74.55,53.7,0,0,62.38,HIGH,UNIQUE,POA-DEC-20260509,-6069794304226353432
WCI-A4E9C800,2026-05-09 00:12:08.425030,en,First-Ever Poaching Case Involving Indian Flapshell Turtles Registered In Malkangiri - Ommcom News,"<a href=""https://news.google.com/rss/articles/CBMivAFBVV95cUxPNGZmVUYtOHBTZ3hTeXA5RndGOW9FTXhvVW9vcUlmX1Y4OU1qRFN5OUE3Q0plXzlzc1lGaFZnTlA0bURKcm9ibFlFVUxDWkItbEVaLWl0bFhzbnl2ZjZsZXNMbjBPR1dwYlR6Q0ozcWRrMmFxS1ZwNHNpeWVUVUpxdjQ1eXhUQnBUMDJseUk1dTRlanl1Z3QxU253X2I3bVZQMTZvTFBvYTd1aHRMcUcwb1JhbkpTWjl2Y1VReA?oc=5"" target=""_blank"">First-Ever Poaching Case Involving Indian Flapshell Turtles Registered In Malkangiri</a>&nbsp;&nbsp;<font color=""#6f6f6f"">Ommcom News</font>",https://news.google.com/rss/articles/CBMivAFBVV95cUxPNGZmVUYtOHBTZ3hTeXA5RndGOW9FTXhvVW9vcUlmX1Y4OU1qRFN5OUE3Q0plXzlzc1lGaFZnTlA0bURKcm9ibFlFVUxDWkItbEVaLWl0bFhzbnl2ZjZsZXNMbjBPR1dwYlR6Q0ozcWRrMmFxS1ZwNHNpeWVUVUpxdjQ1eXhUQnBUMDJseUk1dTRlanl1Z3QxU253X2I3bVZQMTZvTFBvYTd1aHRMcUcwb1JhbkpTWjl2Y1VReA?oc=5,Unknown,[],[],Poaching,72.09,58.43,0,0,62.57,HIGH,UNIQUE,POA-UNK-20260509,2075406622304613805
WCI-E85ED467,2026-05-09 00:13:18.687285,en,'Bone glue' craze driving tiger poaching in central India; MP poacher arrested - The Times of India,"<a href=""https://news.google.com/rss/articles/CBMi4wFBVV95cUxNdTQtTkVfM0dRaTQyX1JXa1BiVW9DRExnVG5rYlNYYWJZMC1TR2d0Z3RBYjZ1QzZYMF95dnltZVlQQWxZdHZrb1YydXk3MFcyNlZod09laEZBeFVsU2RZcUdhU2Q1SWVaQW4xSjNQVGZ2UXFqazB5M1o2WjU0ejNZamlvS3p6eWVVODdwRU9ld1ZtRDJTaC1XNWRudWRtbDF3UFMtUU5SUHBTaVU3eXl4Tmw0elpDT2RFWHpybkJ4ck1Cam4wSjJQLUI4QmpwRmJsQkVQRHA0d05WdGplTmFuVG9JY9IB6AFBVV95cUxNd2llRkNRaXE4WUtZVGd2Q05nUVZ0X3RKdHlpZXpRWWd3bjdGa2cyLVF5VVJ1M2hpMjZkSEJ0alpkUzliRlZnaEpKYmlndjVGWHhpamRrVHB4aUtOWEVVc3RyaGUzX2NaYk1WNk5GTU9XWmlvemFxbTlHa1dkQlEzTlNXd0hUTlZESmUyNUZVTTFiYjNQNHoxZ2V1aDdSUWM1MWNkcmdEMzVjd0hEeUx0VkZSRzNhd0p6QzVLRWx4dE1qNlpsS3B5WnVSLVBFbDk2anNkbDdLWDY5elo5b1BBdWMzeG1WcWhU?oc=5"" target=""_blank"">'Bone glue' craze driving tiger poaching in central India; MP poacher arrested</a>&nbsp;&nbsp;<font color=""#6f6f6f"">The Times of India</font>",https://news.google.com/rss/articles/CBMi4wFBVV95cUxNdTQtTkVfM0dRaTQyX1JXa1BiVW9DRExnVG5rYlNYYWJZMC1TR2d0Z3RBYjZ1QzZYMF95dnltZVlQQWxZdHZrb1YydXk3MFcyNlZod09laEZBeFVsU2RZcUdhU2Q1SWVaQW4xSjNQVGZ2UXFqazB5M1o2WjU0ejNZamlvS3p6eWVVODdwRU9ld1ZtRDJTaC1XNWRudWRtbDF3UFMtUU5SUHBTaVU3eXl4Tmw0elpDT2RFWHpybkJ4ck1Cam4wSjJQLUI4QmpwRmJsQkVQRHA0d05WdGplTmFuVG9JY9IB6AFBVV95cUxNd2llRkNRaXE4WUtZVGd2Q05nUVZ0X3RKdHlpZXpRWWd3bjdGa2cyLVF5VVJ1M2hpMjZkSEJ0alpkUzliRlZnaEpKYmlndjVGWHhpamRrVHB4aUtOWEVVc3RyaGUzX2NaYk1WNk5GTU9XWmlvemFxbTlHa1dkQlEzTlNXd0hUTlZESmUyNUZVTTFiYjNQNHoxZ2V1aDdSUWM1MWNkcmdEMzVjd0hEeUx0VkZSRzNhd0p6QzVLRWx4dE1qNlpsS3B5WnVSLVBFbDk2anNkbDdLWDY5elo5b1BBdWMzeG1WcWhU?oc=5,india,['india'],[],Poaching,86.29,56.72,0,0,73.16,HIGH,UNIQUE,POA-IND-20260509,3326622122340752009
WCI-5B922666,2026-05-09 00:13:56.773777,en,"Poaching by organised gangs down, but ‘accidental’ deaths persist - The Times of India","<a href=""https://news.google.com/rss/articles/CBMiygFBVV95cUxPOWQwMy1JVUlXR1ZKNXhTN2laSzJhak1NTTM1T1RiUUZmRGEtQ1VRbWdua2drUnp6TWdjYUIwYzlLcDFMX0JzTXNBZ3pUM28yNER4S3ktelJTd1lXMGRzUFVpTW1mWDNUQnJtZmpiWW50VWdqSTJYd096ZVJmZEI1bkwyeUdjWGJzQ2JERHlya1VVaWRXLXFDR0RuTDd4anBUcU5xamJsalIwczZab2Nfel9tODRDMlF0MHlzVmdZRkpMTkhrX3pCczdR0gHPAUFVX3lxTE1hUEd5SmFFNnVSckl6TlVGTTY2TjVqSFViU2dqSXVZUGFxNUNDcnZBRU56QkJ0WndEOWVqYm9MdjRCb3lXNlJVZ3VyVnFzdVZzVmNxdVlfLXk3N3ZTVnc3aE5uUDRDS0VkOHhic3NyN3psZy11b3JpeVdldkFhY2RHSVlZdFdGUEdpaEc1T0tpYmg0Q0RZTlRzMmxxNTJuMy1vbXhLSXE4cmtOYkhmTDlEWk96SmR2eVl0a3VZTGc2ajZCRmRjR1dsRDdNQWNXTQ?oc=5"" target=""_blank"">Poaching by organised gangs down, but ‘accidental’ deaths persist</a>&nbsp;&nbsp;<font color=""#6f6f6f"">The Times of India</font>",https://news.google.com/rss/articles/CBMiygFBVV95cUxPOWQwMy1JVUlXR1ZKNXhTN2laSzJhak1NTTM1T1RiUUZmRGEtQ1VRbWdua2drUnp6TWdjYUIwYzlLcDFMX0JzTXNBZ3pUM28yNER4S3ktelJTd1lXMGRzUFVpTW1mWDNUQnJtZmpiWW50VWdqSTJYd096ZVJmZEI1bkwyeUdjWGJzQ2JERHlya1VVaWRXLXFDR0RuTDd4anBUcU5xamJsalIwczZab2Nfel9tODRDMlF0MHlzVmdZRkpMTkhrX3pCczdR0gHPAUFVX3lxTE1hUEd5SmFFNnVSckl6TlVGTTY2TjVqSFViU2dqSXVZUGFxNUNDcnZBRU56QkJ0WndEOWVqYm9MdjRCb3lXNlJVZ3VyVnFzdVZzVmNxdVlfLXk3N3ZTVnc3aE5uUDRDS0VkOHhic3NyN3psZy11b3JpeVdldkFhY2RHSVlZdFdGUEdpaEc1T0tpYmg0Q0RZTlRzMmxxNTJuMy1vbXhLSXE4cmtOYkhmTDlEWk96SmR2eVl0a3VZTGc2ajZCRmRjR1dsRDdNQWNXTQ?oc=5,india,['india'],[],Poaching,77.16,39.28,0,0,63.36,HIGH,UNIQUE,POA-IND-20260509,5148951082014387438
WCI-CD8DE93B,2026-05-09 00:15:07.648332,en,Wildlife Bureau Issues 'Red Alert' Against Poaching Gangs Active In Tiger Reserves - NDTV,"<a href=""https://news.google.com/rss/articles/CBMivAFBVV95cUxOM2lzT2lNM2g3ODBQZ19wbk10bkstcWFTVEZwemFrNzlDQk5PY3VERm9NNlRTNUMtSTY2bm8xM2w2TGJFU1lHNTgtUUFnZkFUdlY4R244MC03cGthVzRRR1JiLTEwUnM0VU0wUnExRkVjNU9WV1pPaFRqZVM1Smp5bzJfQWZWX3FpX0N0Zk1zZDZuWFIzMjh4RDZvTzRsMldFRnRMbkFzZjYyZFhGMUE0cHU3MGNnQzctUW1Uc9IBxAFBVV95cUxNX2lFa2syNDdJazFnY3c4Vi1tS1BEdTlKUExUSXk1aUNJSVlMZEw1REVYMjIweG9RSlNHQzZFeUlvU3hhNHg1eVdyQzFNSm9jcFMybk1Bd3dvSlFjNFZSdlVLM1hCRTdOcWg2N3ZUUFdUMjRQLTc1QnFsNGdfT2Zzd3Z1YnYzLUNZZFlQLWRwM2NmZ004bzFLQTlrbU16aVZOakpmQk9YbWVSRGNqazFTZk13SDVJZmdSSW51dTNtdHVfUUxw?oc=5"" target=""_blank"">Wildlife Bureau Issues 'Red Alert' Against Poaching Gangs Active In Tiger Reserves</a>&nbsp;&nbsp;<font color=""#6f6f6f"">NDTV</font>",https://news.google.com/rss/articles/CBMivAFBVV95cUxOM2lzT2lNM2g3ODBQZ19wbk10bkstcWFTVEZwemFrNzlDQk5PY3VERm9NNlRTNUMtSTY2bm8xM2w2TGJFU1lHNTgtUUFnZkFUdlY4R244MC03cGthVzRRR1JiLTEwUnM0VU0wUnExRkVjNU9WV1pPaFRqZVM1Smp5bzJfQWZWX3FpX0N0Zk1zZDZuWFIzMjh4RDZvTzRsMldFRnRMbkFzZjYyZFhGMUE0cHU3MGNnQzctUW1Uc9IBxAFBVV95cUxNX2lFa2syNDdJazFnY3c4Vi1tS1BEdTlKUExUSXk1aUNJSVlMZEw1REVYMjIweG9RSlNHQzZFeUlvU3hhNHg1eVdyQzFNSm9jcFMybk1Bd3dvSlFjNFZSdlVLM1hCRTdOcWg2N3ZUUFdUMjRQLTc1QnFsNGdfT2Zzd3Z1YnYzLUNZZFlQLWRwM2NmZ004bzFLQTlrbU16aVZOakpmQk9YbWVSRGNqazFTZk13SDVJZmdSSW51dTNtdHVfUUxw?oc=5,wildlife bureau issues red alert against poaching gangs active in tiger reserves wildlife bureau issues red alert against poaching gangs active in tiger reserves nbsp; ndtv,['wildlife bureau issues red alert against poaching gangs active in tiger reserves wildlife bureau issues red alert against poaching gangs active in tiger reserves nbsp; ndtv'],[],Poaching,89.23,56.5,0,0,74.56,HIGH,UNIQUE,POA-WIL-20260509,-1827946730026452150
WCI-ACF7058C,2026-05-09 00:16:00.232701,en,Odisha loses another melanistic tiger to poaching; nine arrested - Business Standard,"<a href=""https://news.google.com/rss/articles/CBMizgFBVV95cUxNWVphMGVVR1lWMHN3dW1xTkJlZ0d0bEZoWEhqXzhDU1hISjRXV2FLbUlaaTY1M0pRLXhOSVhyTHZSYUxZQ3cwQUR0WlNMUXV0LUlDMHBHbzBjd0h4QVU2UXRxZHMyZkpmZ09Damk5bW1USWdlQ2dneGlvOTk2cDVkdWlFQXA1T19OQ3NEdS1ZWWNaNTFqSUtWdVVsVFRKOFlUNmMyZVFlMC1Kek9Ka1pHci16cTZ4OC1HMTFZQ09pVXJFVmhDMFhiUkFTQ01SZ9IB0wFBVV95cUxPbVFrdzUxbDU4SGxzZTQyeEpVLXNSelZEUVd1cWE0SWRxUGJ2Q19CVjdRRFdpR25Uc1h4cjlPOS1rbWoyU0t2ZlhiblpyRFNmckc1VTQ4dXp4LUUxZ3lfaHM3dVdJNmxMaE54SnB1akhiVFp6RUlUYjNCcTMzY0RlTjRRLUhHOVIwUEdsbWgtWld5OEQxM0dRMTZBZDZWMGh0a18tNHJ4VGhaMGIxMVFFblMwV3NFN3AwLW1QczJrbEIyM3hVZ0NKYlNhSl92bVJWUWVr?oc=5"" target=""_blank"">Odisha loses another melanistic tiger to poaching; nine arrested</a>&nbsp;&nbsp;<font color=""#6f6f6f"">Business Standard</font>",https://news.google.com/rss/articles/CBMizgFBVV95cUxNWVphMGVVR1lWMHN3dW1xTkJlZ0d0bEZoWEhqXzhDU1hISjRXV2FLbUlaaTY1M0pRLXhOSVhyTHZSYUxZQ3cwQUR0WlNMUXV0LUlDMHBHbzBjd0h4QVU2UXRxZHMyZkpmZ09Damk5bW1USWdlQ2dneGlvOTk2cDVkdWlFQXA1T19OQ3NEdS1ZWWNaNTFqSUtWdVVsVFRKOFlUNmMyZVFlMC1Kek9Ka1pHci16cTZ4OC1HMTFZQ09pVXJFVmhDMFhiUkFTQ01SZ9IB0wFBVV95cUxPbVFrdzUxbDU4SGxzZTQyeEpVLXNSelZEUVd1cWE0SWRxUGJ2Q19CVjdRRFdpR25Uc1h4cjlPOS1rbWoyU0t2ZlhiblpyRFNmckc1VTQ4dXp4LUUxZ3lfaHM3dVdJNmxMaE54SnB1akhiVFp6RUlUYjNCcTMzY0RlTjRRLUhHOVIwUEdsbWgtWld5OEQxM0dRMTZBZDZWMGh0a18tNHJ4VGhaMGIxMVFFblMwV3NFN3AwLW1QczJrbEIyM3hVZ0NKYlNhSl92bVJWUWVr?oc=5,odisha,['odisha'],[],Poaching,82.98,39.54,0,0,66.35,HIGH,UNIQUE,POA-ODI-20260509,-5373598117727190844
WCI-AA124548,2026-05-09 00:16:20.568619,en,Six get three years in jail for tiger poaching in Maharashtra’s Pench Reserve - ThePrint,"<a href=""https://news.google.com/rss/articles/CBMisAFBVV95cUxOZDZibTY2WWJVTjExVjFGbjNfQ1Iza0UwX21QSXBxZlp0YkRQVmlyTG1SSEJQeVdMRk90Yjl2ekJjNF9HcEhaaVVjcVpvUDlkenk5RmR5alB0eHdUcWJRLWdGTlJXa2IyZUlnQVRueHpjMk1UVTB4elBodFg3azdDMWVMR1Vsd1psUVZ2T1g4aTZtZUlHWHl3WEFScjN1MVB1MzVLN0pLV0sxbnVVU3hPQtIBtgFBVV95cUxQbXhVWGdRODEyRVdkOEg4OW12NV9DamVaUlNnbWdfcnR5UHRIQnhLYXFHX2ZJa1pqa3JqTzF4LXo4OVZ0d2JkY1NZZHJYOWhIYnBUM2VvX3RHT0RyTnZrbXZxQnN2V1U1ZmQzS3NiVWloRnlKd3ZCc2FyeFZscUt4Yk54Ylp5ZGFkakdWbjZDWlZOeE9WT0M4NnZOc0dacElfOVZQMzRxQm0tN3lGeG1acXBDT2FKQQ?oc=5"" target=""_blank"">Six get three years in jail for tiger poaching in Maharashtra’s Pench Reserve</a>&nbsp;&nbsp;<font color=""#6f6f6f"">ThePrint</font>",https://news.google.com/rss/articles/CBMisAFBVV95cUxOZDZibTY2WWJVTjExVjFGbjNfQ1Iza0UwX21QSXBxZlp0YkRQVmlyTG1SSEJQeVdMRk90Yjl2ekJjNF9HcEhaaVVjcVpvUDlkenk5RmR5alB0eHdUcWJRLWdGTlJXa2IyZUlnQVRueHpjMk1UVTB4elBodFg3azdDMWVMR1Vsd1psUVZ2T1g4aTZtZUlHWHl3WEFScjN1MVB1MzVLN0pLV0sxbnVVU3hPQtIBtgFBVV95cUxQbXhVWGdRODEyRVdkOEg4OW12NV9DamVaUlNnbWdfcnR5UHRIQnhLYXFHX2ZJa1pqa3JqTzF4LXo4OVZ0d2JkY1NZZHJYOWhIYnBUM2VvX3RHT0RyTnZrbXZxQnN2V1U1ZmQzS3NiVWloRnlKd3ZCc2FyeFZscUt4Yk54Ylp5ZGFkakdWbjZDWlZOeE9WT0M4NnZOc0dacElfOVZQMzRxQm0tN3lGeG1acXBDT2FKQQ?oc=5,maharashtra,"['maharashtra', 'six get three years in jail for tiger poaching in maharashtra pench reserve theprint six get three years in jail for tiger poaching in maharashtra pench reserve nbsp; theprint']",[],Poaching,80.25,53.09,0,0,65.05,HIGH,UNIQUE,POA-MAH-20260509,-8270018596625126981
WCI-99E9EF63,2026-05-09 00:16:37.174550,en,"Corbett Tiger Poaching: CBI Names Officers, State Says Nothing Happened - The Probe","<a href=""https://news.google.com/rss/articles/CBMisAFBVV95cUxPQktWNUNtZ0VpOW5fb3ZFYXJQb1c3RVd4X3NMVEpBMWxQaWZVVExhaGFsMC1jaEdzT0s2N0xxSVU2QmNwUUVjZ3ltbU5xUTJORUozbE1HTS1TeFFKcXNzMzRzcnM4NWluUWFnNVVJdktQQkZyek5IY3IzRmZUZ01pQjhmaWFScjl1OFhkRlQ0NmxBYzA4S1dtR3JydTlIaFlmZXNWa09PSWg4Y2tQZVNtcdIBtgFBVV95cUxPcDZxUnZpWnNpLVROMldidjhvdzBJNHcwc1BsZ20zcnJJR0tkdTdremcxTDZDMjFWN3ZGT3JnZ2ViUld4T0RIS2JuZVotekVBdkx5b0FwQ1Z2WVZPazh4V09DTHdpMl9kVDF0N1ZMWWEwWm0xUGE5Vzdxb3BXNEdjdGNSdk5fZks1UzdycHFLSGp5cWZXM1hHenlyRHNvUEV6VERuX0owcG83eTY3NHl4aWd3dVJCdw?oc=5"" target=""_blank"">Corbett Tiger Poaching: CBI Names Officers, State Says Nothing Happened</a>&nbsp;&nbsp;<font color=""#6f6f6f"">The Probe</font>",https://news.google.com/rss/articles/CBMisAFBVV95cUxPQktWNUNtZ0VpOW5fb3ZFYXJQb1c3RVd4X3NMVEpBMWxQaWZVVExhaGFsMC1jaEdzT0s2N0xxSVU2QmNwUUVjZ3ltbU5xUTJORUozbE1HTS1TeFFKcXNzMzRzcnM4NWluUWFnNVVJdktQQkZyek5IY3IzRmZUZ01pQjhmaWFScjl1OFhkRlQ0NmxBYzA4S1dtR3JydTlIaFlmZXNWa09PSWg4Y2tQZVNtcdIBtgFBVV95cUxPcDZxUnZpWnNpLVROMldidjhvdzBJNHcwc1BsZ20zcnJJR0tkdTdremcxTDZDMjFWN3ZGT3JnZ2ViUld4T0RIS2JuZVotekVBdkx5b0FwQ1Z2WVZPazh4V09DTHdpMl9kVDF0N1ZMWWEwWm0xUGE5Vzdxb3BXNEdjdGNSdk5fZks1UzdycHFLSGp5cWZXM1hHenlyRHNvUEV6VERuX0owcG83eTY3NHl4aWd3dVJCdw?oc=5,Unknown,[],[],Poaching,76.04,52.23,0,0,62.69,HIGH,UNIQUE,POA-UNK-20260509,-3024389550180239887
WCI-603BC725,2026-05-09 00:16:59.309171,en,Poaching alarm near Ranthambhore: Seized bones show three tigers killed - The Indian Express,"<a href=""https://news.google.com/rss/articles/CBMivAFBVV95cUxOZzBRYURlY0pzUTh1MjBQRURTYndjOFlrbS1keGs2bVJCWnJSWlo1cDk4ZklSN3kxd1l6YTZ5TkJld2NXZDBGS3poZVluUVVueWpjY2Nmc3czVk1YSGRibU9DQmlwS1l2cmx1OVJuRDJLZVdRUFhNRldudkhjZ0V1dmZDTGd3U05NRWpwd0hrWlA0T1RDY2p5WG9zYnRCcWNCLThNcXEwU1oybFNjUXFxVDVKMnZ0OEc4WHVHatIBwwFBVV95cUxOZnBiNjJHQUNYSGdNRm8tVVpTMmZPMnlFekx6eUxidTljQmtXSXZ6YzNKTkZDX0VJd3JhcDBULUtzd2tueDNUYTVBTk5PalpYTlZzNnNpM29yLTFyR3ZkWDhtd3VudjdyRkNPTk1EZDJVaG5WWUJyMmpwQVpKUGtmcEZURmNjcnFpamJMU1NFbVZpd1VrYzdjdWxEYWJXYzV0ZUNNd2JVRzVsMWljWTUxaGFTZUc3Rkkyd1lJMEwzUmpab28?oc=5"" target=""_blank"">Poaching alarm near Ranthambhore: Seized bones show three tigers killed</a>&nbsp;&nbsp;<font color=""#6f6f6f"">The Indian Express</font>",https://news.google.com/rss/articles/CBMivAFBVV95cUxOZzBRYURlY0pzUTh1MjBQRURTYndjOFlrbS1keGs2bVJCWnJSWlo1cDk4ZklSN3kxd1l6YTZ5TkJld2NXZDBGS3poZVluUVVueWpjY2Nmc3czVk1YSGRibU9DQmlwS1l2cmx1OVJuRDJLZVdRUFhNRldudkhjZ0V1dmZDTGd3U05NRWpwd0hrWlA0T1RDY2p5WG9zYnRCcWNCLThNcXEwU1oybFNjUXFxVDVKMnZ0OEc4WHVHatIBwwFBVV95cUxOZnBiNjJHQUNYSGdNRm8tVVpTMmZPMnlFekx6eUxidTljQmtXSXZ6YzNKTkZDX0VJd3JhcDBULUtzd2tueDNUYTVBTk5PalpYTlZzNnNpM29yLTFyR3ZkWDhtd3VudjdyRkNPTk1EZDJVaG5WWUJyMmpwQVpKUGtmcEZURmNjcnFpamJMU1NFbVZpd1VrYzdjdWxEYWJXYzV0ZUNNd2JVRzVsMWljWTUxaGFTZUc3Rkkyd1lJMEwzUmpab28?oc=5,Unknown,[],[],Poaching,77.02,53.47,0,0,67.55,HIGH,UNIQUE,POA-UNK-20260509,7000976896134403835
WCI-6E32FB4C,2026-05-09 00:17:28.509794,en,Is poaching the reason behind rising tiger deaths in Madhya Pradesh? - India Today,"<a href=""https://news.google.com/rss/articles/CBMiyAFBVV95cUxOUG5KUFdZSmJhTVVzMnhGa01ibl8yQU4wTnp1aHo1WDRodU1DUXlmWUFZSm04YjBZSEZMVzV1bVJrVDFmN1FsejRKWGdVZ0FUc3VYem40THRlbEoxeWVJR1JvblhhOXRCUzFrY2RQMkZwRnlZd21lcG9ONXFBR0g1aGxKdnBFLWEwZ01HUGFIWXoxcUFMdnhUa05SSjNKX0MxQllXbl9JdkZxdmx2TWtOX3B6akpLWEs0RVJFUnNIUllzbWlubVFaSdIBzgFBVV95cUxQYncxVDN1RGhrbUxwZWw0eE9aZ0xiU0hWZFkxNkt6SXRmektxMTNUX0pIcnNONFlzOTBRdEhPTDlvc3RnSkJENTFxcG43b2ZfbGNqNXF0dDduSkpDa3NxT3JwVWVjNDZ0ekdwS2VaRkJHUFczREdpLXgzMEJHMzhjSktVeWZQN0pIWVNieWw1WXlPVE9rdEh3c0VPQVdBTnJULWt0YUg5NFg3Q2lkSlBuMjZxY2hLdFhta0pBa0tJMnpRN2Z6SUkzS2dUUGhKQQ?oc=5"" target=""_blank"">Is poaching the reason behind rising tiger deaths in Madhya Pradesh?</a>&nbsp;&nbsp;<font color=""#6f6f6f"">India Today</font>",https://news.google.com/rss/articles/CBMiyAFBVV95cUxOUG5KUFdZSmJhTVVzMnhGa01ibl8yQU4wTnp1aHo1WDRodU1DUXlmWUFZSm04YjBZSEZMVzV1bVJrVDFmN1FsejRKWGdVZ0FUc3VYem40THRlbEoxeWVJR1JvblhhOXRCUzFrY2RQMkZwRnlZd21lcG9ONXFBR0g1aGxKdnBFLWEwZ01HUGFIWXoxcUFMdnhUa05SSjNKX0MxQllXbl9JdkZxdmx2TWtOX3B6akpLWEs0RVJFUnNIUllzbWlubVFaSdIBzgFBVV95cUxQYncxVDN1RGhrbUxwZWw0eE9aZ0xiU0hWZFkxNkt6SXRmektxMTNUX0pIcnNONFlzOTBRdEhPTDlvc3RnSkJENTFxcG43b2ZfbGNqNXF0dDduSkpDa3NxT3JwVWVjNDZ0ekdwS2VaRkJHUFczREdpLXgzMEJHMzhjSktVeWZQN0pIWVNieWw1WXlPVE9rdEh3c0VPQVdBTnJULWt0YUg5NFg3Q2lkSlBuMjZxY2hLdFhta0pBa0tJMnpRN2Z6SUkzS2dUUGhKQQ?oc=5,india,"['india', 'madhya pradesh']",[],Poaching,83.84,57.96,0,0,68.31,HIGH,UNIQUE,POA-IND-20260509,4325119340157536564
WCI-93E01015,2026-05-09 00:17:53.362787,en,9 arrested in melanistic tiger poaching case - The Times of India,"<a href=""https://news.google.com/rss/articles/CBMiwAFBVV95cUxOcXdNeEdBLVJ5UHhtRjBNcXFOVlhzYzc0anQ1bUhuVnF5eS1uNUstWkxKVGZsWVZYaHVBMTF2TUtxZEtzM241VUJQNVRqWi1IOEdqU1ZkLUtfdWIwMVh1MURYeXRCUUZpeXZXREM2U0xZM3lZekQwNFVJZlYtRzNjTzFrR3FPbjEwZmk5aHVYbHFNelBseEFWTHB0VExtdkdIMXNBM1dVNzAyZGNuQlo3S3BGNEtyaXEzc0hrdWVTbzjSAcYBQVVfeXFMTTRoMFg5NzBPdlQzbFBydVNSRmE5UHFfbFVIdmhpN0NCWTFGdzFJY0g3cXJITDdhMWwyLTN6bVhxUS1Ya2ZRb1hkZDZOTjVGd0ZtY3VmZENORVc2QmJZQ0wwdl9KTy0tXzNVdmc2N2ozRUNfdzZTbjlOZ0tGREluYmlQazRUWU5tOXhLQ2s1ZTZ0bndoYVZqYlhVTjZYdmU5UFpnUDdHQnY3UUU2Z1dhdGNxa3ltbW0tOENublk0a0ZBWHMyZG5n?oc=5"" target=""_blank"">9 arrested in melanistic tiger poaching case</a>&nbsp;&nbsp;<font color=""#6f6f6f"">The Times of India</font>",https://news.google.com/rss/articles/CBMiwAFBVV95cUxOcXdNeEdBLVJ5UHhtRjBNcXFOVlhzYzc0anQ1bUhuVnF5eS1uNUstWkxKVGZsWVZYaHVBMTF2TUtxZEtzM241VUJQNVRqWi1IOEdqU1ZkLUtfdWIwMVh1MURYeXRCUUZpeXZXREM2U0xZM3lZekQwNFVJZlYtRzNjTzFrR3FPbjEwZmk5aHVYbHFNelBseEFWTHB0VExtdkdIMXNBM1dVNzAyZGNuQlo3S3BGNEtyaXEzc0hrdWVTbzjSAcYBQVVfeXFMTTRoMFg5NzBPdlQzbFBydVNSRmE5UHFfbFVIdmhpN0NCWTFGdzFJY0g3cXJITDdhMWwyLTN6bVhxUS1Ya2ZRb1hkZDZOTjVGd0ZtY3VmZENORVc2QmJZQ0wwdl9KTy0tXzNVdmc2N2ozRUNfdzZTbjlOZ0tGREluYmlQazRUWU5tOXhLQ2s1ZTZ0bndoYVZqYlhVTjZYdmU5UFpnUDdHQnY3UUU2Z1dhdGNxa3ltbW0tOENublk0a0ZBWHMyZG5n?oc=5,india,['india'],[],Poaching,88.65,61.8,0,0,75.87,HIGH,UNIQUE,POA-IND-20260509,-3548056747603202378
WCI-AC6879AC,2026-05-09 00:18:46.699837,en,PIL in SC seeks CBI investigation into tiger poaching network - The Times of India,"<a href=""https://news.google.com/rss/articles/CBMiyAFBVV95cUxNbUp4eDlidEl5aDBwbkFzdU1lazhaTjZXbE9QM1A2VWx2M0RyejFub3BWbXV3eW1CZkxTdXJXUzV1aGpYLTNOWm1vUjQ5T2xXaWJLWHY5VnhpRjZDR0ZBSnZKQ3Z0cU9JVGtaeDladUxfenQ0QmMyaU12NjdSd2JLMUVLVHFuVlg3UkluWkRVNjNmWTFoVU9JV0lpR1VJaG5KN2c1bUtqSVhRSFY1NW0xdG9ZOEg5Sy1MbVFGa3MtaUVNWXFfb2JrWdIBzgFBVV95cUxOaHh4andmdDBab3RJWDl2UnVFRmRyQjFlZE9YVnQ3UXRWR0YxMnlPb21wMDJndnZPSkhHbThscW43SWV2Rnh0QXhvaTYwSUd3bWV6MEtFeGdmeXFZTUFmTjBJMHVJMXViWFBKOC12R2htd0d2bjRnV09US095ODEzRHlWVFN4VDRQdWltTlpaVkY5aTFfcUdQSi1aZ09iVFFDVDJGWFlwR1VTVTNha3NuREFzejlLb2J3M3R4UWI4eHpGMlpqaGh5U0NYaVBCUQ?oc=5"" target=""_blank"">PIL in SC seeks CBI investigation into tiger poaching network</a>&nbsp;&nbsp;<font color=""#6f6f6f"">The Times of India</font>",https://news.google.com/rss/articles/CBMiyAFBVV95cUxNbUp4eDlidEl5aDBwbkFzdU1lazhaTjZXbE9QM1A2VWx2M0RyejFub3BWbXV3eW1CZkxTdXJXUzV1aGpYLTNOWm1vUjQ5T2xXaWJLWHY5VnhpRjZDR0ZBSnZKQ3Z0cU9JVGtaeDladUxfenQ0QmMyaU12NjdSd2JLMUVLVHFuVlg3UkluWkRVNjNmWTFoVU9JV0lpR1VJaG5KN2c1bUtqSVhRSFY1NW0xdG9ZOEg5Sy1MbVFGa3MtaUVNWXFfb2JrWdIBzgFBVV95cUxOaHh4andmdDBab3RJWDl2UnVFRmRyQjFlZE9YVnQ3UXRWR0YxMnlPb21wMDJndnZPSkhHbThscW43SWV2Rnh0QXhvaTYwSUd3bWV6MEtFeGdmeXFZTUFmTjBJMHVJMXViWFBKOC12R2htd0d2bjRnV09US095ODEzRHlWVFN4VDRQdWltTlpaVkY5aTFfcUdQSi1aZ09iVFFDVDJGWFlwR1VTVTNha3NuREFzejlLb2J3M3R4UWI4eHpGMlpqaGh5U0NYaVBCUQ?oc=5,india,['india'],[],Poaching,75.99,43.66,0,0,73.09,HIGH,UNIQUE,POA-IND-20260509,-5921859832783426810
WCI-38815B55,2026-05-09 00:20:16.975749,en,"Tiger found dead with paw missing in Madhya Pradesh, poaching suspected - The Hindu","<a href=""https://news.google.com/rss/articles/CBMi3AFBVV95cUxNTTlJZDhjTU9HVmdHdTZYVVBnTFhFN2k0bkJ2MHo3MGJDZ3FTNS1Ba0ctNGRSeUhLcEVQRGpWX0FOOF9CNzlLWkRNdVowT3pHWkRsV056Y2s0SGl0U0t6enBQNkY2dEc2ZXp3Q3B2SVp1ODRzdGRINlpBb0pjYi0yeGRuYklodVlPaE1FbTNqX2VrMW1reEtEbEVfUm9va0ZwejI4VlVpd1RGVmE2c004dmg5cXB4UC1IdUNVa0ZTR0J2a3pHdW1lU1lDMU12d0RscHZjSUxMZHZ5bWZM0gHjAUFVX3lxTE5sdGt3S202TjhCZTRmOXV6M0ZuRVJ4ZzFfaWFpSnV6Vm9XU09oWTBEcW5rR2NPTVphUlVsWHlaN05yRUpEUHZxVVczVllOa1dndzVnSnpzSmlVSWp0Y0FUSjNtUnpHcURQYVk0MWFaSjJUb0xoMV9uT291M2JNU0lWbVNabFBNbWdmdEY3QUFGbzQwZWZLUWRNdlBVRmU4QkxOME1GUEVtcGZHVmtQdTBGdEJ6Z3d6ejNFRTg2QzFLMVBQemRGeENyTnQ4SE5GY3hZX3BrSEVIN2kxTGNIbnQxSy1R?oc=5"" target=""_blank"">Tiger found dead with paw missing in Madhya Pradesh, poaching suspected</a>&nbsp;&nbsp;<font color=""#6f6f6f"">The Hindu</font>",https://news.google.com/rss/articles/CBMi3AFBVV95cUxNTTlJZDhjTU9HVmdHdTZYVVBnTFhFN2k0bkJ2MHo3MGJDZ3FTNS1Ba0ctNGRSeUhLcEVQRGpWX0FOOF9CNzlLWkRNdVowT3pHWkRsV056Y2s0SGl0U0t6enBQNkY2dEc2ZXp3Q3B2SVp1ODRzdGRINlpBb0pjYi0yeGRuYklodVlPaE1FbTNqX2VrMW1reEtEbEVfUm9va0ZwejI4VlVpd1RGVmE2c004dmg5cXB4UC1IdUNVa0ZTR0J2a3pHdW1lU1lDMU12d0RscHZjSUxMZHZ5bWZM0gHjAUFVX3lxTE5sdGt3S202TjhCZTRmOXV6M0ZuRVJ4ZzFfaWFpSnV6Vm9XU09oWTBEcW5rR2NPTVphUlVsWHlaN05yRUpEUHZxVVczVllOa1dndzVnSnpzSmlVSWp0Y0FUSjNtUnpHcURQYVk0MWFaSjJUb0xoMV9uT291M2JNU0lWbVNabFBNbWdmdEY3QUFGbzQwZWZLUWRNdlBVRmU4QkxOME1GUEVtcGZHVmtQdTBGdEJ6Z3d6ejNFRTg2QzFLMVBQemRGeENyTnQ4SE5GY3hZX3BrSEVIN2kxTGNIbnQxSy1R?oc=5,madhya pradesh,['madhya pradesh'],[],Poaching,85.75,60.46,0,0,71.01,HIGH,UNIQUE,POA-MAD-20260509,5632119756158626769
WCI-C6DCC4DC,2026-05-09 00:21:07.987771,en,"SC seeks Centre's response on plea alleging organised tiger poaching in Madhya Pradesh, Maharashtra - ANI News","<a href=""https://news.google.com/rss/articles/CBMi8wFBVV95cUxQU0p4TWFBdk9MeTVJWEZ0eS10REUxZlNDRWVXdlRfTm1jVU5VR1cxNGl2bXROSnlZZWJJVGJJOWxHYmVYenhBaHRuUFU4Z1daeXh6OUl1M2YwaG41T1lNbmdzUkgtUGdKclRnVTQ0by1ULWt6REYxZ28xVG0xcGp3cWotdU1xY05RbEFzWm1LOWQwRGZqTGVhOVc5ZXhOaGJwMlphc0lfdHdKcjZWN3pIZlhUZFVEMkRyQXVDdUw1MjM1aVNfVTFMVFNsMnlELV9Tdmx0ZEEyZ0FZZXc4ak0tYmh6blNPdXVpMEtvZTBxN01BSmM?oc=5"" target=""_blank"">SC seeks Centre's response on plea alleging organised tiger poaching in Madhya Pradesh, Maharashtra</a>&nbsp;&nbsp;<font color=""#6f6f6f"">ANI News</font>",https://news.google.com/rss/articles/CBMi8wFBVV95cUxQU0p4TWFBdk9MeTVJWEZ0eS10REUxZlNDRWVXdlRfTm1jVU5VR1cxNGl2bXROSnlZZWJJVGJJOWxHYmVYenhBaHRuUFU4Z1daeXh6OUl1M2YwaG41T1lNbmdzUkgtUGdKclRnVTQ0by1ULWt6REYxZ28xVG0xcGp3cWotdU1xY05RbEFzWm1LOWQwRGZqTGVhOVc5ZXhOaGJwMlphc0lfdHdKcjZWN3pIZlhUZFVEMkRyQXVDdUw1MjM1aVNfVTFMVFNsMnlELV9Tdmx0ZEEyZ0FZZXc4ak0tYmh6blNPdXVpMEtvZTBxN01BSmM?oc=5,madhya pradesh,"['madhya pradesh', 'maharashtra']",[],Poaching,81.07,41.91,0,0,62.11,HIGH,UNIQUE,POA-MAD-20260509,867910285570431376
WCI-9D2B745D,2026-05-09 00:21:25.829485,en,Chhattisgarh HC takes cognizance of illegal tiger poaching in Revti Forest | SCC Times - SCC Online,"<a href=""https://news.google.com/rss/articles/CBMiwwFBVV95cUxNdEdsNzJZRmxJenlKRzQ3ekszWURCLTZuWTBvWlBmQzNzWG93Wk1uUlhYOEZHQWFFd2kweVQ3NTNEelp6aWFEY2dMM0FqYWphTkVBTTlyZFdGR2Nkbl9nci1Fb1dreXJtZVNBREZWNEJKTS1OVmp0aGVXekxjdVZUSVAtQW1FeWxWY0hSVWRDNE9FTHliN0xCRVJkakR1Ni1Ha0lTeFFBcGtlQkNoMzJjZ2FfOGhmQ2NHR3dvUnVnZUpQZzg?oc=5"" target=""_blank"">Chhattisgarh HC takes cognizance of illegal tiger poaching in Revti Forest | SCC Times</a>&nbsp;&nbsp;<font color=""#6f6f6f"">SCC Online</font>",https://news.google.com/rss/articles/CBMiwwFBVV95cUxNdEdsNzJZRmxJenlKRzQ3ekszWURCLTZuWTBvWlBmQzNzWG93Wk1uUlhYOEZHQWFFd2kweVQ3NTNEelp6aWFEY2dMM0FqYWphTkVBTTlyZFdGR2Nkbl9nci1Fb1dreXJtZVNBREZWNEJKTS1OVmp0aGVXekxjdVZUSVAtQW1FeWxWY0hSVWRDNE9FTHliN0xCRVJkakR1Ni1Ha0lTeFFBcGtlQkNoMzJjZ2FfOGhmQ2NHR3dvUnVnZUpQZzg?oc=5,chhattisgarh,"['chhattisgarh', 'chhattisgarh hc takes cognizance of illegal tiger poaching in revti forest scc times scc online chhattisgarh hc takes cognizance of illegal tiger poaching in revti forest scc times nbsp; scc online']",[],Poaching,85.68,53.96,0,0,68.03,HIGH,UNIQUE,POA-CHH-20260509,5801590681977392016
WCI-C38D3106,2026-05-09 00:21:57.826478,en,Interpol alert on MP tiger poaching suspect; STSF first in Asia to secure RCN in environmental case - The Times of India,"<a href=""https://news.google.com/rss/articles/CBMiggJBVV95cUxPUGRPUW1CUDIxVTY5akJqYUxCeWJDTnFGVTlySGZETlZnY0ZPXzRXMk1SUTVmaXhvZFZ4bDBLSlVZSFM3b1B5WGN3LTl6ZnNNRDJhLTVDTDdxVDZCQzZuc0pNM3F3RlQ3a0lJVnlwNEozcFcydGcwOFlFa2owdHBjUzJNSUI5bm1qcWc0ekJDdHU2Smhrb3gyZVFuWmdGek9fQTdIb2J4UV9xSFVITEF4NXZrXzNrYWVGQWUtcFFJcXhzUE16Q0JkanhpZmxGTXZIZHZpVkJ2Q1BwbnFXQi1CYm96VnFNOUcyekIzamxia1paazh2VWFMc0JIbFhlY1RGZkHSAYcCQVVfeXFMT0c4NzZ2UlR2MWNGUzJibjBQOWxKbUdLR1JCRUR3a0VWOURQaWRsWGlySVhmZXg3ZnlCM2pETDl1emZpUEtLeDU2Y253OFpHZzUtREl0U0VVeVlCLVZkbkloMVdJaWFpaVBvMjd6ME1mTU16VERyV3NqTVdEVklaQXFTekczbURIeWp2dlV5SUd3Q3Nab2MtMTBnb21valRlcDRMVXZPYXREaU1HbWQ2WThIMnRUZUFPbVM2clJrUFlKZWRTT29nTGsyRXdBbTE0NGEwTHh1dGpCdjgyU1B3alRZMGRGOV90VUFKWDhOUkUtdWRQN2FkMUFQXzltaXV1VFhiMjJLWkk?oc=5"" target=""_blank"">Interpol alert on MP tiger poaching suspect; STSF first in Asia to secure RCN in environmental case</a>&nbsp;&nbsp;<font color=""#6f6f6f"">The Times of India</font>",https://news.google.com/rss/articles/CBMiggJBVV95cUxPUGRPUW1CUDIxVTY5akJqYUxCeWJDTnFGVTlySGZETlZnY0ZPXzRXMk1SUTVmaXhvZFZ4bDBLSlVZSFM3b1B5WGN3LTl6ZnNNRDJhLTVDTDdxVDZCQzZuc0pNM3F3RlQ3a0lJVnlwNEozcFcydGcwOFlFa2owdHBjUzJNSUI5bm1qcWc0ekJDdHU2Smhrb3gyZVFuWmdGek9fQTdIb2J4UV9xSFVITEF4NXZrXzNrYWVGQWUtcFFJcXhzUE16Q0JkanhpZmxGTXZIZHZpVkJ2Q1BwbnFXQi1CYm96VnFNOUcyekIzamxia1paazh2VWFMc0JIbFhlY1RGZkHSAYcCQVVfeXFMT0c4NzZ2UlR2MWNGUzJibjBQOWxKbUdLR1JCRUR3a0VWOURQaWRsWGlySVhmZXg3ZnlCM2pETDl1emZpUEtLeDU2Y253OFpHZzUtREl0U0VVeVlCLVZkbkloMVdJaWFpaVBvMjd6ME1mTU16VERyV3NqTVdEVklaQXFTekczbURIeWp2dlV5SUd3Q3Nab2MtMTBnb21valRlcDRMVXZPYXREaU1HbWQ2WThIMnRUZUFPbVM2clJrUFlKZWRTT29nTGsyRXdBbTE0NGEwTHh1dGpCdjgyU1B3alRZMGRGOV90VUFKWDhOUkUtdWRQN2FkMUFQXzltaXV1VFhiMjJLWkk?oc=5,asia,"['asia', 'india']",[],Poaching,86.35,46.12,0,0,66.01,HIGH,UNIQUE,POA-ASI-20260509,-4299015888909407840
WCI-A45FE699,2026-05-09 00:22:47.688412,en,Six sentenced to three years imprisonment in tiger poaching case - The Hindu,"<a href=""https://news.google.com/rss/articles/CBMizAFBVV95cUxPa1BaQ0o3VUFDbGtRZ2YtU1pqVnV5eW9YajBUQ0J5bG1NNHNmcVkwXzRoaWJCdUhmcXRNN2tYcEJDNzRtOFhtNHN2WHdIVmE3bzlkQjRzcXBPVUx0VDdMdkFqOHRObTZNZ0M2TllUUzRrRm5XVzQxZS1hU0lCRDN6Qi1BN3A4ZUJ5T0Z3eDkyWXM3QldzbUJKVThJX2lhclhpU3lBU3FkcGdHN3BHdms1NGt3N1drX1NsNDF3bXh6OW1YRXdlbkpoZ3VKOGTSAdMBQVVfeXFMTjVzbmZndTlQMjFPanRwXzZWdXFsNmItSExGLXRYdG9RX2tBWHdjYl9yRzBVQ3lFQlJhdEpfTUJhUjBpOHpsQ0hMTnF1WWFIZ3o4aWZoLUpQSEJja0EtOTdnOWt0Tzg3SmVla1BaNzNwOFd5RHU4WUtmNEhaZVRLMHVHcmptcElXMTZScldpTmszSXQwR0dnRl9FaFRyVG5jVDZYOFlJRjFQUmtsdDN5bG1MZEhHSFU0ZExIa2FOam1zSUMwYkM4cE1TU3l0S1JTWUVOYw?oc=5"" target=""_blank"">Six sentenced to three years imprisonment in tiger poaching case</a>&nbsp;&nbsp;<font color=""#6f6f6f"">The Hindu</font>",https://news.google.com/rss/articles/CBMizAFBVV95cUxPa1BaQ0o3VUFDbGtRZ2YtU1pqVnV5eW9YajBUQ0J5bG1NNHNmcVkwXzRoaWJCdUhmcXRNN2tYcEJDNzRtOFhtNHN2WHdIVmE3bzlkQjRzcXBPVUx0VDdMdkFqOHRObTZNZ0M2TllUUzRrRm5XVzQxZS1hU0lCRDN6Qi1BN3A4ZUJ5T0Z3eDkyWXM3QldzbUJKVThJX2lhclhpU3lBU3FkcGdHN3BHdms1NGt3N1drX1NsNDF3bXh6OW1YRXdlbkpoZ3VKOGTSAdMBQVVfeXFMTjVzbmZndTlQMjFPanRwXzZWdXFsNmItSExGLXRYdG9RX2tBWHdjYl9yRzBVQ3lFQlJhdEpfTUJhUjBpOHpsQ0hMTnF1WWFIZ3o4aWZoLUpQSEJja0EtOTdnOWt0Tzg3SmVla1BaNzNwOFd5RHU4WUtmNEhaZVRLMHVHcmptcElXMTZScldpTmszSXQwR0dnRl9FaFRyVG5jVDZYOFlJRjFQUmtsdDN5bG1MZEhHSFU0ZExIa2FOam1zSUMwYkM4cE1TU3l0S1JTWUVOYw?oc=5,Unknown,[],[],Poaching,88.66,56.83,0,0,70.38,HIGH,UNIQUE,POA-UNK-20260509,2513772093595900392
WCI-4F9BDA30,2026-05-09 00:23:14.754118,en,Tiger Poaching Strikes Karnataka’s MM Hills Sanctuary Again: Minister Orders High-Level Probe - News18,"<a href=""https://news.google.com/rss/articles/CBMi6wFBVV95cUxNTWZ6ZHhhMTdfcjctdUR6VDJQT1QxTXA0YnZ4MFRZNF84czNhMl96REJvcDVtTktjNjNGbVhvZGlmcERsQjM0VDZ0aTVNTC04TkZXaTZ1YXd3YnBnYkVMVnhsQ25CUkk0S0hHenZHT0JId2pZZ2pzY3pMSjRpNlNpREFLYkFJeTdMZTVPQm1uVkwxUmh1X0R0anFpbmVqT3NJaklFV2lrM1Mtd2dHX1hKVVd5dHdienNnV2MyS3BQaTVaT2VGdkgxSEdBdzZrd0pXY3dkN3pPQVBwNjktWXhqVkhXNHltRF9Yd1Rj0gHwAUFVX3lxTFBTajNlLThkSWZ6TDBmakhzYTVoR1dtXzN3Q0laN0pudVBLX1l4cG5OUWFmdFUydHRwSU1YSDVkZG94R2h4Y1dTSzFFak5ad3VzNEYyNGlrWlNJMlVtR0RDQ2pMMXJLU1h4alhoN2RjUXFTVC1KeTlnaFBUdm42andxS1VielNabDZ6M3p4cElleE1GTGdOaVFmU3A5SFByOWdabzZLOWlsc1VMTkRkckN6Vk11SkJidlJxZkhBV09CVXBMVHh3U2FJQVZWMlFrS204UExJcldKRzZtWVlWVE5mSkhzR21HUVNrYk81SklvWQ?oc=5"" target=""_blank"">Tiger Poaching Strikes Karnataka’s MM Hills Sanctuary Again: Minister Orders High-Level Probe</a>&nbsp;&nbsp;<font color=""#6f6f6f"">News18</font>",https://news.google.com/rss/articles/CBMi6wFBVV95cUxNTWZ6ZHhhMTdfcjctdUR6VDJQT1QxTXA0YnZ4MFRZNF84czNhMl96REJvcDVtTktjNjNGbVhvZGlmcERsQjM0VDZ0aTVNTC04TkZXaTZ1YXd3YnBnYkVMVnhsQ25CUkk0S0hHenZHT0JId2pZZ2pzY3pMSjRpNlNpREFLYkFJeTdMZTVPQm1uVkwxUmh1X0R0anFpbmVqT3NJaklFV2lrM1Mtd2dHX1hKVVd5dHdienNnV2MyS3BQaTVaT2VGdkgxSEdBdzZrd0pXY3dkN3pPQVBwNjktWXhqVkhXNHltRF9Yd1Rj0gHwAUFVX3lxTFBTajNlLThkSWZ6TDBmakhzYTVoR1dtXzN3Q0laN0pudVBLX1l4cG5OUWFmdFUydHRwSU1YSDVkZG94R2h4Y1dTSzFFak5ad3VzNEYyNGlrWlNJMlVtR0RDQ2pMMXJLU1h4alhoN2RjUXFTVC1KeTlnaFBUdm42andxS1VielNabDZ6M3p4cElleE1GTGdOaVFmU3A5SFByOWdabzZLOWlsc1VMTkRkckN6Vk11SkJidlJxZkhBV09CVXBMVHh3U2FJQVZWMlFrS204UExJcldKRzZtWVlWVE5mSkhzR21HUVNrYk81SklvWQ?oc=5,karnataka,"['karnataka', 'tiger poaching strikes karnataka mm hills sanctuary again: minister orders high-level probe news tiger poaching strikes karnataka mm hills sanctuary again: minister orders high-level probe nbsp; news']",[],Poaching,77.27,55.16,0,0,64.18,HIGH,UNIQUE,POA-KAR-20260509,6757822378716417554
WCI-56BE91D8,2026-05-09 00:23:34.906781,en,Black tiger skin seized in Similipal - The Hans India,"<a href=""https://news.google.com/rss/articles/CBMikAFBVV95cUxPUDVGUHF2T0JBcllFN3Jva0d1bVU4RDBGX2I5SGlHakd6OTFHaG1tbDVtdjdOOVJ5OFdtdTMtbW90M2o3SmNZaFlTYm5xSXpTM1BHYUo0bmFZMjJFbGdSbFZZNTZJNFJXTUZSZWVkWlFGVUUtdktmVjdDSEdKeEJ2SnFKRktBNkkxZjZuUmxBV2nSAZYBQVVfeXFMTWtpdnlqWktzQzQySjJwMURPTHVHdVF3NzdRbFNSUWJENHZRU1lmLVU4MjdpcVNuSENYM0JBQWkxMWtzdlFzZmNFR2xJRENsZldVN2FLcFlDem13WXZwV0NPTDBsUmNLckkzYU5RTXVJX3lZdFpJZHZNRlllOFZNbktUMDlfR1I1eGtJMEc4Q3liR0tjaVV3?oc=5"" target=""_blank"">Black tiger skin seized in Similipal</a>&nbsp;&nbsp;<font color=""#6f6f6f"">The Hans India</font>",https://news.google.com/rss/articles/CBMikAFBVV95cUxPUDVGUHF2T0JBcllFN3Jva0d1bVU4RDBGX2I5SGlHakd6OTFHaG1tbDVtdjdOOVJ5OFdtdTMtbW90M2o3SmNZaFlTYm5xSXpTM1BHYUo0bmFZMjJFbGdSbFZZNTZJNFJXTUZSZWVkWlFGVUUtdktmVjdDSEdKeEJ2SnFKRktBNkkxZjZuUmxBV2nSAZYBQVVfeXFMTWtpdnlqWktzQzQySjJwMURPTHVHdVF3NzdRbFNSUWJENHZRU1lmLVU4MjdpcVNuSENYM0JBQWkxMWtzdlFzZmNFR2xJRENsZldVN2FLcFlDem13WXZwV0NPTDBsUmNLckkzYU5RTXVJX3lZdFpJZHZNRlllOFZNbktUMDlfR1I1eGtJMEc4Q3liR0tjaVV3?oc=5,Unknown,[],[],Wildlife Crime,73.43,55.52,0,0,62.37,HIGH,UNIQUE,WIL-UNK-20260509,3466480089538240137
WCI-152ADCF2,2026-05-09 00:24:13.844351,en,Concerns over poaching in Ranthambore Tiger Reserve grow after bones of three tigers found - ThePrint,"<a href=""https://news.google.com/rss/articles/CBMiwwFBVV95cUxQbDhHOUlqTGtlT0R0UTJXSEhsSjdoaE9DSk1LU2NPeDF0OU5kUENGWUVxbFNNU1NrSmNTU3czNl9OYjRuMWRDdElncWFMdE9WS3VMc2R1Wk8zQ3pKVHRJdUNMTlUtT0doeG8zQnhsT25NZ0JLWHU3RTZ0aTNHMXNWc2pUTVJpZEVvdlVGSWJHQkdkaVhuWG8ybXZmNVpIUTBGLUN5TXBpYTJaTEdBdnRvZE1PdXUxRW1LcUJvQVR6a1k2VmvSAcgBQVVfeXFMTk5RMWdZdUVOb1RZTmdYQ0pyd25DU1hNRElhejR0am14MndfRnNlQTEwXy1VVEV3RDJfMGlyMDQ0NU4wUTlTbXZkeDlhelpzaHUzdVl5SUswLVA3RVplcnNESnZoampqdFlNV0pHTWNGYkVMd053UmdwMHFNVnFmQ0FDZV85NGNiVG8zLUVDVDVvRHB5VjFlTXlTb0pYVzdrZmVLNWR4a1c2N01lMTdOemFzUzhPMU4tTVp4aUxMbHl4VnFieGxyS3c?oc=5"" target=""_blank"">Concerns over poaching in Ranthambore Tiger Reserve grow after bones of three tigers found</a>&nbsp;&nbsp;<font color=""#6f6f6f"">ThePrint</font>",https://news.google.com/rss/articles/CBMiwwFBVV95cUxQbDhHOUlqTGtlT0R0UTJXSEhsSjdoaE9DSk1LU2NPeDF0OU5kUENGWUVxbFNNU1NrSmNTU3czNl9OYjRuMWRDdElncWFMdE9WS3VMc2R1Wk8zQ3pKVHRJdUNMTlUtT0doeG8zQnhsT25NZ0JLWHU3RTZ0aTNHMXNWc2pUTVJpZEVvdlVGSWJHQkdkaVhuWG8ybXZmNVpIUTBGLUN5TXBpYTJaTEdBdnRvZE1PdXUxRW1LcUJvQVR6a1k2VmvSAcgBQVVfeXFMTk5RMWdZdUVOb1RZTmdYQ0pyd25DU1hNRElhejR0am14MndfRnNlQTEwXy1VVEV3RDJfMGlyMDQ0NU4wUTlTbXZkeDlhelpzaHUzdVl5SUswLVA3RVplcnNESnZoampqdFlNV0pHTWNGYkVMd053UmdwMHFNVnFmQ0FDZV85NGNiVG8zLUVDVDVvRHB5VjFlTXlTb0pYVzdrZmVLNWR4a1c2N01lMTdOemFzUzhPMU4tTVp4aUxMbHl4VnFieGxyS3c?oc=5,concerns over poaching in ranthambore tiger reserve grow after bones of three tigers found theprint concerns over poaching in ranthambore tiger reserve grow after bones of three tigers found nbsp; theprint,['concerns over poaching in ranthambore tiger reserve grow after bones of three tigers found theprint concerns over poaching in ranthambore tiger reserve grow after bones of three tigers found nbsp; theprint'],[],Poaching,98.25,49.17,0,0,72.88,HIGH,UNIQUE,POA-CON-20260509,-7998427795506908156
WCI-FA80FC80,2026-05-09 00:24:30.958148,en,“Very Serious”: Chhattisgarh High Court Takes Suo-Motu Cognizance of Alleged Tiger Poaching After... - Live Law,"<a href=""https://news.google.com/rss/articles/CBMihAJBVV95cUxPaUZudG9WLVNDQnQzTXBBSXVlMDV1M1FYSUdKbi0yTE45bVliMkdaM1FaSWdMRUVjRnBSUnNaTEFJTVA1RVN3blFYTnRmWndtaEFKZ1BTTllRUWFlbngwZGNOSG5FWTZwdTRIYXZVbDJlRE9HV3p2OXVoTnZTdEs4bUpha1NZVEFhZlN4RGFVV2xvN1BYbEFpanVIdDZaNE5JN3FyQ2k5a3cxU0MxY1dybDBrdUd6cnh6RUJHZ05FWWFDQjI0Y1k4SzJMeFc3Mm1fV3l6aDAza0x0RXlmSVhvUzJHenBqOUJRVmdTb1A3V29iUmh6bDFwR3dlYVlCX0o3OEJ6M9IBigJBVV95cUxPMWJ0aEJFMGp4MGUyZDJLZ2c1enp3RkF5NlV1UXpGbDZkRW5HRHdsWDdXbW50dXc1WEd1TnFRSzB6eUtuWDVVVGN5OXE2Q2k5ZDYwRkpOMERTWTR4bXVlcFlMYWJfOVcxR0dJMHlfam9xdTlDdnFmd3RKT0pLd2JubUhjTlhWRElrQkFXajEyYlBpSUhVeXFoaWJOWFBabFVHdy1KY1liQ1V1SWVqd0FWOS1ZbGZCZXVRb2ZGdnU3bXdlTVhwSUZOYlFHSkdGcmdJN1JIZkk0V2hWZjZxRE1sVzlkYnFtVVFOYWYxNmNSNnBic0NmWk9NbExNbXUtbG1UTzBZX3Z3WERhUQ?oc=5"" target=""_blank"">“Very Serious”: Chhattisgarh High Court Takes Suo-Motu Cognizance of Alleged Tiger Poaching After...</a>&nbsp;&nbsp;<font color=""#6f6f6f"">Live Law</font>",https://news.google.com/rss/articles/CBMihAJBVV95cUxPaUZudG9WLVNDQnQzTXBBSXVlMDV1M1FYSUdKbi0yTE45bVliMkdaM1FaSWdMRUVjRnBSUnNaTEFJTVA1RVN3blFYTnRmWndtaEFKZ1BTTllRUWFlbngwZGNOSG5FWTZwdTRIYXZVbDJlRE9HV3p2OXVoTnZTdEs4bUpha1NZVEFhZlN4RGFVV2xvN1BYbEFpanVIdDZaNE5JN3FyQ2k5a3cxU0MxY1dybDBrdUd6cnh6RUJHZ05FWWFDQjI0Y1k4SzJMeFc3Mm1fV3l6aDAza0x0RXlmSVhvUzJHenBqOUJRVmdTb1A3V29iUmh6bDFwR3dlYVlCX0o3OEJ6M9IBigJBVV95cUxPMWJ0aEJFMGp4MGUyZDJLZ2c1enp3RkF5NlV1UXpGbDZkRW5HRHdsWDdXbW50dXc1WEd1TnFRSzB6eUtuWDVVVGN5OXE2Q2k5ZDYwRkpOMERTWTR4bXVlcFlMYWJfOVcxR0dJMHlfam9xdTlDdnFmd3RKT0pLd2JubUhjTlhWRElrQkFXajEyYlBpSUhVeXFoaWJOWFBabFVHdy1KY1liQ1V1SWVqd0FWOS1ZbGZCZXVRb2ZGdnU3bXdlTVhwSUZOYlFHSkdGcmdJN1JIZkk0V2hWZjZxRE1sVzlkYnFtVVFOYWYxNmNSNnBic0NmWk9NbExNbXUtbG1UTzBZX3Z3WERhUQ?oc=5,chhattisgarh,['chhattisgarh'],[],Poaching,78.62,53.8,0,0,64.45,HIGH,UNIQUE,POA-CHH-20260509,-4492948441651898142
WCI-26935363,2026-05-09 00:24:53.064332,en,"MP: 5 held in Umaria tiger poaching, electrocution trap used​ - english.punjabkesari.com","<a href=""https://news.google.com/rss/articles/CBMiqwFBVV95cUxPUERmS0RMblcyNWJfM3BJcTZMTFNMTXNXMDJScVkxcHNyYXVxakVjZ1Z0c21COTVQdGRvQnQxc3ZXQU85M0w2ZXpDNHpjdDduWjJJa1JnRDBFajczS25YTk1TeS1jZkxEU3lnM2Q2U29Kb1p2NmJVaHAwclJPWEZoRzA4Ny0xYmVBYjNzbEs1OGJobkdORnZxWm44ZlpsQ0ozUTVqQjhJZm9MVTTSAbABQVVfeXFMUFhLLTZrRjZITEV0QkpJWFIxUUhfNkJ4NkdDVURTcGM2NW5SdzY2dHRvMHloay0waWFRTE1TYU93ZC1hb3hPcFI3c0M2S0VKcnlHQmZGRXRlbWFoSUwtTC1pLVpJV2ptV0xOOHN3dV8tOFRzMXRlV0RKOE54bm9VQ2VzY2JkLU5YN091d0pkQzBGREM2OUNPV2prRXVMVDRhdldUR1k2ZWFfaVpwSXZnWUk?oc=5"" target=""_blank"">MP: 5 held in Umaria tiger poaching, electrocution trap used​</a>&nbsp;&nbsp;<font color=""#6f6f6f"">english.punjabkesari.com</font>",https://news.google.com/rss/articles/CBMiqwFBVV95cUxPUERmS0RMblcyNWJfM3BJcTZMTFNMTXNXMDJScVkxcHNyYXVxakVjZ1Z0c21COTVQdGRvQnQxc3ZXQU85M0w2ZXpDNHpjdDduWjJJa1JnRDBFajczS25YTk1TeS1jZkxEU3lnM2Q2U29Kb1p2NmJVaHAwclJPWEZoRzA4Ny0xYmVBYjNzbEs1OGJobkdORnZxWm44ZlpsQ0ozUTVqQjhJZm9MVTTSAbABQVVfeXFMUFhLLTZrRjZITEV0QkpJWFIxUUhfNkJ4NkdDVURTcGM2NW5SdzY2dHRvMHloay0waWFRTE1TYU93ZC1hb3hPcFI3c0M2S0VKcnlHQmZGRXRlbWFoSUwtTC1pLVpJV2ptV0xOOHN3dV8tOFRzMXRlV0RKOE54bm9VQ2VzY2JkLU5YN091d0pkQzBGREM2OUNPV2prRXVMVDRhdldUR1k2ZWFfaVpwSXZnWUk?oc=5,punjab,['punjab'],[],Poaching,89.82,47.34,0,0,68.11,HIGH,UNIQUE,POA-PUN-20260509,-6554119933336428564
WCI-08C3181F,2026-05-09 00:26:09.049145,en,Maharashtra to involve central probe agencies to curb tiger poaching - The Hindu,"<a href=""https://news.google.com/rss/articles/CBMi1gFBVV95cUxPNG9wdEtjVEl5RWdfc3I0SlU0MnFfZG1oTkdZbmtWSVplSkZhZmozX2N4VUduRE5LLWNhRFJTZXh5YTI3bWVmMjlPNE1PVk5LdUI4RHA1cWhYbE9Bd0tQVFkxdTBkdHMtS2REQmJuYnc2Uy1jeHpYX0JteDBtb0xXNEc4bTdUc1ZPcThJNjFwQ2UybnlOcjhPRkxQMERaRG53akpJUW4xV1RjVUlNMUFHM3dSbktnNVlOWDRwQUstT0FqN2pwUE1XREdjazlWRmZ4QWhUTkNn0gHcAUFVX3lxTE11QW8yMFBmR2xxWjA4ZXFKeWNqYjJ0WEV6ZHB0eU0wLWd6bDFBa1dOcHNCeEY4MWtLUUhCemYxVFdERG5POEdMb01nSFJXNEpxQXZTUnA5Z1ZrcGVpaGJGSXdXYVRjQnZYX0FKZzVtVUgwVHpubkNHTldkMkE4RElxM2FIaXhGN1RtZmFFUDBkXzNjejU1RUhlZGRzam1IUVpuTUV6dUN6enlRV0c4dlJUU0F4TEI2VnhHY05ScDAyUWtlWUM2VVJTZDdnS2p3VG84RGVrZXFiRHo0Yms?oc=5"" target=""_blank"">Maharashtra to involve central probe agencies to curb tiger poaching</a>&nbsp;&nbsp;<font color=""#6f6f6f"">The Hindu</font>",https://news.google.com/rss/articles/CBMi1gFBVV95cUxPNG9wdEtjVEl5RWdfc3I0SlU0MnFfZG1oTkdZbmtWSVplSkZhZmozX2N4VUduRE5LLWNhRFJTZXh5YTI3bWVmMjlPNE1PVk5LdUI4RHA1cWhYbE9Bd0tQVFkxdTBkdHMtS2REQmJuYnc2Uy1jeHpYX0JteDBtb0xXNEc4bTdUc1ZPcThJNjFwQ2UybnlOcjhPRkxQMERaRG53akpJUW4xV1RjVUlNMUFHM3dSbktnNVlOWDRwQUstT0FqN2pwUE1XREdjazlWRmZ4QWhUTkNn0gHcAUFVX3lxTE11QW8yMFBmR2xxWjA4ZXFKeWNqYjJ0WEV6ZHB0eU0wLWd6bDFBa1dOcHNCeEY4MWtLUUhCemYxVFdERG5POEdMb01nSFJXNEpxQXZTUnA5Z1ZrcGVpaGJGSXdXYVRjQnZYX0FKZzVtVUgwVHpubkNHTldkMkE4RElxM2FIaXhGN1RtZmFFUDBkXzNjejU1RUhlZGRzam1IUVpuTUV6dUN6enlRV0c4dlJUU0F4TEI2VnhHY05ScDAyUWtlWUM2VVJTZDdnS2p3VG84RGVrZXFiRHo0Yms?oc=5,maharashtra,['maharashtra'],[],Poaching,77.01,49.74,0,0,62.43,HIGH,UNIQUE,POA-MAH-20260509,-3262272900415416155
WCI-6E1236B0,2026-05-09 00:26:41.632269,en,"Chargesheet filed in Rajura tiger poaching case, probe reveals international smuggling network - The Times of India","<a href=""https://news.google.com/rss/articles/CBMi-wFBVV95cUxPTW91LThQRmNTYzJ5SHNTUkVQZF9SV0ptdzJadDAtR0QwUzRGaG5YZGZoc0ZZQnZlY0RMRGU2dFdlYTVQV0lUTjdNMWNHUF9JTjYyTEtDNVJRUmt1X2VjUlg5VTZwaDNuTGhQVnpWc1NFY3k5M2FPdGRuTk9oNk5uMy1xM3lQRlB1am1kblJlNWRoeFdpZVRzUUxMRHhGcVJRMG15NXdDd0dpc2pYUEJoTDVUaHNaMjJDOTY5MnozQlA2R0xuOE5ISmszMUNfVjdJVTlMQ2VYenR2NEFLR1F4RU9EbFktX1FBbDdvRnk1YWNRdFNQMk12TmxMY9IBgAJBVV95cUxPc2VUdnJmZTFsRFRQUU1Gblp2UjM1eUVBTzBRdlExRExTTU55aHltN0RmNnRPUmlrNUFwWFlXbGxEa1pMb182QVJJWkRBTnVhSGF5TjhtNDZ5Q1lIWmZDZVBpNG8xN1FJRW1vbXRFQU8tdnd4WHoxTGFPbzNaU0hjSEVYV0JjVXA1aFBNQnNCUkpKTU13WDhnUW9QV3FhTlZ4WlNNOW1tVXVZaVdUWGxtbTB1WVhPTDc3anVZR1V2TFNFTW9jeVZvcENXbnZqVG5QT2ZPUG5zTVM4RXZuSVI2UGhJSHJFdXkxUUV5V1BYNzVwTXNWYW5jT0JkalFNbi1F?oc=5"" target=""_blank"">Chargesheet filed in Rajura tiger poaching case, probe reveals international smuggling network</a>&nbsp;&nbsp;<font color=""#6f6f6f"">The Times of India</font>",https://news.google.com/rss/articles/CBMi-wFBVV95cUxPTW91LThQRmNTYzJ5SHNTUkVQZF9SV0ptdzJadDAtR0QwUzRGaG5YZGZoc0ZZQnZlY0RMRGU2dFdlYTVQV0lUTjdNMWNHUF9JTjYyTEtDNVJRUmt1X2VjUlg5VTZwaDNuTGhQVnpWc1NFY3k5M2FPdGRuTk9oNk5uMy1xM3lQRlB1am1kblJlNWRoeFdpZVRzUUxMRHhGcVJRMG15NXdDd0dpc2pYUEJoTDVUaHNaMjJDOTY5MnozQlA2R0xuOE5ISmszMUNfVjdJVTlMQ2VYenR2NEFLR1F4RU9EbFktX1FBbDdvRnk1YWNRdFNQMk12TmxMY9IBgAJBVV95cUxPc2VUdnJmZTFsRFRQUU1Gblp2UjM1eUVBTzBRdlExRExTTU55aHltN0RmNnRPUmlrNUFwWFlXbGxEa1pMb182QVJJWkRBTnVhSGF5TjhtNDZ5Q1lIWmZDZVBpNG8xN1FJRW1vbXRFQU8tdnd4WHoxTGFPbzNaU0hjSEVYV0JjVXA1aFBNQnNCUkpKTU13WDhnUW9QV3FhTlZ4WlNNOW1tVXVZaVdUWGxtbTB1WVhPTDc3anVZR1V2TFNFTW9jeVZvcENXbnZqVG5QT2ZPUG5zTVM4RXZuSVI2UGhJSHJFdXkxUUV5V1BYNzVwTXNWYW5jT0JkalFNbi1F?oc=5,india,['india'],[],Poaching,81.0,48.7,0,0,77.11,HIGH,UNIQUE,POA-IND-20260509,-5720083197060759871
WCI-30C4AB71,2026-05-09 00:28:39.482156,en,"Poaching gang confesses to killing 2 tigers in Madhya Pradesh, STSF launches probe - The Times of India","<a href=""https://news.google.com/rss/articles/CBMi6wFBVV95cUxORDZZUjJQVlY3QUxIRUg0Mi1rdDZZM0gxRmdlTmJZNmtGaGd0cldCOGxjeFo1MExGZWtCTmJrVGE1TnQ2VkQwV2xYcmhXbFJQbWx3XzNHQUo4aHRSeE9Vb0hoNEV4WDRrdU44ZHRxSWlsWUNaOVFhTW4tRlJVMUxQTkZWWXd1UHFzNWQzcEpHQ29XSEVhem5sSmRVNU5ieHU1ekhlWmJPeXpNSkFRUlk2WERkLUU4YkI0QkEtNnRqSVM3VkxFV1dpSnRjWEw2UTZhRlA0OUtkalRycmFnUC0weXVpTS1rdi0wbnlF0gHwAUFVX3lxTFBGckljYkJKT09wNWR1VGp5czZZMWNCV0dYeXFKM3VmX2tkQWQ1RFZvQ00ycUVqQ3VDQTdwM2J5MFVleWRsY2ozbDVibC1DY0poT1NuYmFRRlFUaUNSa3F3M1BOUkhWWFBoTTNxUVdzaW5TUGtXQXZLYUxMTHh6MFFwUVJUVW5oYlQ5YmRDOG1vZ0hMSVlKLW1KUWx4alZnN2VoT2cwVDM4dFBMaWUwMkFhZUdWbS1WYm0xMDVGcm82cEcyZnBMN1p2ZWdwemRRR2EyTDlFcFJMczE0TVBTZDQ2SHdsZ09IT29VeER6eHpVbg?oc=5"" target=""_blank"">Poaching gang confesses to killing 2 tigers in Madhya Pradesh, STSF launches probe</a>&nbsp;&nbsp;<font color=""#6f6f6f"">The Times of India</font>",https://news.google.com/rss/articles/CBMi6wFBVV95cUxORDZZUjJQVlY3QUxIRUg0Mi1rdDZZM0gxRmdlTmJZNmtGaGd0cldCOGxjeFo1MExGZWtCTmJrVGE1TnQ2VkQwV2xYcmhXbFJQbWx3XzNHQUo4aHRSeE9Vb0hoNEV4WDRrdU44ZHRxSWlsWUNaOVFhTW4tRlJVMUxQTkZWWXd1UHFzNWQzcEpHQ29XSEVhem5sSmRVNU5ieHU1ekhlWmJPeXpNSkFRUlk2WERkLUU4YkI0QkEtNnRqSVM3VkxFV1dpSnRjWEw2UTZhRlA0OUtkalRycmFnUC0weXVpTS1rdi0wbnlF0gHwAUFVX3lxTFBGckljYkJKT09wNWR1VGp5czZZMWNCV0dYeXFKM3VmX2tkQWQ1RFZvQ00ycUVqQ3VDQTdwM2J5MFVleWRsY2ozbDVibC1DY0poT1NuYmFRRlFUaUNSa3F3M1BOUkhWWFBoTTNxUVdzaW5TUGtXQXZLYUxMTHh6MFFwUVJUVW5oYlQ5YmRDOG1vZ0hMSVlKLW1KUWx4alZnN2VoT2cwVDM4dFBMaWUwMkFhZUdWbS1WYm0xMDVGcm82cEcyZnBMN1p2ZWdwemRRR2EyTDlFcFJMczE0TVBTZDQ2SHdsZ09IT29VeER6eHpVbg?oc=5,india,"['india', 'madhya pradesh']",[],Poaching,70.0,57.38,0,0,65.21,HIGH,UNIQUE,POA-IND-20260509,866973791755290914
WCI-CC028246,2026-05-09 00:28:55.922444,en,Mapping areas most vulnerable to poaching and trafficking of tigers | Janaki Lenin - The Guardian,"<a href=""https://news.google.com/rss/articles/CBMiwAFBVV95cUxNclZnZEFBQjl6X2xnWnNVZi02eFhGS21CcHJXWk9sVjY1Q0c2VXZ1TDZQZlYxT3hHYm5GUGVXaGVobGhyU05FUDNyRFF0NXBGa185TmdxS1lOZTJyTFU1M1VwWkhqMldkSlNTczcwWU45bG5mM3FnZU0yYUFGM3cydUhMb0NGc3pRdFhSelhGdnQ2dmF6cHBHZjNSQk1PR0pJZVdEZXYzSzY1bWQwZWZVa1RXbF9YelRCanl2a3laN0w?oc=5"" target=""_blank"">Mapping areas most vulnerable to poaching and trafficking of tigers | Janaki Lenin</a>&nbsp;&nbsp;<font color=""#6f6f6f"">The Guardian</font>",https://news.google.com/rss/articles/CBMiwAFBVV95cUxNclZnZEFBQjl6X2xnWnNVZi02eFhGS21CcHJXWk9sVjY1Q0c2VXZ1TDZQZlYxT3hHYm5GUGVXaGVobGhyU05FUDNyRFF0NXBGa185TmdxS1lOZTJyTFU1M1VwWkhqMldkSlNTczcwWU45bG5mM3FnZU0yYUFGM3cydUhMb0NGc3pRdFhSelhGdnQ2dmF6cHBHZjNSQk1PR0pJZVdEZXYzSzY1bWQwZWZVa1RXbF9YelRCanl2a3laN0w?oc=5,Unknown,[],[],Poaching,95.1,47.4,0,0,74.77,HIGH,UNIQUE,POA-UNK-20260509,-9031524848258159201
WCI-40160F2C,2026-05-09 00:29:15.376011,en,India’s tiger boom at risk: Trafficking resurges amid soaring demand for tiger bones in China & Vietnam - The Economic Times,"<a href=""https://news.google.com/rss/articles/CBMi9wFBVV95cUxObEdNVEVzLXVEWWdDWXVyZ1BfUThta0hEVjhYdjBidUZQR0JGcVViNXVWWFlyZjFLaUNHLW1aRXlLbXo5bHo0X2hwWmxUdUNuSndVR3c4dTMwazg3amoteDlDRmJlLUNkYU41VW04dThmcG9tX2pzN1lsMTFiellWZmF0bTJ2bzdvXzlQalJyNFlwSkVDUVN0cG5pUWctMmUtS2JnT2RvNkxPaFRaYUlsSTI3NTFXbDNFeW95MEItQjRrakJBc0FwU0J0QzZGT284V1YzcWt1cFhPRTNuT2ppeFN3ZXZHamJVdWU3UnRRSS1OaW1kQjRV0gH8AUFVX3lxTFBPZW8wVEdiTFljZzVuX25RWEhQTmxERlpraVdQbGlxb2l6d2ZOTGpvTWhKRGNNT2d3cTJtSURLSkZwcVprT0l6NjlURG9PQW8wMDVVTE1ZeldqYXYwN3ViVDY5ZW5oRm50MThYbElMcEVxNnZhc0NTcDMyaEdZSXhoT1pKTnJKRnZsczZGdTN2Qy1RZEkzenNsbFU5OEJmdDBvRmhIVDBpcXBwUG95QUNpaGUyVDhnTUs5T2xUal9fME1ud1ZjRndPbDdrcEdZZV9vcURUT1c3RGE2YWtlbkx3Vlh0Z1d3WkR5UUpUa0UwZ1FXMktYU1dPU3lMVg?oc=5"" target=""_blank"">India’s tiger boom at risk: Trafficking resurges amid soaring demand for tiger bones in China & Vietnam</a>&nbsp;&nbsp;<font color=""#6f6f6f"">The Economic Times</font>",https://news.google.com/rss/articles/CBMi9wFBVV95cUxObEdNVEVzLXVEWWdDWXVyZ1BfUThta0hEVjhYdjBidUZQR0JGcVViNXVWWFlyZjFLaUNHLW1aRXlLbXo5bHo0X2hwWmxUdUNuSndVR3c4dTMwazg3amoteDlDRmJlLUNkYU41VW04dThmcG9tX2pzN1lsMTFiellWZmF0bTJ2bzdvXzlQalJyNFlwSkVDUVN0cG5pUWctMmUtS2JnT2RvNkxPaFRaYUlsSTI3NTFXbDNFeW95MEItQjRrakJBc0FwU0J0QzZGT284V1YzcWt1cFhPRTNuT2ppeFN3ZXZHamJVdWU3UnRRSS1OaW1kQjRV0gH8AUFVX3lxTFBPZW8wVEdiTFljZzVuX25RWEhQTmxERlpraVdQbGlxb2l6d2ZOTGpvTWhKRGNNT2d3cTJtSURLSkZwcVprT0l6NjlURG9PQW8wMDVVTE1ZeldqYXYwN3ViVDY5ZW5oRm50MThYbElMcEVxNnZhc0NTcDMyaEdZSXhoT1pKTnJKRnZsczZGdTN2Qy1RZEkzenNsbFU5OEJmdDBvRmhIVDBpcXBwUG95QUNpaGUyVDhnTUs5T2xUal9fME1ud1ZjRndPbDdrcEdZZV9vcURUT1c3RGE2YWtlbkx3Vlh0Z1d3WkR5UUpUa0UwZ1FXMktYU1dPU3lMVg?oc=5,india,"['india', 'china', 'vietnam']",[],Trafficking,80.66,49.72,0,0,64.25,HIGH,UNIQUE,TRA-IND-20260509,-8129235334889703511
WCI-DF0C6C47,2026-05-09 00:29:35.941402,en,Uttarakhand High Court warns of referring tiger poaching case to CBI - The Indian Express,"<a href=""https://news.google.com/rss/articles/CBMiuAFBVV95cUxQdXNxUWxBejBuRGpETlM5SE5vaDhUZFB4VDJQRE1XVi1fLXlLSGtDVVdUdG1Xd0tTUHU4dndqMS1CZ28tXzNqbHFTZ3lVYjNTSGpEUHBnSjdEbVpCekdPOGVCQVo5NmlUWmEzZmR2SGtSQ1FVR0o2WkMycS1lempjVnVjb1BnVU1ZY2RwN0RvMXBxYzF2dUxBQUxWS3p5ZjJZVmdoTUJ2VGI3cExUcWoyQkxpNnJ1U2Zr0gG_AUFVX3lxTFB6czZKeDdPajRqc1pEUk9iT2QwbW9lWVBxWWh3ZTBSNmVVU1RkQzQ5emhLLW9NTWpkTVY2WTZMVnVYMmljVFNMZ0ZHaHYzVlJQOE5hSmtCWUZrc3Z6bnROeG4xQklaOUFhZlluUU9HdS01LURRN1NzY3VOa3BxdG9RcWFzWHNoM1hjLS1OcDM0RkdDVXNBMjlMaWFMWGV3X3ZEQm9QYlZSdTFGaS1mdHdseEo2TWZLUnVVMEh5bUVr?oc=5"" target=""_blank"">Uttarakhand High Court warns of referring tiger poaching case to CBI</a>&nbsp;&nbsp;<font color=""#6f6f6f"">The Indian Express</font>",https://news.google.com/rss/articles/CBMiuAFBVV95cUxQdXNxUWxBejBuRGpETlM5SE5vaDhUZFB4VDJQRE1XVi1fLXlLSGtDVVdUdG1Xd0tTUHU4dndqMS1CZ28tXzNqbHFTZ3lVYjNTSGpEUHBnSjdEbVpCekdPOGVCQVo5NmlUWmEzZmR2SGtSQ1FVR0o2WkMycS1lempjVnVjb1BnVU1ZY2RwN0RvMXBxYzF2dUxBQUxWS3p5ZjJZVmdoTUJ2VGI3cExUcWoyQkxpNnJ1U2Zr0gG_AUFVX3lxTFB6czZKeDdPajRqc1pEUk9iT2QwbW9lWVBxWWh3ZTBSNmVVU1RkQzQ5emhLLW9NTWpkTVY2WTZMVnVYMmljVFNMZ0ZHaHYzVlJQOE5hSmtCWUZrc3Z6bnROeG4xQklaOUFhZlluUU9HdS01LURRN1NzY3VOa3BxdG9RcWFzWHNoM1hjLS1OcDM0RkdDVXNBMjlMaWFMWGV3X3ZEQm9QYlZSdTFGaS1mdHdseEo2TWZLUnVVMEh5bUVr?oc=5,uttarakhand,['uttarakhand'],[],Poaching,72.24,51.61,0,0,60.6,HIGH,UNIQUE,POA-UTT-20260509,5137825553299977673
WCI-2516945F,2026-05-09 00:29:54.941491,en,Skin and Bones: Tiger Trafficking Analysis from January 2000–June 2022 - Wildlife Trade Report from TRAFFIC - Traffic.org,"<a href=""https://news.google.com/rss/articles/CBMifEFVX3lxTFBpWmVYcHFVeHNqT1F3UFQzQjBzTTQ4TDdjVUxab0dsMGRERTBkcmppY3FFOXFndEh2dGpBOHNUbTRlNWtvUkdzUlRVZHZoUGRlRVdMWC03bTFBTXRNdzNiUnREczF1NmRONzc0SExQX1p1UkpfSy1Yd0RadTE?oc=5"" target=""_blank"">Skin and Bones: Tiger Trafficking Analysis from January 2000–June 2022 - Wildlife Trade Report from TRAFFIC</a>&nbsp;&nbsp;<font color=""#6f6f6f"">Traffic.org</font>",https://news.google.com/rss/articles/CBMifEFVX3lxTFBpWmVYcHFVeHNqT1F3UFQzQjBzTTQ4TDdjVUxab0dsMGRERTBkcmppY3FFOXFndEh2dGpBOHNUbTRlNWtvUkdzUlRVZHZoUGRlRVdMWC03bTFBTXRNdzNiUnREczF1NmRONzc0SExQX1p1UkpfSy1Yd0RadTE?oc=5,Unknown,[],[],Trafficking,76.36,55.77,0,0,63.91,HIGH,UNIQUE,TRA-UNK-20260509,8373213530089886264
WCI-C4B50713,2026-05-11 08:18:00.283032,en,"Inter-state Wildlife Crime Syndicate Dismantled, Female Smuggler Arrested For First Time - ETV Bharat","<a href=""https://news.google.com/rss/articles/CBMizgFBVV95cUxPR2FBNUxZLWhPdE9uNFg3U1l0OVJyeDhocUwwSEtPZFRlSXROTEJ6U2tRd2x0XzZUZm5qMG1KclAyWnlfZ3BmUTQzamtpOVB2SFlqaHUxbTZKNl91VGo5cV9hdTFuYUcxRzZqcFVLYUw4TUJXR1A0Q3huTEtxQ0twdmJwS0VPeGd3X3YzOVMyTHJmd05JMHNDRnFxbDdGREZnVi0tNzdnMXVmbmhJT2s4eHl4Q3ZlZmxPTmtDSmQ0WHR5MExISlNmWmVIR0NBQQ?oc=5"" target=""_blank"">Inter-state Wildlife Crime Syndicate Dismantled, Female Smuggler Arrested For First Time</a>&nbsp;&nbsp;<font color=""#6f6f6f"">ETV Bharat</font>",https://news.google.com/rss/articles/CBMizgFBVV95cUxPR2FBNUxZLWhPdE9uNFg3U1l0OVJyeDhocUwwSEtPZFRlSXROTEJ6U2tRd2x0XzZUZm5qMG1KclAyWnlfZ3BmUTQzamtpOVB2SFlqaHUxbTZKNl91VGo5cV9hdTFuYUcxRzZqcFVLYUw4TUJXR1A0Q3huTEtxQ0twdmJwS0VPeGd3X3YzOVMyTHJmd05JMHNDRnFxbDdGREZnVi0tNzdnMXVmbmhJT2s4eHl4Q3ZlZmxPTmtDSmQ0WHR5MExISlNmWmVIR0NBQQ?oc=5,Unknown,[],[],Wildlife Crime,63.27,59.49,0,0,66.48,HIGH,UNIQUE,WIL-UNK-20260511,356462041281033454
WCI-6A01C933,2026-05-11 08:19:07.646393,en,"India, Nepal Sign New MoU to Boost Forest and Wildlife Cooperation - Adda247","<a href=""https://news.google.com/rss/articles/CBMiowFBVV95cUxPbGlKR2M5T3dBN1l5cXl5WFRaWTF1RnQzVXRSUDNHX08wblRNakRxYTFfS1FIN1FKeHR6aEZ3UE40WmdfQ3l2M0hOV3ZmUGwzRUlUTHlrckF3RGhRQzBGeWZzbnZiamlxR0NLMHhRWFRSc3hfbEs0VEJFd01qQV9pVGloeVdlSlZmcDU4TTA3THl5dkhYWHM5NVNKb2lmUy04TEpv?oc=5"" target=""_blank"">India, Nepal Sign New MoU to Boost Forest and Wildlife Cooperation</a>&nbsp;&nbsp;<font color=""#6f6f6f"">Adda247</font>",https://news.google.com/rss/articles/CBMiowFBVV95cUxPbGlKR2M5T3dBN1l5cXl5WFRaWTF1RnQzVXRSUDNHX08wblRNakRxYTFfS1FIN1FKeHR6aEZ3UE40WmdfQ3l2M0hOV3ZmUGwzRUlUTHlrckF3RGhRQzBGeWZzbnZiamlxR0NLMHhRWFRSc3hfbEs0VEJFd01qQV9pVGloeVdlSlZmcDU4TTA3THl5dkhYWHM5NVNKb2lmUy04TEpv?oc=5,india,"['india', 'india, nepal sign new mou to boost forest and wildlife cooperation adda india, nepal sign new mou to boost forest and wildlife cooperation nbsp; adda']",[],Wildlife Crime,87.39,40.47,0,0,64.84,HIGH,UNIQUE,WIL-IND-20260511,4559292644423389835
WCI-21BA7CF5,2026-05-11 08:19:31.519326,en,"Saving Tiger: Habitat Loss, Wildlife Crime Pose Major Challenges - Ukhrul Times","<a href=""https://news.google.com/rss/articles/CBMikAFBVV95cUxPWUJHaWR3Q3o3M1U2d3dQRmtrdlg5SVlaNEhQeGE2SUpEWExjeXZBRk9rWnJDMmIxbnNuS1hEZmIzdGtEZW92ekFtRTdiTThVdGVYZTQ1dXJaOW1hazlMVkxsWFp5Nnh5eGVvTm1WMmtyRjZBUWJYMXEwRDFzSzFWOXVMd1FKOXNYUnlydWhaVk0?oc=5"" target=""_blank"">Saving Tiger: Habitat Loss, Wildlife Crime Pose Major Challenges</a>&nbsp;&nbsp;<font color=""#6f6f6f"">Ukhrul Times</font>",https://news.google.com/rss/articles/CBMikAFBVV95cUxPWUJHaWR3Q3o3M1U2d3dQRmtrdlg5SVlaNEhQeGE2SUpEWExjeXZBRk9rWnJDMmIxbnNuS1hEZmIzdGtEZW92ekFtRTdiTThVdGVYZTQ1dXJaOW1hazlMVkxsWFp5Nnh5eGVvTm1WMmtyRjZBUWJYMXEwRDFzSzFWOXVMd1FKOXNYUnlydWhaVk0?oc=5,Unknown,[],[],Wildlife Crime,80.11,45.66,0,0,62.75,HIGH,UNIQUE,WIL-UNK-20260511,1283771282766604699
WCI-F2D2B273,2026-05-11 08:25:02.805197,en,Wildlife trafficking in Tamil Nadu | The grey in the colourful plumage - The Hindu,"<a href=""https://news.google.com/rss/articles/CBMi3gFBVV95cUxQV29NUmlGaVdkTEJES05kcnZOekZ5ZGhYUFF5ZURyWmtCYWNnVW1CT1NsaFlsdlpTdWJGLVYyNUJyTy1uV3RCZ1pVdWRVOU5RMkFNZmw1bUg3SU5hbGN2cE1lSmowSnlwcXA3RkdHZ3A2Rk1fY0REQU9OOE5ERTB0R19aa2QyOEpXU253dDE2Rm5vWmpUcjE3TFNKd05MYlROdDZESENBeDZvbklNVEU4Z0t4bGp1UHNtT3ZuTHZyOC1Ha25QNUZVNnVZamJ1R0dwUzBKVGJHNU5QQWlieHfSAeQBQVVfeXFMTkktRzlRN0lCWGJISVluQU12ekxaUnBKbENFdzhHTWJYQnpSWjJMdExtVGFPSDJjY0EyOVhvMnVGQlFwUnlXRUVqa0drNWp3WWFfamFFVExaT3JURi1POXR6eDNtZkJjNjE2bGF1M3lWbWYyYnJTQXFFeWJvZGR3cXdUZlVSaWtsYjQ3NXNxeU9yT0swWkh6dFdXOXlCQjlYWDYzTkw0ZlE4TDlVeXQ1ZWNXaDZJNEdVTTFQV0VSQTlCUURKdVZ6V2VXYkJMc2g5b1E5b3hPNkw3dFVTUHh3VmlFQTRC?oc=5"" target=""_blank"">Wildlife trafficking in Tamil Nadu | The grey in the colourful plumage</a>&nbsp;&nbsp;<font color=""#6f6f6f"">The Hindu</font>",https://news.google.com/rss/articles/CBMi3gFBVV95cUxQV29NUmlGaVdkTEJES05kcnZOekZ5ZGhYUFF5ZURyWmtCYWNnVW1CT1NsaFlsdlpTdWJGLVYyNUJyTy1uV3RCZ1pVdWRVOU5RMkFNZmw1bUg3SU5hbGN2cE1lSmowSnlwcXA3RkdHZ3A2Rk1fY0REQU9OOE5ERTB0R19aa2QyOEpXU253dDE2Rm5vWmpUcjE3TFNKd05MYlROdDZESENBeDZvbklNVEU4Z0t4bGp1UHNtT3ZuTHZyOC1Ha25QNUZVNnVZamJ1R0dwUzBKVGJHNU5QQWlieHfSAeQBQVVfeXFMTkktRzlRN0lCWGJISVluQU12ekxaUnBKbENFdzhHTWJYQnpSWjJMdExtVGFPSDJjY0EyOVhvMnVGQlFwUnlXRUVqa0drNWp3WWFfamFFVExaT3JURi1POXR6eDNtZkJjNjE2bGF1M3lWbWYyYnJTQXFFeWJvZGR3cXdUZlVSaWtsYjQ3NXNxeU9yT0swWkh6dFdXOXlCQjlYWDYzTkw0ZlE4TDlVeXQ1ZWNXaDZJNEdVTTFQV0VSQTlCUURKdVZ6V2VXYkJMc2g5b1E5b3hPNkw3dFVTUHh3VmlFQTRC?oc=5,tamil nadu,['tamil nadu'],[],Trafficking,62.47,70.09,0,0,61.26,HIGH,UNIQUE,TRA-TAM-20260511,2898546438155516405
WCI-0D730F84,2026-05-11 08:33:05.653074,en,"Inter-state Wildlife Crime Syndicate Dismantled, Female Smuggler Arrested For First Time - ETV Bharat","<a href=""https://news.google.com/rss/articles/CBMizgFBVV95cUxPR2FBNUxZLWhPdE9uNFg3U1l0OVJyeDhocUwwSEtPZFRlSXROTEJ6U2tRd2x0XzZUZm5qMG1KclAyWnlfZ3BmUTQzamtpOVB2SFlqaHUxbTZKNl91VGo5cV9hdTFuYUcxRzZqcFVLYUw4TUJXR1A0Q3huTEtxQ0twdmJwS0VPeGd3X3YzOVMyTHJmd05JMHNDRnFxbDdGREZnVi0tNzdnMXVmbmhJT2s4eHl4Q3ZlZmxPTmtDSmQ0WHR5MExISlNmWmVIR0NBQQ?oc=5"" target=""_blank"">Inter-state Wildlife Crime Syndicate Dismantled, Female Smuggler Arrested For First Time</a>&nbsp;&nbsp;<font color=""#6f6f6f"">ETV Bharat</font>",https://news.google.com/rss/articles/CBMizgFBVV95cUxPR2FBNUxZLWhPdE9uNFg3U1l0OVJyeDhocUwwSEtPZFRlSXROTEJ6U2tRd2x0XzZUZm5qMG1KclAyWnlfZ3BmUTQzamtpOVB2SFlqaHUxbTZKNl91VGo5cV9hdTFuYUcxRzZqcFVLYUw4TUJXR1A0Q3huTEtxQ0twdmJwS0VPeGd3X3YzOVMyTHJmd05JMHNDRnFxbDdGREZnVi0tNzdnMXVmbmhJT2s4eHl4Q3ZlZmxPTmtDSmQ0WHR5MExISlNmWmVIR0NBQQ?oc=5,Unknown,[],[],Wildlife Crime,63.27,59.49,0,0,66.48,HIGH,UNIQUE,WIL-UNK-20260511,-7447901452238840710
WCI-B45A1FCE,2026-05-11 08:56:00.868708,en,Wildlife Crime Karnataka: Deer Poaching Racket Busted in Bengaluru - Deccan Herald,"<a href=""https://news.google.com/rss/articles/CBMi1wFBVV95cUxOaEtoTmlNM2FKdHNyWWRDd3JlWFNFRDJBal8zdUhTMnE0R0diUmRFNHlUT0J3YUR5ZjVnQVZ3VExrY0ZmbGhiWFBpTjBRV3I4aDc3NXRUSEtsZ2c3R29iOHkyTndhVWlxMHlqNWZfRFlTb0dDMDVDVVVlSXpTNHBFTk9sX3VUYkxuYmYyU0JEVVlhWW11MUcwYnpjY0JWMkVvd0ViMF8ySklEM3VIUFpnZ1FxWVdUOHFldWtiUDVON2ZJelc5YThFQ08tWEllTld2VVRRYTlPMA?oc=5"" target=""_blank"">Wildlife Crime Karnataka: Deer Poaching Racket Busted in Bengaluru</a>&nbsp;&nbsp;<font color=""#6f6f6f"">Deccan Herald</font>",https://news.google.com/rss/articles/CBMi1wFBVV95cUxOaEtoTmlNM2FKdHNyWWRDd3JlWFNFRDJBal8zdUhTMnE0R0diUmRFNHlUT0J3YUR5ZjVnQVZ3VExrY0ZmbGhiWFBpTjBRV3I4aDc3NXRUSEtsZ2c3R29iOHkyTndhVWlxMHlqNWZfRFlTb0dDMDVDVVVlSXpTNHBFTk9sX3VUYkxuYmYyU0JEVVlhWW11MUcwYnpjY0JWMkVvd0ViMF8ySklEM3VIUFpnZ1FxWVdUOHFldWtiUDVON2ZJelc5YThFQ08tWEllTld2VVRRYTlPMA?oc=5,karnataka,['karnataka'],[],Poaching,78.23,66.93,0,0,86.19,HIGH,UNIQUE,POA-KAR-20260511,8432088332290497171
WCI-82311781,2026-05-11 08:59:15.020457,en,"With tigers getting the spotlight, is poaching of leopards increasing in the blind spot? - Mongabay-India","<a href=""https://news.google.com/rss/articles/CBMivwFBVV95cUxQTDg5OF9OVkR6TDZmVTVYU2xTeklOcXg2RE5XNnhnakJlV2NWOXRMNVp6YVhlMjg3MXFlckptZ05kRWlFZ0pRM1ZTWmczY3dmTnhlTGQ5T3RKLTVCOWZaQVFYSXE5SEpqeUNzeFhfMWhLUEluR1owTnFTemZFdkNPWW4wc3loSk15dDZhZm1QZ0FfbVp3MFV3XzdNWndKVldWMFBvUGI5bDNTRVl1WEVKMkxJMW4yeTVTTDZEeUZ4QQ?oc=5"" target=""_blank"">With tigers getting the spotlight, is poaching of leopards increasing in the blind spot?</a>&nbsp;&nbsp;<font color=""#6f6f6f"">Mongabay-India</font>",https://news.google.com/rss/articles/CBMivwFBVV95cUxQTDg5OF9OVkR6TDZmVTVYU2xTeklOcXg2RE5XNnhnakJlV2NWOXRMNVp6YVhlMjg3MXFlckptZ05kRWlFZ0pRM1ZTWmczY3dmTnhlTGQ5T3RKLTVCOWZaQVFYSXE5SEpqeUNzeFhfMWhLUEluR1owTnFTemZFdkNPWW4wc3loSk15dDZhZm1QZ0FfbVp3MFV3XzdNWndKVldWMFBvUGI5bDNTRVl1WEVKMkxJMW4yeTVTTDZEeUZ4QQ?oc=5,india,['india'],[],Poaching,82.75,49.68,0,0,65.28,HIGH,UNIQUE,POA-IND-20260511,4556613114223624172
WCI-9A924BE8,2026-05-11 09:00:41.910200,en,Odisha loses another melanistic tiger to poaching; nine arrested - Business Standard,"<a href=""https://news.google.com/rss/articles/CBMizgFBVV95cUxNWVphMGVVR1lWMHN3dW1xTkJlZ0d0bEZoWEhqXzhDU1hISjRXV2FLbUlaaTY1M0pRLXhOSVhyTHZSYUxZQ3cwQUR0WlNMUXV0LUlDMHBHbzBjd0h4QVU2UXRxZHMyZkpmZ09Damk5bW1USWdlQ2dneGlvOTk2cDVkdWlFQXA1T19OQ3NEdS1ZWWNaNTFqSUtWdVVsVFRKOFlUNmMyZVFlMC1Kek9Ka1pHci16cTZ4OC1HMTFZQ09pVXJFVmhDMFhiUkFTQ01SZ9IB0wFBVV95cUxPbVFrdzUxbDU4SGxzZTQyeEpVLXNSelZEUVd1cWE0SWRxUGJ2Q19CVjdRRFdpR25Uc1h4cjlPOS1rbWoyU0t2ZlhiblpyRFNmckc1VTQ4dXp4LUUxZ3lfaHM3dVdJNmxMaE54SnB1akhiVFp6RUlUYjNCcTMzY0RlTjRRLUhHOVIwUEdsbWgtWld5OEQxM0dRMTZBZDZWMGh0a18tNHJ4VGhaMGIxMVFFblMwV3NFN3AwLW1QczJrbEIyM3hVZ0NKYlNhSl92bVJWUWVr?oc=5"" target=""_blank"">Odisha loses another melanistic tiger to poaching; nine arrested</a>&nbsp;&nbsp;<font color=""#6f6f6f"">Business Standard</font>",https://news.google.com/rss/articles/CBMizgFBVV95cUxNWVphMGVVR1lWMHN3dW1xTkJlZ0d0bEZoWEhqXzhDU1hISjRXV2FLbUlaaTY1M0pRLXhOSVhyTHZSYUxZQ3cwQUR0WlNMUXV0LUlDMHBHbzBjd0h4QVU2UXRxZHMyZkpmZ09Damk5bW1USWdlQ2dneGlvOTk2cDVkdWlFQXA1T19OQ3NEdS1ZWWNaNTFqSUtWdVVsVFRKOFlUNmMyZVFlMC1Kek9Ka1pHci16cTZ4OC1HMTFZQ09pVXJFVmhDMFhiUkFTQ01SZ9IB0wFBVV95cUxPbVFrdzUxbDU4SGxzZTQyeEpVLXNSelZEUVd1cWE0SWRxUGJ2Q19CVjdRRFdpR25Uc1h4cjlPOS1rbWoyU0t2ZlhiblpyRFNmckc1VTQ4dXp4LUUxZ3lfaHM3dVdJNmxMaE54SnB1akhiVFp6RUlUYjNCcTMzY0RlTjRRLUhHOVIwUEdsbWgtWld5OEQxM0dRMTZBZDZWMGh0a18tNHJ4VGhaMGIxMVFFblMwV3NFN3AwLW1QczJrbEIyM3hVZ0NKYlNhSl92bVJWUWVr?oc=5,odisha,['odisha'],[],Poaching,82.98,39.54,0,0,66.35,HIGH,UNIQUE,POA-ODI-20260511,-3232792278106395115
WCI-379557D0,2026-05-11 09:08:13.556341,en,"Tiger poaching: Chandrapur to Aizawl, investigation tracked bank SMS, social media posts, tip-off from Shillong church - The Indian Express","<a href=""https://news.google.com/rss/articles/CBMihgJBVV95cUxQQml3NGNQeEMtLUJQN182Q0FMV0NlMHVIWlB3NVlfLTZmLU9Nd05keW5ZbU93WG9Cc3MwU2tZMzd6UEdJS05DZE5EOGxxdXdka081cFpFYW9DVFk2OXNuS1RscEt3al90ajJGam82VlUxMHpLcFVIVkx2MHhSSE5WSFQ1N2hYN0lUWDRyNmtaRGFfQzZwaVF4Ym10Nl9FWUhKc1hTNnRUZThuV3lpYW9abUIybVdFdXpKN3p2WDN4Q2U5WnctSFl3eUFvMEU0SnR0bTRBbkRLdGJoZ3prWkxib0l1VFhjRG9PNmZsUnp3UlpnbWs1OWtTcklIc2dUYnR1M1BLYnBR0gGMAkFVX3lxTFB2bk1wWk0xdGdva01HVHZuSWhlMWcwYzVGYXVqelJQYm5KRlEwS3F4NmlwMk43cW9BVDlHRGZuWUlUNGtzbVZYb2dWQTFDcFBuQWZualdGREtIZWsyY2V0cTlDejVuNUNPU0lQUWJhSmNkekx6Q3pwTXc4WVhaaEJZRm93OEZINEx4VG15QkI5RV9tdFBrelRxbkxGWmJVc2I0NDhVV1h1MGQ3WjBQZXo0UHZMWU93Ylk5NzdfY29CcTFXVTFqWExaak9OSHpRbWxBc2FhZzZCNjRJLVk4Z0FDejBEejJVVXlzbzZMenlpXzcwb1V2RkhCV2NsVHgtMW1wR3cxazd2b0t5bGU?oc=5"" target=""_blank"">Tiger poaching: Chandrapur to Aizawl, investigation tracked bank SMS, social media posts, tip-off from Shillong church</a>&nbsp;&nbsp;<font color=""#6f6f6f"">The Indian Express</font>",https://news.google.com/rss/articles/CBMihgJBVV95cUxQQml3NGNQeEMtLUJQN182Q0FMV0NlMHVIWlB3NVlfLTZmLU9Nd05keW5ZbU93WG9Cc3MwU2tZMzd6UEdJS05DZE5EOGxxdXdka081cFpFYW9DVFk2OXNuS1RscEt3al90ajJGam82VlUxMHpLcFVIVkx2MHhSSE5WSFQ1N2hYN0lUWDRyNmtaRGFfQzZwaVF4Ym10Nl9FWUhKc1hTNnRUZThuV3lpYW9abUIybVdFdXpKN3p2WDN4Q2U5WnctSFl3eUFvMEU0SnR0bTRBbkRLdGJoZ3prWkxib0l1VFhjRG9PNmZsUnp3UlpnbWs1OWtTcklIc2dUYnR1M1BLYnBR0gGMAkFVX3lxTFB2bk1wWk0xdGdva01HVHZuSWhlMWcwYzVGYXVqelJQYm5KRlEwS3F4NmlwMk43cW9BVDlHRGZuWUlUNGtzbVZYb2dWQTFDcFBuQWZualdGREtIZWsyY2V0cTlDejVuNUNPU0lQUWJhSmNkekx6Q3pwTXc4WVhaaEJZRm93OEZINEx4VG15QkI5RV9tdFBrelRxbkxGWmJVc2I0NDhVV1h1MGQ3WjBQZXo0UHZMWU93Ylk5NzdfY29CcTFXVTFqWExaak9OSHpRbWxBc2FhZzZCNjRJLVk4Z0FDejBEejJVVXlzbzZMenlpXzcwb1V2RkhCV2NsVHgtMW1wR3cxazd2b0t5bGU?oc=5,Unknown,[],[],Poaching,73.22,44.65,0,0,63.0,HIGH,UNIQUE,POA-UNK-20260511,-7997767129020383881
WCI-B9BA3D8F,2026-05-11 09:09:15.808872,en,How the Dhonk Center is employing women and putting a stop to tiger poaching - Contiki,"<a href=""https://news.google.com/rss/articles/CBMieEFVX3lxTE5MUjZuZTZQQTZSQVJRTTNFMDRqYXoxQ05sSlVuLXZQUFF0aGtPVjRJN3lVYjVlUXM2R19HRDBCLVdHZVZGdVlyOHVtUzEySUd4QzBxcXktNDlHNWRLZWlsRHNXbV9JODVOdnh6S3hJYUtvbjJvLW53LQ?oc=5"" target=""_blank"">How the Dhonk Center is employing women and putting a stop to tiger poaching</a>&nbsp;&nbsp;<font color=""#6f6f6f"">Contiki</font>",https://news.google.com/rss/articles/CBMieEFVX3lxTE5MUjZuZTZQQTZSQVJRTTNFMDRqYXoxQ05sSlVuLXZQUFF0aGtPVjRJN3lVYjVlUXM2R19HRDBCLVdHZVZGdVlyOHVtUzEySUd4QzBxcXktNDlHNWRLZWlsRHNXbV9JODVOdnh6S3hJYUtvbjJvLW53LQ?oc=5,Unknown,[],[],Poaching,88.3,30.18,0,0,62.2,HIGH,UNIQUE,POA-UNK-20260511,-6168645156220542303
WCI-C9A4D1C4,2026-05-11 09:09:51.219919,en,Forest dept denies tiger poaching claims in Gautala - The Times of India,"<a href=""https://news.google.com/rss/articles/CBMiyAFBVV95cUxPRHhDM2U1SXhYWWZsNXZTSXBUVWlkRzNRTVYzUWVNQUNyODBPemNNeHo3LTBZMG45dEtxaE1qWHRLeGpZYTJYdXRDcWZ6YURHcTFwRTUyNkpieEFlM3pKZDdoYTQteXl0S2ZyVU1ONVZzUFQzSU9WUFk3VG9fZkJlNUZkSTkzems0ZHhySFVEQld2ZWhCTE9LVWxaMlRLc1p4TFpMOWRFbVQxeTlaOWRDRVY3RDJ1SnFqaDVIazQ2LTFDeG5zcWZ0M9IBzgFBVV95cUxQd3ZhRW91X1lHTzhiMVFqT0l1Q3k0SzlYaXhQR0c1SWJZRm4xZ2ZlMk9PNkMxSDhZaElQaUdHbjFzUFR3VnRCU2YwOGhfTngxWWk3SWYzZnhKd3BZVmdLb2xOREtEQ3BJSi00NDFYWlY5QW5iOEFZbHNwSmIxZVg3RVFJalJfbTY0bGVJMDVqR2NQVmNIY2EyTTU5RUlGenliQ2pJUmZidkhyTklCbDZZU3R3VU13amdZc0RKb1o1allSWi1CU0doWW1EUUFqZw?oc=5"" target=""_blank"">Forest dept denies tiger poaching claims in Gautala</a>&nbsp;&nbsp;<font color=""#6f6f6f"">The Times of India</font>",https://news.google.com/rss/articles/CBMiyAFBVV95cUxPRHhDM2U1SXhYWWZsNXZTSXBUVWlkRzNRTVYzUWVNQUNyODBPemNNeHo3LTBZMG45dEtxaE1qWHRLeGpZYTJYdXRDcWZ6YURHcTFwRTUyNkpieEFlM3pKZDdoYTQteXl0S2ZyVU1ONVZzUFQzSU9WUFk3VG9fZkJlNUZkSTkzems0ZHhySFVEQld2ZWhCTE9LVWxaMlRLc1p4TFpMOWRFbVQxeTlaOWRDRVY3RDJ1SnFqaDVIazQ2LTFDeG5zcWZ0M9IBzgFBVV95cUxQd3ZhRW91X1lHTzhiMVFqT0l1Q3k0SzlYaXhQR0c1SWJZRm4xZ2ZlMk9PNkMxSDhZaElQaUdHbjFzUFR3VnRCU2YwOGhfTngxWWk3SWYzZnhKd3BZVmdLb2xOREtEQ3BJSi00NDFYWlY5QW5iOEFZbHNwSmIxZVg3RVFJalJfbTY0bGVJMDVqR2NQVmNIY2EyTTU5RUlGenliQ2pJUmZidkhyTklCbDZZU3R3VU13amdZc0RKb1o1allSWi1CU0doWW1EUUFqZw?oc=5,india,"['india', 'gautala', 'forest dept denies tiger poaching claims in gautala the times of india forest dept denies tiger poaching claims in gautala nbsp; the times of india']",[],Poaching,87.24,61.47,0,0,71.06,HIGH,UNIQUE,POA-IND-20260511,-7795730611885229452
WCI-50B3EF57,2026-05-11 09:11:38.289246,en,"2 arrested for smuggling 7 tiger nails, teeth at Nampally station - The Times of India","<a href=""https://news.google.com/rss/articles/CBMi2AFBVV95cUxObi0wVnB6NGZ4cHlUemgwYWFHYnVYbjZTQXYyWXFMSm84Z0tCTlBsVnZnekdxcEczb3dZUzZyT3NTU2tsU25yT2FFV3hJd2hKX2paQ2NwVVh2RXpvWllERUtBMGtNU01kZ0hUZzVPN3RJOXZSV2xnVTV2LWFZQmpwQnJ0eVlQRXVzWmNUYlBtalBYUm4tbjI5aFhsZVU2U1ZfaVBvb1FxaThmNDhrWkVpeWNWTkR4di1lU2pxVTBVQmE0eE1VbmR4eHJRTGQ4Y05wRGlSV2N0OXXSAd4BQVVfeXFMTnk4YWZTSXluRVNjSDNCS2tOTE13M21HeHJhX1ROM3ZHLVdzVHQtVXVXMVFyWXQ1c1I5QTBRcEx3UzJHNDBRM0FXcjVadXdzRFNXUzFXNDRnb25MNk9KWDVac3FqdkxmRy1LU3A1Sk1sNi1yQloyOHR4aW9rVHFtT3h1bmFPNEJVNXpPejBBaWdfWlY4Uk5NRk9GcVhHdkxrbjhDVnpTN3lSa3VtaHhQWXVWQzNfVHZjT1FUMGw0aFpNWHV0bVNhY0JfN0RocFNlSmd3MjFpMmZJRms4VTFB?oc=5"" target=""_blank"">2 arrested for smuggling 7 tiger nails, teeth at Nampally station</a>&nbsp;&nbsp;<font color=""#6f6f6f"">The Times of India</font>",https://news.google.com/rss/articles/CBMi2AFBVV95cUxObi0wVnB6NGZ4cHlUemgwYWFHYnVYbjZTQXYyWXFMSm84Z0tCTlBsVnZnekdxcEczb3dZUzZyT3NTU2tsU25yT2FFV3hJd2hKX2paQ2NwVVh2RXpvWllERUtBMGtNU01kZ0hUZzVPN3RJOXZSV2xnVTV2LWFZQmpwQnJ0eVlQRXVzWmNUYlBtalBYUm4tbjI5aFhsZVU2U1ZfaVBvb1FxaThmNDhrWkVpeWNWTkR4di1lU2pxVTBVQmE0eE1VbmR4eHJRTGQ4Y05wRGlSV2N0OXXSAd4BQVVfeXFMTnk4YWZTSXluRVNjSDNCS2tOTE13M21HeHJhX1ROM3ZHLVdzVHQtVXVXMVFyWXQ1c1I5QTBRcEx3UzJHNDBRM0FXcjVadXdzRFNXUzFXNDRnb25MNk9KWDVac3FqdkxmRy1LU3A1Sk1sNi1yQloyOHR4aW9rVHFtT3h1bmFPNEJVNXpPejBBaWdfWlY4Uk5NRk9GcVhHdkxrbjhDVnpTN3lSa3VtaHhQWXVWQzNfVHZjT1FUMGw0aFpNWHV0bVNhY0JfN0RocFNlSmd3MjFpMmZJRms4VTFB?oc=5,india,['india'],[],Smuggling,80.15,48.8,0,0,67.72,HIGH,UNIQUE,SMU-IND-20260511,2500262756585051795
WCI-E6850B9C,2026-05-11 09:13:37.464150,en,"Customs cracks tiger poaching case, 6 arrested for selling skin - The Times of India","<a href=""https://news.google.com/rss/articles/CBMiugFBVV95cUxNbzRoODlhOE84TlA2MjgwdjNGUl9VajJLSXBZWkF3cTV0ajZYTFVBd0dEVjJla0o0NTJNRkdEcFlOdmlEbEpYdW4wNmlra1dIam4zOXZ6N0JrTHBDSkM4LW5OZEVyME0zR1VNN2F5WW9UVXgwRTVCY3hHUDNaV1M4bGtyQmI1b0VJNTc1Q181RDg2OXhwbFQzN2RlN1lzS2J6LWFvRGxONmNiZl9RYjI1bGFnOWd0NjNQcXfSAb8BQVVfeXFMTkZOU2MxUjFrU3BXbzB6SXF4M2pLU3pPMmJFc3BOTVh4aGFObHN2VVp6Q0VtYUswQ3NoTnVwbmdlT2x2XzJ6MUtuMWJKM3B0Q0hJSTZRbEZwVzhPWlc4Yl9Cby0xczR0M0h6ZzNwUFRPWTkyc1EtVTB0RWZwVWtyUGhyc2otOW82YUI0dXVtMjZFUHRYVE9MaHdvck9aYV9Qbktndmo4Q1pJNnNBZjZIN3hsa1VNc0Ixdi1TODV6Z0E?oc=5"" target=""_blank"">Customs cracks tiger poaching case, 6 arrested for selling skin</a>&nbsp;&nbsp;<font color=""#6f6f6f"">The Times of India</font>",https://news.google.com/rss/articles/CBMiugFBVV95cUxNbzRoODlhOE84TlA2MjgwdjNGUl9VajJLSXBZWkF3cTV0ajZYTFVBd0dEVjJla0o0NTJNRkdEcFlOdmlEbEpYdW4wNmlra1dIam4zOXZ6N0JrTHBDSkM4LW5OZEVyME0zR1VNN2F5WW9UVXgwRTVCY3hHUDNaV1M4bGtyQmI1b0VJNTc1Q181RDg2OXhwbFQzN2RlN1lzS2J6LWFvRGxONmNiZl9RYjI1bGFnOWd0NjNQcXfSAb8BQVVfeXFMTkZOU2MxUjFrU3BXbzB6SXF4M2pLU3pPMmJFc3BOTVh4aGFObHN2VVp6Q0VtYUswQ3NoTnVwbmdlT2x2XzJ6MUtuMWJKM3B0Q0hJSTZRbEZwVzhPWlc4Yl9Cby0xczR0M0h6ZzNwUFRPWTkyc1EtVTB0RWZwVWtyUGhyc2otOW82YUI0dXVtMjZFUHRYVE9MaHdvck9aYV9Qbktndmo4Q1pJNnNBZjZIN3hsa1VNc0Ixdi1TODV6Z0E?oc=5,india,['india'],[],Poaching,89.57,56.55,0,0,74.75,HIGH,UNIQUE,POA-IND-20260511,-3726178291600358758
WCI-D8BC5977,2026-05-11 09:14:46.653536,en,Pangolin smuggling to China thrives as rhino poaching declines in Assam - Mongabay-India,"<a href=""https://news.google.com/rss/articles/CBMiqwFBVV95cUxQbnZ5Q2JIZVJQTU81Q3hsVENheVB4NWtRTkRlTnJZMWdrelQxQjVDdUlxQjBBakx6aFlrZXVQZUZ0bVdOaVlIUTBaNU9uZjExaU5Ic1JCSUU0SEY3TUVVdGhpbXlPOXUwWGtsV0d4NUxaMXNSQzVXLURuR0RzNmlXVFpBSmtsdVYwMlZ3UmZ6eXloaWZVS0x0czU0Z1hXMnVZMkRUeU1XYnU2Z2M?oc=5"" target=""_blank"">Pangolin smuggling to China thrives as rhino poaching declines in Assam</a>&nbsp;&nbsp;<font color=""#6f6f6f"">Mongabay-India</font>",https://news.google.com/rss/articles/CBMiqwFBVV95cUxQbnZ5Q2JIZVJQTU81Q3hsVENheVB4NWtRTkRlTnJZMWdrelQxQjVDdUlxQjBBakx6aFlrZXVQZUZ0bVdOaVlIUTBaNU9uZjExaU5Ic1JCSUU0SEY3TUVVdGhpbXlPOXUwWGtsV0d4NUxaMXNSQzVXLURuR0RzNmlXVFpBSmtsdVYwMlZ3UmZ6eXloaWZVS0x0czU0Z1hXMnVZMkRUeU1XYnU2Z2M?oc=5,pangolin,"['pangolin', 'china', 'india', 'assam']",[],Poaching,70.38,61.17,0,0,66.54,HIGH,UNIQUE,POA-PAN-20260511,-8731573781746395001
WCI-F595A3D2,2026-05-11 09:16:18.316809,en,No decline in tiger trafficking: new report - news - Mongabay,"<a href=""https://news.google.com/rss/articles/CBMigwFBVV95cUxPUEdaVVFhNDJrX1REQ0FObWMwdmFfeUVMMGU0empOYjExYm1YTndWRDhaOHlvdU1HTnBCZHhVUk9nTmZHbWE3QnNjQmNXWWlWaFJxakFnTC1JNU1VYk9sa0kzdmJGVC1PbHZmejVsRnNueVZjMkV4QlJSRF9pakQ4UXU3ONIBiAFBVV95cUxNM1VFU2ZxS0RUWGowZUd3TDlBMnRyakdpUndzY2pjYUlOeVFNMzV0MVFjLS1kTm1qUlZmZmpyUWRIZGQ3dkxMOWZJdUJhS3FQZ2Y3YTBUQ3RyVHZ1TGFfMDEyUUZVZmVWVk9xTlp4OW04M25lcHBWWUZYaERDdnpGMUFES2tpVVFX?oc=5"" target=""_blank"">No decline in tiger trafficking: new report</a>&nbsp;&nbsp;<font color=""#6f6f6f"">news - Mongabay</font>",https://news.google.com/rss/articles/CBMigwFBVV95cUxPUEdaVVFhNDJrX1REQ0FObWMwdmFfeUVMMGU0empOYjExYm1YTndWRDhaOHlvdU1HTnBCZHhVUk9nTmZHbWE3QnNjQmNXWWlWaFJxakFnTC1JNU1VYk9sa0kzdmJGVC1PbHZmejVsRnNueVZjMkV4QlJSRF9pakQ4UXU3ONIBiAFBVV95cUxNM1VFU2ZxS0RUWGowZUd3TDlBMnRyakdpUndzY2pjYUlOeVFNMzV0MVFjLS1kTm1qUlZmZmpyUWRIZGQ3dkxMOWZJdUJhS3FQZ2Y3YTBUQ3RyVHZ1TGFfMDEyUUZVZmVWVk9xTlp4OW04M25lcHBWWUZYaERDdnpGMUFES2tpVVFX?oc=5,Unknown,[],[],Trafficking,75.85,51.08,0,0,62.25,HIGH,UNIQUE,TRA-UNK-20260511,-5832373700560713965
WCI-71A05420,2026-05-11 09:17:16.827892,en,Wildlife Trafficking Racket Busted In Assam's Nagaon; Tiger Parts & Elephant Tusk Seized - G Plus News,"<a href=""https://news.google.com/rss/articles/CBMitgFBVV95cUxOSFJ5X2lsVVdwTk5CRllGSzhGT0xDeDFfamU1QWF6cG9IVGljeEZKSUhvbTdaMkZFOEZLM2RhbjlQNnQ3OVlNVWF5V0VUU0xqNlBvX25CNktSVkU2UGtfcmVRRFJNSDZPbjVNZW9uMERVT3FVZk1uTVJQUVJZUlhSaUpnQmNXVzR3LVljMDRMTkF3YlV0WXlnWURLa3lzdkJaSXBLM1VrSVV5ak5yUmxmNW94U3c3QQ?oc=5"" target=""_blank"">Wildlife Trafficking Racket Busted In Assam's Nagaon; Tiger Parts & Elephant Tusk Seized</a>&nbsp;&nbsp;<font color=""#6f6f6f"">G Plus News</font>",https://news.google.com/rss/articles/CBMitgFBVV95cUxOSFJ5X2lsVVdwTk5CRllGSzhGT0xDeDFfamU1QWF6cG9IVGljeEZKSUhvbTdaMkZFOEZLM2RhbjlQNnQ3OVlNVWF5V0VUU0xqNlBvX25CNktSVkU2UGtfcmVRRFJNSDZPbjVNZW9uMERVT3FVZk1uTVJQUVJZUlhSaUpnQmNXVzR3LVljMDRMTkF3YlV0WXlnWURLa3lzdkJaSXBLM1VrSVV5ak5yUmxmNW94U3c3QQ?oc=5,assam,['assam'],[],Trafficking,76.28,77.77,0,0,88.47,HIGH,UNIQUE,TRA-ASS-20260511,506096902471761450
WCI-493AFC22,2026-05-11 09:19:03.137017,en,"Odisha: Rare melanistic tiger skin seized in Similipal, 12 arrested, main accused absconding - ANI News","<a href=""https://news.google.com/rss/articles/CBMi6AFBVV95cUxNZDZqRERWT3d3OGc4UHFkdFNDUU95bFh6eXNpZnhOSmlhenZBb2oxS2tCNUUyeDlQTk9nRzJVNFUxYzJZTEhYT1NjMHlDQjR6M1diV3dFOF9oWERxM0o5WUhtdlZCQmI2NGxiM0ZjYnh1XzFjblBoZmlXd1Z0N1VXdEQtS1VZNmhOYzZVZnlvWFd0T3dDV091MklpYU53MHdiUkd6M19GUTRhOGlPQUd6Qmx4VTNURE5EbVdTajgzeTQ0QnMzMUFOalhZM2RqZncwM2N0MkNBR2pSZzdSRTdxRGk5c3BkZUVk?oc=5"" target=""_blank"">Odisha: Rare melanistic tiger skin seized in Similipal, 12 arrested, main accused absconding</a>&nbsp;&nbsp;<font color=""#6f6f6f"">ANI News</font>",https://news.google.com/rss/articles/CBMi6AFBVV95cUxNZDZqRERWT3d3OGc4UHFkdFNDUU95bFh6eXNpZnhOSmlhenZBb2oxS2tCNUUyeDlQTk9nRzJVNFUxYzJZTEhYT1NjMHlDQjR6M1diV3dFOF9oWERxM0o5WUhtdlZCQmI2NGxiM0ZjYnh1XzFjblBoZmlXd1Z0N1VXdEQtS1VZNmhOYzZVZnlvWFd0T3dDV091MklpYU53MHdiUkd6M19GUTRhOGlPQUd6Qmx4VTNURE5EbVdTajgzeTQ0QnMzMUFOalhZM2RqZncwM2N0MkNBR2pSZzdSRTdxRGk5c3BkZUVk?oc=5,odisha,['odisha'],[],Wildlife Crime,76.93,52.62,0,0,67.25,HIGH,UNIQUE,WIL-ODI-20260511,-8047944455994667614
WCI-E9CD24D2,2026-05-11 09:19:31.543194,en,Odisha loses another melanistic tiger to poaching; nine arrested - Business Standard,"<a href=""https://news.google.com/rss/articles/CBMizgFBVV95cUxNWVphMGVVR1lWMHN3dW1xTkJlZ0d0bEZoWEhqXzhDU1hISjRXV2FLbUlaaTY1M0pRLXhOSVhyTHZSYUxZQ3cwQUR0WlNMUXV0LUlDMHBHbzBjd0h4QVU2UXRxZHMyZkpmZ09Damk5bW1USWdlQ2dneGlvOTk2cDVkdWlFQXA1T19OQ3NEdS1ZWWNaNTFqSUtWdVVsVFRKOFlUNmMyZVFlMC1Kek9Ka1pHci16cTZ4OC1HMTFZQ09pVXJFVmhDMFhiUkFTQ01SZ9IB0wFBVV95cUxPbVFrdzUxbDU4SGxzZTQyeEpVLXNSelZEUVd1cWE0SWRxUGJ2Q19CVjdRRFdpR25Uc1h4cjlPOS1rbWoyU0t2ZlhiblpyRFNmckc1VTQ4dXp4LUUxZ3lfaHM3dVdJNmxMaE54SnB1akhiVFp6RUlUYjNCcTMzY0RlTjRRLUhHOVIwUEdsbWgtWld5OEQxM0dRMTZBZDZWMGh0a18tNHJ4VGhaMGIxMVFFblMwV3NFN3AwLW1QczJrbEIyM3hVZ0NKYlNhSl92bVJWUWVr?oc=5"" target=""_blank"">Odisha loses another melanistic tiger to poaching; nine arrested</a>&nbsp;&nbsp;<font color=""#6f6f6f"">Business Standard</font>",https://news.google.com/rss/articles/CBMizgFBVV95cUxNWVphMGVVR1lWMHN3dW1xTkJlZ0d0bEZoWEhqXzhDU1hISjRXV2FLbUlaaTY1M0pRLXhOSVhyTHZSYUxZQ3cwQUR0WlNMUXV0LUlDMHBHbzBjd0h4QVU2UXRxZHMyZkpmZ09Damk5bW1USWdlQ2dneGlvOTk2cDVkdWlFQXA1T19OQ3NEdS1ZWWNaNTFqSUtWdVVsVFRKOFlUNmMyZVFlMC1Kek9Ka1pHci16cTZ4OC1HMTFZQ09pVXJFVmhDMFhiUkFTQ01SZ9IB0wFBVV95cUxPbVFrdzUxbDU4SGxzZTQyeEpVLXNSelZEUVd1cWE0SWRxUGJ2Q19CVjdRRFdpR25Uc1h4cjlPOS1rbWoyU0t2ZlhiblpyRFNmckc1VTQ4dXp4LUUxZ3lfaHM3dVdJNmxMaE54SnB1akhiVFp6RUlUYjNCcTMzY0RlTjRRLUhHOVIwUEdsbWgtWld5OEQxM0dRMTZBZDZWMGh0a18tNHJ4VGhaMGIxMVFFblMwV3NFN3AwLW1QczJrbEIyM3hVZ0NKYlNhSl92bVJWUWVr?oc=5,odisha,['odisha'],[],Poaching,82.98,39.54,0,0,66.35,HIGH,UNIQUE,POA-ODI-20260511,-3232792278106395115
WCI-EBB1E265,2026-05-11 09:20:09.016586,en,"Tiger Skins, Claws Seized from Gujarat Temple in Major Probe - Deccan Herald","<a href=""https://news.google.com/rss/articles/CBMisAFBVV95cUxOLW05ZWRybUFhS3J0eUhjSnJrUGZpZ0VjaUhKT3NBaWl6dkJDTVF6cUdKRjU2aGxjYkNXVC1IUnBwY1lTM0gtenNqSU4yVGZRTF9fNkFPcE14NHc1R0k4b0xydU5aMHRRQ2FSU1FQdzBBQ3VhM29tcVB0YkE2dDhPNHN0dUZiMmpodGZxSnZ3TnBBSzJYX1p4Ynh4STc2ZEJFVnpwVElpakc4c0pDWTRfMg?oc=5"" target=""_blank"">Tiger Skins, Claws Seized from Gujarat Temple in Major Probe</a>&nbsp;&nbsp;<font color=""#6f6f6f"">Deccan Herald</font>",https://news.google.com/rss/articles/CBMisAFBVV95cUxOLW05ZWRybUFhS3J0eUhjSnJrUGZpZ0VjaUhKT3NBaWl6dkJDTVF6cUdKRjU2aGxjYkNXVC1IUnBwY1lTM0gtenNqSU4yVGZRTF9fNkFPcE14NHc1R0k4b0xydU5aMHRRQ2FSU1FQdzBBQ3VhM29tcVB0YkE2dDhPNHN0dUZiMmpodGZxSnZ3TnBBSzJYX1p4Ynh4STc2ZEJFVnpwVElpakc4c0pDWTRfMg?oc=5,gujarat,['gujarat'],[],Wildlife Crime,70.97,54.6,0,0,60.86,HIGH,UNIQUE,WIL-GUJ-20260511,2031479244174200789
WCI-354E794E,2026-05-11 09:20:34.808509,en,Gujarat: Forest officials seize over 40 suspected tiger skins and 133 nails in Narmada - ThePrint,"<a href=""https://news.google.com/rss/articles/CBMivAFBVV95cUxNSkN3akxhUW52ZEtibVFWRXd5ZXNtVk1HdFRnaFFXNGYzbDRoUnIzVjRBNXI4eW5hekNmdU5EZV9IUzBJOFlybUNTbnRHdTJVZExydi11ZndzV1lIODNoM1VZZllXSTlrbGVzMkNkencwWjByMDdpeF8zYnpGeGFMQW5FVWYzakFmTW5lRDBWaHFXc1ZlRzJqRWhUUGNPZWgtUGRyWTRETDlLd0VPNk5TVF9aTkIxM2FNdXdCQdIBwgFBVV95cUxQRUZQWllpSVlLcm0yNGl6QkhNekgteEhNdDEtazlrRzBqNFAxcG5wOHd2eG9oREZ1bXBRb3MzYnBTUE53WHo1eGpzUzNsZk9hVDJqcEdsSUJObUZCV3dndGhDWGNtUnVJWEx6RFZDaUozS0pvMzlOLTJudlN4Tm5kckhrenVKRTE4bk9NRWVIdGFpZEE5YV9kVTNzQ0c2UVZoRXFTSXVEWXR0SnFqbXg1WXFMYVFPQ2VzWEtWRUlQckU4Zw?oc=5"" target=""_blank"">Gujarat: Forest officials seize over 40 suspected tiger skins and 133 nails in Narmada</a>&nbsp;&nbsp;<font color=""#6f6f6f"">ThePrint</font>",https://news.google.com/rss/articles/CBMivAFBVV95cUxNSkN3akxhUW52ZEtibVFWRXd5ZXNtVk1HdFRnaFFXNGYzbDRoUnIzVjRBNXI4eW5hekNmdU5EZV9IUzBJOFlybUNTbnRHdTJVZExydi11ZndzV1lIODNoM1VZZllXSTlrbGVzMkNkencwWjByMDdpeF8zYnpGeGFMQW5FVWYzakFmTW5lRDBWaHFXc1ZlRzJqRWhUUGNPZWgtUGRyWTRETDlLd0VPNk5TVF9aTkIxM2FNdXdCQdIBwgFBVV95cUxQRUZQWllpSVlLcm0yNGl6QkhNekgteEhNdDEtazlrRzBqNFAxcG5wOHd2eG9oREZ1bXBRb3MzYnBTUE53WHo1eGpzUzNsZk9hVDJqcEdsSUJObUZCV3dndGhDWGNtUnVJWEx6RFZDaUozS0pvMzlOLTJudlN4Tm5kckhrenVKRTE4bk9NRWVIdGFpZEE5YV9kVTNzQ0c2UVZoRXFTSXVEWXR0SnFqbXg1WXFMYVFPQ2VzWEtWRUlQckU4Zw?oc=5,gujarat,"['gujarat', 'gujarat: forest officials seize over suspected tiger skins and nails in narmada theprint gujarat: forest officials seize over suspected tiger skins and nails in narmada nbsp; theprint']",[],Wildlife Crime,72.11,53.37,0,0,62.07,HIGH,UNIQUE,WIL-GUJ-20260511,2392457255732075804
WCI-127E6EB9,2026-05-11 09:21:05.427399,en,"Arms store owner arrested in Jaipur; tiger hide, rifle, 285 cartridges seized - The Statesman","<a href=""https://news.google.com/rss/articles/CBMiwwFBVV95cUxPRTJPeWlXbzM5dlVnV1FhY0c3VDNfMXJuOE9sTV91cFNtVEJOME9odDMwTkxHampyR0dOaE1YZ1lCb1ZxSWdyQjZ6emtQbTFrU0Q2VHRhNTRYNjh4akhGNEZBMjBwdlZvMzlBZ3JXQjVuLXRQcU9CX3lDWEhhZVZaWU4tcTVHZUM3cUZsS1pDSzdNdkozXzRMMzJwODBNbVVYTU1FZjhDUmZ3b05Cd1FwdGRubDFETTZMUHltb2hNTWtiejjSAcgBQVVfeXFMTWwzbmE5UldqSGxHdWVuNFkzMkllLVZ6VkZQcFJiamdpUmlyRXNWd0JNRjZ1dGlNS1I5QVU1VFpkT2ZsbmpYRk83UndlUGlfRERrZk5PVGhrLXl2WWoxaUphcUlTVzRTQ00tR05VQnpNU1R4bUFKVUdGYjRBNDRhaE9zLUlFUzU2RW5qc3hjdnUxTHUzREVFVFRUQ0pxcm9jZzUtLXktUzlCMlZNX3FacGRLc3VmTTY1UFVqVjhpM0lhdmdzeExwaGI?oc=5"" target=""_blank"">Arms store owner arrested in Jaipur; tiger hide, rifle, 285 cartridges seized</a>&nbsp;&nbsp;<font color=""#6f6f6f"">The Statesman</font>",https://news.google.com/rss/articles/CBMiwwFBVV95cUxPRTJPeWlXbzM5dlVnV1FhY0c3VDNfMXJuOE9sTV91cFNtVEJOME9odDMwTkxHampyR0dOaE1YZ1lCb1ZxSWdyQjZ6emtQbTFrU0Q2VHRhNTRYNjh4akhGNEZBMjBwdlZvMzlBZ3JXQjVuLXRQcU9CX3lDWEhhZVZaWU4tcTVHZUM3cUZsS1pDSzdNdkozXzRMMzJwODBNbVVYTU1FZjhDUmZ3b05Cd1FwdGRubDFETTZMUHltb2hNTWtiejjSAcgBQVVfeXFMTWwzbmE5UldqSGxHdWVuNFkzMkllLVZ6VkZQcFJiamdpUmlyRXNWd0JNRjZ1dGlNS1I5QVU1VFpkT2ZsbmpYRk83UndlUGlfRERrZk5PVGhrLXl2WWoxaUphcUlTVzRTQ00tR05VQnpNU1R4bUFKVUdGYjRBNDRhaE9zLUlFUzU2RW5qc3hjdnUxTHUzREVFVFRUQ0pxcm9jZzUtLXktUzlCMlZNX3FacGRLc3VmTTY1UFVqVjhpM0lhdmdzeExwaGI?oc=5,jaipur,['jaipur'],[],Wildlife Crime,82.83,52.03,0,0,70.02,HIGH,UNIQUE,WIL-JAI-20260511,-4917610606944119439
WCI-8C59E493,2026-05-11 09:23:11.954351,en,"Tiger's skin, teeth and nails seized from Bangla border - Telegraph India","<a href=""https://news.google.com/rss/articles/CBMirAFBVV95cUxPVDllVE5XMFdLdnMzSFF3MkFjWHBqTUtJc0NNTFA0WHJScFVBSENBbEdMNER5dGRxbTFyakI3R3p0VU8wMGZScEIzbEE3amZaX0FqMUhWemhLaEEyUTdBRnhRTG1LWG9ia0NvNGZoXzZlMmwzYVpWNHE1bEZPMjJQSlRIM1BNRkFtZGZZdnVuX0R4YmQzUVpQOHRZRWtpZUNCNDMtWVpYNnBnaGpm0gGyAUFVX3lxTFA1UXlORUVZUUhUY0VWQ2NiWl9lWUQwOUhYTUhsVm9vT2pOUWZpSmdmNXFLNjlDalZ6Q1FsRVdINmNlT2VWckNhdm53UHJZNWVvOXNWVjRsNzh4Q2FJRFVjajZwNV9aWnpVSExmQlY5NmgzOFdYcXlxU1h2eGdpU0dONVdYSllpQzRUdFZpZXZIQ0ExSURTLXExMFNMd1FJZUZOdi0wQUN4aUFYVkZoUmZ1TEE?oc=5"" target=""_blank"">Tiger's skin, teeth and nails seized from Bangla border</a>&nbsp;&nbsp;<font color=""#6f6f6f"">Telegraph India</font>",https://news.google.com/rss/articles/CBMirAFBVV95cUxPVDllVE5XMFdLdnMzSFF3MkFjWHBqTUtJc0NNTFA0WHJScFVBSENBbEdMNER5dGRxbTFyakI3R3p0VU8wMGZScEIzbEE3amZaX0FqMUhWemhLaEEyUTdBRnhRTG1LWG9ia0NvNGZoXzZlMmwzYVpWNHE1bEZPMjJQSlRIM1BNRkFtZGZZdnVuX0R4YmQzUVpQOHRZRWtpZUNCNDMtWVpYNnBnaGpm0gGyAUFVX3lxTFA1UXlORUVZUUhUY0VWQ2NiWl9lWUQwOUhYTUhsVm9vT2pOUWZpSmdmNXFLNjlDalZ6Q1FsRVdINmNlT2VWckNhdm53UHJZNWVvOXNWVjRsNzh4Q2FJRFVjajZwNV9aWnpVSExmQlY5NmgzOFdYcXlxU1h2eGdpU0dONVdYSllpQzRUdFZpZXZIQ0ExSURTLXExMFNMd1FJZUZOdi0wQUN4aUFYVkZoUmZ1TEE?oc=5,india,['india'],[],Wildlife Crime,72.53,52.87,0,0,61.13,HIGH,UNIQUE,WIL-IND-20260511,554457824039693602
WCI-86C31D3A,2026-05-11 09:23:46.090978,en,Hide of Royal Bengal Tiger seized in the buffer zone of Odisha’s famed Similipal Tiger Reserve - The Hindu,"<a href=""https://news.google.com/rss/articles/CBMi-AFBVV95cUxNaDcxdDJiNkRyTTEwU0hZWHg1VEQ0ZzdZSFNXRUlvS3Y2SGdxLTBxa0JCdC1sTVNRU0c1cWNNZWpHSThDS0duZ2VHYnZ6a1Z4SDFGSkpYSW1LVF9HSEhaRW9ibEJERWdWRjZvN0lvb2dsWXcwOVpxYlRmNmpockowblNRdzFxQlMyWHA1ZDNDV2hkbnc3Tzg0SnFPZnByeW9meGxIRVJwX0Nrd0tBNXVmSG8xTG9mUHFXTy1saTZKeDVXM0xCX190TEQ4OFVOVkRQajluWEtsREZyR3ctTEJ0bERCQW9RdGRqREJ6cW01V0tVYzdNWnl3WNIB_wFBVV95cUxNMldJUXoxaXRyNkItdU4yRDVUaGstd2l5QWVLNU9KRjdPWDl4YnU0bV9xQmdERER0aTd4Mk9xUGozeDdEZlhKQXNoWlFGYl82YU5UNmdmYzRZSXRZd3BrcG5iOFBlN19YYmgzczU2bjVLTXUtSVdzRHNlaXA2WTB3bVZPM3c2MUNNVWMzS2dHWFlMTlBxcy1NcGg3TE1JUGtWMms1Q0IxXzdIMWtWU0xZTXZtbUctSkRVS0VTUmpBUHcySDZkVVFkTFlRUUNFaWwyRk9XZ1J3am53aWVVZ3ZvYVlWWXlnRGNoajdXUmNVX2xnLW1KUVZXN1h5Sk80Zzg?oc=5"" target=""_blank"">Hide of Royal Bengal Tiger seized in the buffer zone of Odisha’s famed Similipal Tiger Reserve</a>&nbsp;&nbsp;<font color=""#6f6f6f"">The Hindu</font>",https://news.google.com/rss/articles/CBMi-AFBVV95cUxNaDcxdDJiNkRyTTEwU0hZWHg1VEQ0ZzdZSFNXRUlvS3Y2SGdxLTBxa0JCdC1sTVNRU0c1cWNNZWpHSThDS0duZ2VHYnZ6a1Z4SDFGSkpYSW1LVF9HSEhaRW9ibEJERWdWRjZvN0lvb2dsWXcwOVpxYlRmNmpockowblNRdzFxQlMyWHA1ZDNDV2hkbnc3Tzg0SnFPZnByeW9meGxIRVJwX0Nrd0tBNXVmSG8xTG9mUHFXTy1saTZKeDVXM0xCX190TEQ4OFVOVkRQajluWEtsREZyR3ctTEJ0bERCQW9RdGRqREJ6cW01V0tVYzdNWnl3WNIB_wFBVV95cUxNMldJUXoxaXRyNkItdU4yRDVUaGstd2l5QWVLNU9KRjdPWDl4YnU0bV9xQmdERER0aTd4Mk9xUGozeDdEZlhKQXNoWlFGYl82YU5UNmdmYzRZSXRZd3BrcG5iOFBlN19YYmgzczU2bjVLTXUtSVdzRHNlaXA2WTB3bVZPM3c2MUNNVWMzS2dHWFlMTlBxcy1NcGg3TE1JUGtWMms1Q0IxXzdIMWtWU0xZTXZtbUctSkRVS0VTUmpBUHcySDZkVVFkTFlRUUNFaWwyRk9XZ1J3am53aWVVZ3ZvYVlWWXlnRGNoajdXUmNVX2xnLW1KUVZXN1h5Sk80Zzg?oc=5,odisha,"['odisha', 'hide of royal bengal tiger seized in the buffer zone of odisha famed similipal tiger reserve hide of royal bengal tiger seized in the buffer zone of odisha famed similipal tiger reserve nbsp; the hindu']",[],Wildlife Crime,94.39,47.93,0,0,70.57,HIGH,UNIQUE,WIL-ODI-20260511,-6431565908784825989
WCI-8A6038FA,2026-05-11 09:25:12.057273,en,Maharashtra: Six detained after tiger skin seized in Jalgaon - Mid-day,"<a href=""https://news.google.com/rss/articles/CBMitwFBVV95cUxQVEVBUDlUTFgxanpMWFJ1WXc1TngwM19YN29RVDhtVTRaOUJ1OW9OM0h0WXZaa25nMndXdWtMdmFUZ3RfOE1SOHhXNU9oeUloUnpCeUhVN0FRWEtsNzB5a3pvaDNyWUlXb19aU3VFT0k3WFgxUTFLemJ5TFM0U1FaUF9WNDVzdDg3dkJpMUJEOHBXb0wxdm4tQVBOc2lJTTZTQTRUM2pFV2VRaGo0MC1ZQlZqOVA3WEHSAbwBQVVfeXFMUDhlbzhLbGt5cG5hRFI3RkkwZTAtZzRzVUJqeExjTkQ3c04tVWQxc2FHOW1HSjY1b3NjZnc4Z2FwcHlVN3JLaW1VMUlKbFFWUGlyNk9GcEIyVFRvbTdsUE9wTGRNRnJGNWMzUTl5TmlCS3VCb2o5ckJ3SWxJVHdfZXVhTVk0Zl84ZE9fUV93RW15Rk1PVzRDZHNZOUFpdEoxdHg1VHJxTTgzSEtOQm9LVmpMN3JqU2l2Q1F3ZGY?oc=5"" target=""_blank"">Maharashtra: Six detained after tiger skin seized in Jalgaon</a>&nbsp;&nbsp;<font color=""#6f6f6f"">Mid-day</font>",https://news.google.com/rss/articles/CBMitwFBVV95cUxQVEVBUDlUTFgxanpMWFJ1WXc1TngwM19YN29RVDhtVTRaOUJ1OW9OM0h0WXZaa25nMndXdWtMdmFUZ3RfOE1SOHhXNU9oeUloUnpCeUhVN0FRWEtsNzB5a3pvaDNyWUlXb19aU3VFT0k3WFgxUTFLemJ5TFM0U1FaUF9WNDVzdDg3dkJpMUJEOHBXb0wxdm4tQVBOc2lJTTZTQTRUM2pFV2VRaGo0MC1ZQlZqOVA3WEHSAbwBQVVfeXFMUDhlbzhLbGt5cG5hRFI3RkkwZTAtZzRzVUJqeExjTkQ3c04tVWQxc2FHOW1HSjY1b3NjZnc4Z2FwcHlVN3JLaW1VMUlKbFFWUGlyNk9GcEIyVFRvbTdsUE9wTGRNRnJGNWMzUTl5TmlCS3VCb2o5ckJ3SWxJVHdfZXVhTVk0Zl84ZE9fUV93RW15Rk1PVzRDZHNZOUFpdEoxdHg1VHJxTTgzSEtOQm9LVmpMN3JqU2l2Q1F3ZGY?oc=5,jalgaon,"['jalgaon', 'maharashtra']",[],Wildlife Crime,74.22,54.52,0,0,66.47,HIGH,UNIQUE,WIL-JAL-20260511,1050207263632530113
WCI-6A124909,2026-05-11 09:29:35.392401,en,"Inter-state Wildlife Crime Syndicate Dismantled, Female Smuggler Arrested For First Time - ETV Bharat","<a href=""https://news.google.com/rss/articles/CBMizgFBVV95cUxPR2FBNUxZLWhPdE9uNFg3U1l0OVJyeDhocUwwSEtPZFRlSXROTEJ6U2tRd2x0XzZUZm5qMG1KclAyWnlfZ3BmUTQzamtpOVB2SFlqaHUxbTZKNl91VGo5cV9hdTFuYUcxRzZqcFVLYUw4TUJXR1A0Q3huTEtxQ0twdmJwS0VPeGd3X3YzOVMyTHJmd05JMHNDRnFxbDdGREZnVi0tNzdnMXVmbmhJT2s4eHl4Q3ZlZmxPTmtDSmQ0WHR5MExISlNmWmVIR0NBQQ?oc=5"" target=""_blank"">Inter-state Wildlife Crime Syndicate Dismantled, Female Smuggler Arrested For First Time</a>&nbsp;&nbsp;<font color=""#6f6f6f"">ETV Bharat</font>",https://news.google.com/rss/articles/CBMizgFBVV95cUxPR2FBNUxZLWhPdE9uNFg3U1l0OVJyeDhocUwwSEtPZFRlSXROTEJ6U2tRd2x0XzZUZm5qMG1KclAyWnlfZ3BmUTQzamtpOVB2SFlqaHUxbTZKNl91VGo5cV9hdTFuYUcxRzZqcFVLYUw4TUJXR1A0Q3huTEtxQ0twdmJwS0VPeGd3X3YzOVMyTHJmd05JMHNDRnFxbDdGREZnVi0tNzdnMXVmbmhJT2s4eHl4Q3ZlZmxPTmtDSmQ0WHR5MExISlNmWmVIR0NBQQ?oc=5,Unknown,[],[],Wildlife Crime,63.27,59.49,0,0,66.48,HIGH,UNIQUE,WIL-UNK-20260511,-6866778621347032967
WCI-9B6D4686,2026-05-11 09:46:34.395652,en-IN,First CBI Prosecuted Wildlife Crime Case in India - usthadian.com,"<a href=""https://news.google.com/rss/articles/CBMiggFBVV95cUxOT3MwV3FFakE1cV83QmtlaXJqb3BCS2NKVjNjaUVWT3ZPS0NzQml2VjlkV1RGZldocUhjQzBldjAwT0t5TG0wYkVqY3diOWxaOUE3MDk3ZVJndmNIX2ZSb2d1eEE2R0dqWU5KbVV1bXZZMzRzTGV4cUlCaDd3ZnJyYTh3?oc=5"" target=""_blank"">First CBI Prosecuted Wildlife Crime Case in India</a>&nbsp;&nbsp;<font color=""#6f6f6f"">usthadian.com</font>",https://news.google.com/rss/articles/CBMiggFBVV95cUxOT3MwV3FFakE1cV83QmtlaXJqb3BCS2NKVjNjaUVWT3ZPS0NzQml2VjlkV1RGZldocUhjQzBldjAwT0t5TG0wYkVqY3diOWxaOUE3MDk3ZVJndmNIX2ZSb2d1eEE2R0dqWU5KbVV1bXZZMzRzTGV4cUlCaDd3ZnJyYTh3?oc=5,india,['india'],[],Wildlife Crime,62.68,54.66,20,0,51.74,HIGH,UNIQUE,WIL-IND-20260511,7836384114886825338
WCI-D1104CCA,2026-05-11 09:47:14.784698,en-IN,"DRI seizes 16.5 kg pangolin scales, busts inter-state wildlife trafficking syndicate | Mumbai news - Hindustan Times","<a href=""https://news.google.com/rss/articles/CBMi6gFBVV95cUxNZ3M4RWxQalRWLXE1NnZHLUwxQTMtVndNWlVHMzcxOWhoeTMzVmlaWGJaVEhtRm8tejg3Z3EtWXBOMzNwWnR3SlhoRkFuR29feWtTRzFxWlJUNFRqRklHMGgyS0lOQ0lhdG1fa2lCMXVJU3VYU1ZiU2J0YU41UHhmT1AwS3Z3RHEtY0FEYXowM3FoQm9TY3RIMDFoRFhha1g0NFFtUkpjU1RGQ3VFTG1RZUVXN2VZVXVUbExzX3dXUFBfN01CeFoyLVg4ZENVZy1CQkJNQ2RnMktaU1lMaHVrNGpGc1M2dXFUeGfSAe8BQVVfeXFMTWpndG9FdHBRanhfRnMwcm5iYldOSXQyUm5fLWVIMmJtMXBsLTk5c21mMTd3U0ZrTURVcHlvNkVMUlJKaEgyS19HUUU2dnhlQ1ZFU3c0Q3pUNUxpWEhUOEk4d3NYM3BBVkxnaEFlUG5wZU13eF93UXhtdlc2Q3A5ZjlkNEE0aHVEd0tUcUR0cWNJYVJBOUpiWGhCQ0lzNlZZcjlmOER5R1JHRG9MV3VtSEhIblR0T1JibWRKV1ZnNWJrQkdsVnFoMzZDc3V6eUd0M2I5dXFGV0ttaFFFazBZV3BhSUlIb2VxNXNDY0R0Qzg?oc=5"" target=""_blank"">DRI seizes 16.5 kg pangolin scales, busts inter-state wildlife trafficking syndicate | Mumbai news</a>&nbsp;&nbsp;<font color=""#6f6f6f"">Hindustan Times</font>",https://news.google.com/rss/articles/CBMi6gFBVV95cUxNZ3M4RWxQalRWLXE1NnZHLUwxQTMtVndNWlVHMzcxOWhoeTMzVmlaWGJaVEhtRm8tejg3Z3EtWXBOMzNwWnR3SlhoRkFuR29feWtTRzFxWlJUNFRqRklHMGgyS0lOQ0lhdG1fa2lCMXVJU3VYU1ZiU2J0YU41UHhmT1AwS3Z3RHEtY0FEYXowM3FoQm9TY3RIMDFoRFhha1g0NFFtUkpjU1RGQ3VFTG1RZUVXN2VZVXVUbExzX3dXUFBfN01CeFoyLVg4ZENVZy1CQkJNQ2RnMktaU1lMaHVrNGpGc1M2dXFUeGfSAe8BQVVfeXFMTWpndG9FdHBRanhfRnMwcm5iYldOSXQyUm5fLWVIMmJtMXBsLTk5c21mMTd3U0ZrTURVcHlvNkVMUlJKaEgyS19HUUU2dnhlQ1ZFU3c0Q3pUNUxpWEhUOEk4d3NYM3BBVkxnaEFlUG5wZU13eF93UXhtdlc2Q3A5ZjlkNEE0aHVEd0tUcUR0cWNJYVJBOUpiWGhCQ0lzNlZZcjlmOER5R1JHRG9MV3VtSEhIblR0T1JibWRKV1ZnNWJrQkdsVnFoMzZDc3V6eUd0M2I5dXFGV0ttaFFFazBZV3BhSUlIb2VxNXNDY0R0Qzg?oc=5,Unknown,[],[],Trafficking,65.91,70.0,40,0,66.96,HIGH,UNIQUE,TRA-UNK-20260511,1142962882592734407
WCI-587721A3,2026-05-11 09:47:59.940898,en-IN,The cost of cute: how ‘petfluencers’ are driving Asia’s wildlife crime - South China Morning Post,"<a href=""https://news.google.com/rss/articles/CBMi1gFBVV95cUxPQnp5R2VHd1pjWVpHQTZsQ1pvUjFLOHFlMGJTLUhwbVROaXN4M0tvMnRuTy0zd1d3UmxTbGNKb0FKS0ZCLUZsV28zb0dYY1FnZnhCSDJxVThxVWt3QzFOekRsZ0c5UkJhMW9wWHVteHRKeHh1MF96OXh0VEpDN3Rwbm5ZZjFodGRQZGlfWHZvU004YzJlQWt3bkt6SHJ5NmhXWGktdzRXbEJCaUxUblZibExFSVo4cGYyVnMzNnE5QkYtVi1PYTdvMHVaVU5TcnZmQ3A3WjN30gHWAUFVX3lxTE9yd25LcEttX0lqcUJ2NklKQmd5VDlUYVY0eThyT0xNM21EVHpXaU9JVEN1S1Bmck1mT3RfU2h0anRINTJ5UTVtanV3OWludjFsa0RlSUxLOGt2OVRvMjk1bmRLUDdWQnlvcFUxWG4xcWdGd0NXTGVwbDJMWGpFMGhYdWtZYTR2dWVES1BUM0xPd2ZLYm1tcjRRM1hwdkZLbkkxeFA3ZmJQa2p4TmNfYmZKa0hSY3QtaVZjZTdZTS1TS1Via0diRzZHeEJIV1cwU1dLYVlsdFE?oc=5"" target=""_blank"">The cost of cute: how ‘petfluencers’ are driving Asia’s wildlife crime</a>&nbsp;&nbsp;<font color=""#6f6f6f"">South China Morning Post</font>",https://news.google.com/rss/articles/CBMi1gFBVV95cUxPQnp5R2VHd1pjWVpHQTZsQ1pvUjFLOHFlMGJTLUhwbVROaXN4M0tvMnRuTy0zd1d3UmxTbGNKb0FKS0ZCLUZsV28zb0dYY1FnZnhCSDJxVThxVWt3QzFOekRsZ0c5UkJhMW9wWHVteHRKeHh1MF96OXh0VEpDN3Rwbm5ZZjFodGRQZGlfWHZvU004YzJlQWt3bkt6SHJ5NmhXWGktdzRXbEJCaUxUblZibExFSVo4cGYyVnMzNnE5QkYtVi1PYTdvMHVaVU5TcnZmQ3A3WjN30gHWAUFVX3lxTE9yd25LcEttX0lqcUJ2NklKQmd5VDlUYVY0eThyT0xNM21EVHpXaU9JVEN1S1Bmck1mT3RfU2h0anRINTJ5UTVtanV3OWludjFsa0RlSUxLOGt2OVRvMjk1bmRLUDdWQnlvcFUxWG4xcWdGd0NXTGVwbDJMWGpFMGhYdWtZYTR2dWVES1BUM0xPd2ZLYm1tcjRRM1hwdkZLbkkxeFA3ZmJQa2p4TmNfYmZKa0hSY3QtaVZjZTdZTS1TS1Via0diRzZHeEJIV1cwU1dLYVlsdFE?oc=5,asia,['asia'],[],Wildlife Crime,67.45,44.22,20,0,50.99,HIGH,UNIQUE,WIL-ASI-20260511,8271567876149510410
WCI-1EC7FB84,2026-05-11 09:49:02.042034,en-IN,CBI court sends 6 to 2 years in jail for wildlife smuggling - The Times of India,"<a href=""https://news.google.com/rss/articles/CBMizwFBVV95cUxQdzRFX0F2OVZ5ZUpVSEFOOV82YXdaS0pRNGpqR1lDa29iR2F6ak1DNjc1aXdlZGtSWDhPeDdEeDlscXVtMV9ZbDlzZ0VhaWc4Q0lNZGdVS1dLU095YkNtU1RaWGhvckJWUnhUQ0lBQUNPNHdpV0gtbUJPZWlNb0VtYndtSzU0ZnhXeEJqVXZaekZEOVZqVG9sVFJybDBIRlExT2JMS3R1dEhYU3JpNE1PN2JRSlhod0pqTlZ2cFdNQzk0c3B0aW5sLXJIeEhHQUHSAdQBQVVfeXFMUGxNSXhJOXJKekJ3RDJxbDA5MVpVZnZhWDg3RWUwV2ZrcXlPMlA4dWFob09HY05QUURKU1FZZF9jdTd5aHpMdTVpd0dQNThyVVBwVkFSM3ZOSGpyUnRBNU0yc3FDa1JhZjRWX1l1MXdnckNlbXVSYVlxUC10cUZ3ZW9BZ1Z4N1lucGRxTnRzc0c2TXdYX0VBQ3F3NkgwVjF6ejdETTFndF9xTTJfbGFQaEJvQno4QjhlT0lrTWN2eV9tandPNERsY1JGV2ItbG0tSVF3SzQ?oc=5"" target=""_blank"">CBI court sends 6 to 2 years in jail for wildlife smuggling</a>&nbsp;&nbsp;<font color=""#6f6f6f"">The Times of India</font>",https://news.google.com/rss/articles/CBMizwFBVV95cUxQdzRFX0F2OVZ5ZUpVSEFOOV82YXdaS0pRNGpqR1lDa29iR2F6ak1DNjc1aXdlZGtSWDhPeDdEeDlscXVtMV9ZbDlzZ0VhaWc4Q0lNZGdVS1dLU095YkNtU1RaWGhvckJWUnhUQ0lBQUNPNHdpV0gtbUJPZWlNb0VtYndtSzU0ZnhXeEJqVXZaekZEOVZqVG9sVFJybDBIRlExT2JMS3R1dEhYU3JpNE1PN2JRSlhod0pqTlZ2cFdNQzk0c3B0aW5sLXJIeEhHQUHSAdQBQVVfeXFMUGxNSXhJOXJKekJ3RDJxbDA5MVpVZnZhWDg3RWUwV2ZrcXlPMlA4dWFob09HY05QUURKU1FZZF9jdTd5aHpMdTVpd0dQNThyVVBwVkFSM3ZOSGpyUnRBNU0yc3FDa1JhZjRWX1l1MXdnckNlbXVSYVlxUC10cUZ3ZW9BZ1Z4N1lucGRxTnRzc0c2TXdYX0VBQ3F3NkgwVjF6ejdETTFndF9xTTJfbGFQaEJvQno4QjhlT0lrTWN2eV9tandPNERsY1JGV2ItbG0tSVF3SzQ?oc=5,india,['india'],[],Smuggling,63.89,51.1,20,0,51.28,HIGH,UNIQUE,SMU-IND-20260511,8559923192306147170
WCI-E68A159F,2026-05-11 09:49:54.063002,en-IN,Jamshedpur Forest Officials Eye Kolkata Kingpin in Wildlife Smuggling Bust - The Times of India,"<a href=""https://news.google.com/rss/articles/CBMi4gFBVV95cUxNcWtGSDhSbV9ZNE1SVk5TeE9SelI3d1ZXSVE0OWdhdGlSWlhaWmc4bFB2d09qWlhObXlXUGtYcXJiV3lCMFFiU1FRYTEzb2I2ZkhqUlJFdEhTUFVHMmdEZEREV05acnNPM2JZaDV5Tk4wcnZPc245ZHdpTGNYM3NST2dLWEZJZmhDeXFnTkdKYUppVFBiSU5kQS1XWnpjRG9Ga0pXZ2ItRk40a3FWZThsZmMzZXBmSlU3MW9HWWtQNHc5ZDNRaDFpWVA2SnZubmdTSGc2Q05Nai1SRmQyUTNMOS130gHnAUFVX3lxTE9FcjRQZDl3dWNwYUsyLUN2UjFta09PcnU2cVFBTmdoNlgyVXNoRW5qWDVwU1dFQjlPTUVuOUFqNFJFOXZtNTEyU2d6QTI2akxRTXlycFdJLUZyOU5JTl9WRGt0UUxPRkNlb2VqSko3MkVCWC0xZ0duT3RNZjdaV1hlNl9NLWFOSUttdlVTbXI2OXUtR1ljalF6Y3R0N3ktdHY5QndLekdJZllyZFByZWJIU2Mzd1FOU0t0R0haMlVZeUpUdDE0dDV1N00tQzZ0OVZmVksxU3BfVUVFa0FoRDVZOEhzX2F6Yw?oc=5"" target=""_blank"">Jamshedpur Forest Officials Eye Kolkata Kingpin in Wildlife Smuggling Bust</a>&nbsp;&nbsp;<font color=""#6f6f6f"">The Times of India</font>",https://news.google.com/rss/articles/CBMi4gFBVV95cUxNcWtGSDhSbV9ZNE1SVk5TeE9SelI3d1ZXSVE0OWdhdGlSWlhaWmc4bFB2d09qWlhObXlXUGtYcXJiV3lCMFFiU1FRYTEzb2I2ZkhqUlJFdEhTUFVHMmdEZEREV05acnNPM2JZaDV5Tk4wcnZPc245ZHdpTGNYM3NST2dLWEZJZmhDeXFnTkdKYUppVFBiSU5kQS1XWnpjRG9Ga0pXZ2ItRk40a3FWZThsZmMzZXBmSlU3MW9HWWtQNHc5ZDNRaDFpWVA2SnZubmdTSGc2Q05Nai1SRmQyUTNMOS130gHnAUFVX3lxTE9FcjRQZDl3dWNwYUsyLUN2UjFta09PcnU2cVFBTmdoNlgyVXNoRW5qWDVwU1dFQjlPTUVuOUFqNFJFOXZtNTEyU2d6QTI2akxRTXlycFdJLUZyOU5JTl9WRGt0UUxPRkNlb2VqSko3MkVCWC0xZ0duT3RNZjdaV1hlNl9NLWFOSUttdlVTbXI2OXUtR1ljalF6Y3R0N3ktdHY5QndLekdJZllyZFByZWJIU2Mzd1FOU0t0R0haMlVZeUpUdDE0dDV1N00tQzZ0OVZmVksxU3BfVUVFa0FoRDVZOEhzX2F6Yw?oc=5,india,"['india', 'jamshedpur forest officials eye kolkata kingpin in wildlife smuggling bust the times of india jamshedpur forest officials eye kolkata kingpin in wildlife smuggling bust the times of india']",[],Smuggling,66.69,60.19,40,0,59.4,HIGH,UNIQUE,SMU-IND-20260511,3134108694459225557
WCI-317EF2D8,2026-05-11 09:51:06.927650,en-IN,9 jailed for 3 yrs in 4 wildlife crime cases in Alipurduar - The Times of India,"<a href=""https://news.google.com/rss/articles/CBMizgFBVV95cUxNbnB4Qk8zQjl0bFZGUmJzRTRRUnUtZmw4R0ZHRkxGTmRlcVQ4ekhzMTk0R1NiUk1uc3J0ekRpbW5STTNJM29ZRHFBQV9vZkpWbU92QkkydS1pSWdkMTVQcl93YzJwLVlyUXZSWDhrdHFKc1NVdmFVQ09XbG1qWGtpZGFZdlNFVXZjT00zQXhpUVd4eG05VjQ3ekRFRnJDQV9hVlA2bXk3SlBSRTVHRmREVTVSMzRQZ3k3aFRBTDdKVkEwRXF4TDRzWHFaMkY3d9IB0wFBVV95cUxPS3ZGYUpGVHdDeGR5a1ZWcGxsN2xSa0VTc0RzMkh2RkpKYzQxNGo0bks0Vk1jQUxuaUQyeV9ITDk1bUIwWlhwZXFfR3E5a3FJYnZ4Y2dRU1RkZ3lWWngweW1pQXNvMS0yeE9iZDFYNnVvX1pGSHhHM1hORHBxeVB5Q0UwaHJIY20tSkxYR2NfeUdJTi1jSGhJaHF4T1RpX1U0R2hGZDZSbFV0SWZsRkZxcE9TUjczOXFMbnNobkFkZmRCc1Y2Q3dsanhEbGd0cXQ4czhn?oc=5"" target=""_blank"">9 jailed for 3 yrs in 4 wildlife crime cases in Alipurduar</a>&nbsp;&nbsp;<font color=""#6f6f6f"">The Times of India</font>",https://news.google.com/rss/articles/CBMizgFBVV95cUxNbnB4Qk8zQjl0bFZGUmJzRTRRUnUtZmw4R0ZHRkxGTmRlcVQ4ekhzMTk0R1NiUk1uc3J0ekRpbW5STTNJM29ZRHFBQV9vZkpWbU92QkkydS1pSWdkMTVQcl93YzJwLVlyUXZSWDhrdHFKc1NVdmFVQ09XbG1qWGtpZGFZdlNFVXZjT00zQXhpUVd4eG05VjQ3ekRFRnJDQV9hVlA2bXk3SlBSRTVHRmREVTVSMzRQZ3k3aFRBTDdKVkEwRXF4TDRzWHFaMkY3d9IB0wFBVV95cUxPS3ZGYUpGVHdDeGR5a1ZWcGxsN2xSa0VTc0RzMkh2RkpKYzQxNGo0bks0Vk1jQUxuaUQyeV9ITDk1bUIwWlhwZXFfR3E5a3FJYnZ4Y2dRU1RkZ3lWWngweW1pQXNvMS0yeE9iZDFYNnVvX1pGSHhHM1hORHBxeVB5Q0UwaHJIY20tSkxYR2NfeUdJTi1jSGhJaHF4T1RpX1U0R2hGZDZSbFV0SWZsRkZxcE9TUjczOXFMbnNobkFkZmRCc1Y2Q3dsanhEbGd0cXQ4czhn?oc=5,india,['india'],[],Wildlife Crime,65.7,53.16,20,0,52.8,HIGH,UNIQUE,WIL-IND-20260511,-3060543822716433419
WCI-CD579D8A,2026-05-11 11:50:24.551435,en-IN,"DRI seizes 16.5 kg pangolin scales, busts inter-state wildlife trafficking syndicate | Mumbai news - Hindustan Times","<a href=""https://news.google.com/rss/articles/CBMi6gFBVV95cUxNZ3M4RWxQalRWLXE1NnZHLUwxQTMtVndNWlVHMzcxOWhoeTMzVmlaWGJaVEhtRm8tejg3Z3EtWXBOMzNwWnR3SlhoRkFuR29feWtTRzFxWlJUNFRqRklHMGgyS0lOQ0lhdG1fa2lCMXVJU3VYU1ZiU2J0YU41UHhmT1AwS3Z3RHEtY0FEYXowM3FoQm9TY3RIMDFoRFhha1g0NFFtUkpjU1RGQ3VFTG1RZUVXN2VZVXVUbExzX3dXUFBfN01CeFoyLVg4ZENVZy1CQkJNQ2RnMktaU1lMaHVrNGpGc1M2dXFUeGfSAe8BQVVfeXFMTWpndG9FdHBRanhfRnMwcm5iYldOSXQyUm5fLWVIMmJtMXBsLTk5c21mMTd3U0ZrTURVcHlvNkVMUlJKaEgyS19HUUU2dnhlQ1ZFU3c0Q3pUNUxpWEhUOEk4d3NYM3BBVkxnaEFlUG5wZU13eF93UXhtdlc2Q3A5ZjlkNEE0aHVEd0tUcUR0cWNJYVJBOUpiWGhCQ0lzNlZZcjlmOER5R1JHRG9MV3VtSEhIblR0T1JibWRKV1ZnNWJrQkdsVnFoMzZDc3V6eUd0M2I5dXFGV0ttaFFFazBZV3BhSUlIb2VxNXNDY0R0Qzg?oc=5"" target=""_blank"">DRI seizes 16.5 kg pangolin scales, busts inter-state wildlife trafficking syndicate | Mumbai news</a>&nbsp;&nbsp;<font color=""#6f6f6f"">Hindustan Times</font>",https://news.google.com/rss/articles/CBMi6gFBVV95cUxNZ3M4RWxQalRWLXE1NnZHLUwxQTMtVndNWlVHMzcxOWhoeTMzVmlaWGJaVEhtRm8tejg3Z3EtWXBOMzNwWnR3SlhoRkFuR29feWtTRzFxWlJUNFRqRklHMGgyS0lOQ0lhdG1fa2lCMXVJU3VYU1ZiU2J0YU41UHhmT1AwS3Z3RHEtY0FEYXowM3FoQm9TY3RIMDFoRFhha1g0NFFtUkpjU1RGQ3VFTG1RZUVXN2VZVXVUbExzX3dXUFBfN01CeFoyLVg4ZENVZy1CQkJNQ2RnMktaU1lMaHVrNGpGc1M2dXFUeGfSAe8BQVVfeXFMTWpndG9FdHBRanhfRnMwcm5iYldOSXQyUm5fLWVIMmJtMXBsLTk5c21mMTd3U0ZrTURVcHlvNkVMUlJKaEgyS19HUUU2dnhlQ1ZFU3c0Q3pUNUxpWEhUOEk4d3NYM3BBVkxnaEFlUG5wZU13eF93UXhtdlc2Q3A5ZjlkNEE0aHVEd0tUcUR0cWNJYVJBOUpiWGhCQ0lzNlZZcjlmOER5R1JHRG9MV3VtSEhIblR0T1JibWRKV1ZnNWJrQkdsVnFoMzZDc3V6eUd0M2I5dXFGV0ttaFFFazBZV3BhSUlIb2VxNXNDY0R0Qzg?oc=5,Unknown,[],[],Trafficking,65.91,70.0,40,0,66.96,HIGH,UNIQUE,TRA-UNK-20260511,-5590190291857260049
